month,client,product,managed,booked,revenue
2024-01,Client A,Product A,USA,CHN,481998
2024-02,Client A,Product A,USA,CHN,696056
2024-03,Client A,Product A,USA,CHN,791497
2024-04,Client A,Product A,USA,CHN,839723
2024-05,Client A,Product A,USA,CHN,868994
2024-06,Client A,Product A,USA,CHN,1021489
2024-07,Client A,Product A,USA,CHN,904476
2024-08,Client A,Product A,USA,CHN,877460
2024-09,Client A,Product A,USA,CHN,565816
2024-10,Client A,Product A,USA,CHN,598355
2024-11,Client A,Product A,USA,CHN,518827
2024-12,Client A,Product A,USA,CHN,480788
2025-01,Client A,Product A,USA,CHN,520164
2025-02,Client A,Product A,USA,CHN,774212
2025-03,Client A,Product A,USA,CHN,932730
2025-04,Client A,Product A,USA,CHN,1100580
2025-05,Client A,Product A,USA,CHN,1136544
2025-06,Client A,Product A,USA,CHN,1065766
2025-07,Client A,Product A,USA,CHN,1117667
2025-08,Client A,Product A,USA,CHN,857559
2025-09,Client A,Product A,USA,CHN,730105
2025-10,Client A,Product A,USA,CHN,502297
2025-11,Client A,Product A,USA,CHN,444411
2025-12,Client A,Product A,USA,CHN,510985
2026-01,Client A,Product A,USA,CHN,541429
2026-02,Client A,Product A,USA,CHN,727508
2026-03,Client A,Product A,USA,CHN,933317
2026-04,Client A,Product A,USA,CHN,1185113
2026-05,Client A,Product A,USA,CHN,1260495
2026-06,Client A,Product A,USA,CHN,1075638
2024-01,Client A,Product A,USA,NGA,738985
2024-02,Client A,Product A,USA,NGA,569398
2024-03,Client A,Product A,USA,NGA,632247
2024-04,Client A,Product A,USA,NGA,500643
2024-05,Client A,Product A,USA,NGA,579616
2024-06,Client A,Product A,USA,NGA,714683
2024-07,Client A,Product A,USA,NGA,705112
2024-08,Client A,Product A,USA,NGA,708301
2024-09,Client A,Product A,USA,NGA,789760
2024-10,Client A,Product A,USA,NGA,773758
2024-11,Client A,Product A,USA,NGA,914786
2024-12,Client A,Product A,USA,NGA,837563
2025-01,Client A,Product A,USA,NGA,608357
2025-02,Client A,Product A,USA,NGA,704835
2025-03,Client A,Product A,USA,NGA,568529
2025-04,Client A,Product A,USA,NGA,550826
2025-05,Client A,Product A,USA,NGA,545486
2025-06,Client A,Product A,USA,NGA,763490
2025-07,Client A,Product A,USA,NGA,651808
2025-08,Client A,Product A,USA,NGA,840562
2025-09,Client A,Product A,USA,NGA,920153
2025-10,Client A,Product A,USA,NGA,840191
2025-11,Client A,Product A,USA,NGA,914734
2025-12,Client A,Product A,USA,NGA,720808
2026-01,Client A,Product A,USA,NGA,696132
2026-02,Client A,Product A,USA,NGA,742313
2026-03,Client A,Product A,USA,NGA,616527
2026-04,Client A,Product A,USA,NGA,689426
2026-05,Client A,Product A,USA,NGA,735672
2026-06,Client A,Product A,USA,NGA,805921
2024-01,Client A,Product B,USA,NGA,924780
2024-02,Client A,Product B,USA,NGA,1040832
2024-03,Client A,Product B,USA,NGA,1013378
2024-04,Client A,Product B,USA,NGA,755787
2024-05,Client A,Product B,USA,NGA,704616
2024-06,Client A,Product B,USA,NGA,629758
2024-07,Client A,Product B,USA,NGA,524089
2024-08,Client A,Product B,USA,NGA,656452
2024-09,Client A,Product B,USA,NGA,726840
2024-10,Client A,Product B,USA,NGA,869850
2024-11,Client A,Product B,USA,NGA,896030
2024-12,Client A,Product B,USA,NGA,907080
2025-01,Client A,Product B,USA,NGA,1200683
2025-02,Client A,Product B,USA,NGA,1128764
2025-03,Client A,Product B,USA,NGA,1106284
2025-04,Client A,Product B,USA,NGA,809747
2025-05,Client A,Product B,USA,NGA,832155
2025-06,Client A,Product B,USA,NGA,617085
2025-07,Client A,Product B,USA,NGA,596269
2025-08,Client A,Product B,USA,NGA,659224
2025-09,Client A,Product B,USA,NGA,730439
2025-10,Client A,Product B,USA,NGA,909965
2025-11,Client A,Product B,USA,NGA,884733
2025-12,Client A,Product B,USA,NGA,1149575
2026-01,Client A,Product B,USA,NGA,1164414
2026-02,Client A,Product B,USA,NGA,1175731
2026-03,Client A,Product B,USA,NGA,1038541
2026-04,Client A,Product B,USA,NGA,952616
2026-05,Client A,Product B,USA,NGA,731353
2026-06,Client A,Product B,USA,NGA,755143
2024-01,Client A,Product C,USA,AUS,414512
2024-02,Client A,Product C,USA,AUS,371631
2024-03,Client A,Product C,USA,AUS,381506
2024-04,Client A,Product C,USA,AUS,307750
2024-05,Client A,Product C,USA,AUS,335290
2024-06,Client A,Product C,USA,AUS,260789
2024-07,Client A,Product C,USA,AUS,277582
2024-08,Client A,Product C,USA,AUS,328575
2024-09,Client A,Product C,USA,AUS,392336
2024-10,Client A,Product C,USA,AUS,380145
2024-11,Client A,Product C,USA,AUS,493814
2024-12,Client A,Product C,USA,AUS,502201
2025-01,Client A,Product C,USA,AUS,482674
2025-02,Client A,Product C,USA,AUS,560270
2025-03,Client A,Product C,USA,AUS,523774
2025-04,Client A,Product C,USA,AUS,463837
2025-05,Client A,Product C,USA,AUS,398087
2025-06,Client A,Product C,USA,AUS,317349
2025-07,Client A,Product C,USA,AUS,319865
2025-08,Client A,Product C,USA,AUS,347405
2025-09,Client A,Product C,USA,AUS,425381
2025-10,Client A,Product C,USA,AUS,478457
2025-11,Client A,Product C,USA,AUS,573000
2025-12,Client A,Product C,USA,AUS,512473
2026-01,Client A,Product C,USA,AUS,611874
2026-02,Client A,Product C,USA,AUS,522047
2026-03,Client A,Product C,USA,AUS,509787
2026-04,Client A,Product C,USA,AUS,541697
2026-05,Client A,Product C,USA,AUS,444912
2026-06,Client A,Product C,USA,AUS,388039
2024-01,Client A,Product C,USA,LUX,546881
2024-02,Client A,Product C,USA,LUX,532947
2024-03,Client A,Product C,USA,LUX,503185
2024-04,Client A,Product C,USA,LUX,493356
2024-05,Client A,Product C,USA,LUX,513474
2024-06,Client A,Product C,USA,LUX,664297
2024-07,Client A,Product C,USA,LUX,654104
2024-08,Client A,Product C,USA,LUX,850972
2024-09,Client A,Product C,USA,LUX,717194
2024-10,Client A,Product C,USA,LUX,647862
2024-11,Client A,Product C,USA,LUX,680742
2024-12,Client A,Product C,USA,LUX,704302
2025-01,Client A,Product C,USA,LUX,602360
2025-02,Client A,Product C,USA,LUX,534450
2025-03,Client A,Product C,USA,LUX,490922
2025-04,Client A,Product C,USA,LUX,593358
2025-05,Client A,Product C,USA,LUX,538770
2025-06,Client A,Product C,USA,LUX,632482
2025-07,Client A,Product C,USA,LUX,610946
2025-08,Client A,Product C,USA,LUX,640112
2025-09,Client A,Product C,USA,LUX,791535
2025-10,Client A,Product C,USA,LUX,770029
2025-11,Client A,Product C,USA,LUX,589537
2025-12,Client A,Product C,USA,LUX,686126
2026-01,Client A,Product C,USA,LUX,498600
2026-02,Client A,Product C,USA,LUX,463849
2026-03,Client A,Product C,USA,LUX,554675
2026-04,Client A,Product C,USA,LUX,492423
2026-05,Client A,Product C,USA,LUX,578664
2026-06,Client A,Product C,USA,LUX,685051
2024-01,Client A,Product D,USA,BRA,214689
2024-02,Client A,Product D,USA,BRA,202653
2024-03,Client A,Product D,USA,BRA,172652
2024-04,Client A,Product D,USA,BRA,197861
2024-05,Client A,Product D,USA,BRA,223133
2024-06,Client A,Product D,USA,BRA,239731
2024-07,Client A,Product D,USA,BRA,255514
2024-08,Client A,Product D,USA,BRA,237896
2024-09,Client A,Product D,USA,BRA,271639
2024-10,Client A,Product D,USA,BRA,255481
2024-11,Client A,Product D,USA,BRA,249578
2024-12,Client A,Product D,USA,BRA,195144
2025-01,Client A,Product D,USA,BRA,163756
2025-02,Client A,Product D,USA,BRA,162807
2025-03,Client A,Product D,USA,BRA,172803
2025-04,Client A,Product D,USA,BRA,148072
2025-05,Client A,Product D,USA,BRA,161941
2025-06,Client A,Product D,USA,BRA,237808
2025-07,Client A,Product D,USA,BRA,245698
2025-08,Client A,Product D,USA,BRA,238330
2025-09,Client A,Product D,USA,BRA,217918
2025-10,Client A,Product D,USA,BRA,243745
2025-11,Client A,Product D,USA,BRA,245913
2025-12,Client A,Product D,USA,BRA,180613
2026-01,Client A,Product D,USA,BRA,169526
2026-02,Client A,Product D,USA,BRA,140820
2026-03,Client A,Product D,USA,BRA,158045
2026-04,Client A,Product D,USA,BRA,147478
2026-05,Client A,Product D,USA,BRA,164234
2026-06,Client A,Product D,USA,BRA,199864
2024-01,Client A,Product D,USA,IRL,461108
2024-02,Client A,Product D,USA,IRL,450266
2024-03,Client A,Product D,USA,IRL,432474
2024-04,Client A,Product D,USA,IRL,387611
2024-05,Client A,Product D,USA,IRL,245421
2024-06,Client A,Product D,USA,IRL,259341
2024-07,Client A,Product D,USA,IRL,247500
2024-08,Client A,Product D,USA,IRL,276332
2024-09,Client A,Product D,USA,IRL,278045
2024-10,Client A,Product D,USA,IRL,447618
2024-11,Client A,Product D,USA,IRL,457470
2024-12,Client A,Product D,USA,IRL,572517
2025-01,Client A,Product D,USA,IRL,571808
2025-02,Client A,Product D,USA,IRL,445026
2025-03,Client A,Product D,USA,IRL,495597
2025-04,Client A,Product D,USA,IRL,378255
2025-05,Client A,Product D,USA,IRL,322851
2025-06,Client A,Product D,USA,IRL,205840
2025-07,Client A,Product D,USA,IRL,247164
2025-08,Client A,Product D,USA,IRL,290813
2025-09,Client A,Product D,USA,IRL,316901
2025-10,Client A,Product D,USA,IRL,419961
2025-11,Client A,Product D,USA,IRL,441736
2025-12,Client A,Product D,USA,IRL,497609
2026-01,Client A,Product D,USA,IRL,528935
2026-02,Client A,Product D,USA,IRL,558214
2026-03,Client A,Product D,USA,IRL,459844
2026-04,Client A,Product D,USA,IRL,386220
2026-05,Client A,Product D,USA,IRL,326169
2026-06,Client A,Product D,USA,IRL,232735
2024-01,Client A,Product E,USA,BRA,1269650
2024-02,Client A,Product E,USA,BRA,1265827
2024-03,Client A,Product E,USA,BRA,1151162
2024-04,Client A,Product E,USA,BRA,1234296
2024-05,Client A,Product E,USA,BRA,1033800
2024-06,Client A,Product E,USA,BRA,872023
2024-07,Client A,Product E,USA,BRA,810636
2024-08,Client A,Product E,USA,BRA,806882
2024-09,Client A,Product E,USA,BRA,986895
2024-10,Client A,Product E,USA,BRA,1011900
2024-11,Client A,Product E,USA,BRA,1155808
2024-12,Client A,Product E,USA,BRA,1210044
2025-01,Client A,Product E,USA,BRA,1208220
2025-02,Client A,Product E,USA,BRA,1284288
2025-03,Client A,Product E,USA,BRA,1097315
2025-04,Client A,Product E,USA,BRA,982617
2025-05,Client A,Product E,USA,BRA,1069134
2025-06,Client A,Product E,USA,BRA,807002
2025-07,Client A,Product E,USA,BRA,974880
2025-08,Client A,Product E,USA,BRA,979894
2025-09,Client A,Product E,USA,BRA,971425
2025-10,Client A,Product E,USA,BRA,1071534
2025-11,Client A,Product E,USA,BRA,1057172
2025-12,Client A,Product E,USA,BRA,1110634
2026-01,Client A,Product E,USA,BRA,1189452
2026-02,Client A,Product E,USA,BRA,1212778
2026-03,Client A,Product E,USA,BRA,1277108
2026-04,Client A,Product E,USA,BRA,972990
2026-05,Client A,Product E,USA,BRA,1070408
2026-06,Client A,Product E,USA,BRA,973871
2024-01,Client B,Product B,GBR,HKG,296290
2024-02,Client B,Product B,GBR,HKG,408824
2024-03,Client B,Product B,GBR,HKG,414403
2024-04,Client B,Product B,GBR,HKG,512719
2024-05,Client B,Product B,GBR,HKG,534427
2024-06,Client B,Product B,GBR,HKG,425029
2024-07,Client B,Product B,GBR,HKG,354525
2024-08,Client B,Product B,GBR,HKG,301995
2024-09,Client B,Product B,GBR,HKG,273602
2024-10,Client B,Product B,GBR,HKG,211793
2024-11,Client B,Product B,GBR,HKG,236275
2024-12,Client B,Product B,GBR,HKG,305726
2025-01,Client B,Product B,GBR,HKG,400263
2025-02,Client B,Product B,GBR,HKG,473742
2025-03,Client B,Product B,GBR,HKG,504241
2025-04,Client B,Product B,GBR,HKG,615666
2025-05,Client B,Product B,GBR,HKG,569598
2025-06,Client B,Product B,GBR,HKG,489697
2025-07,Client B,Product B,GBR,HKG,476127
2025-08,Client B,Product B,GBR,HKG,374481
2025-09,Client B,Product B,GBR,HKG,318109
2025-10,Client B,Product B,GBR,HKG,283403
2025-11,Client B,Product B,GBR,HKG,269078
2025-12,Client B,Product B,GBR,HKG,272929
2026-01,Client B,Product B,GBR,HKG,356521
2026-02,Client B,Product B,GBR,HKG,464894
2026-03,Client B,Product B,GBR,HKG,539514
2026-04,Client B,Product B,GBR,HKG,639498
2026-05,Client B,Product B,GBR,HKG,664724
2026-06,Client B,Product B,GBR,HKG,572413
2024-01,Client B,Product B,GBR,SWE,340050
2024-02,Client B,Product B,GBR,SWE,426825
2024-03,Client B,Product B,GBR,SWE,425662
2024-04,Client B,Product B,GBR,SWE,329168
2024-05,Client B,Product B,GBR,SWE,345040
2024-06,Client B,Product B,GBR,SWE,315380
2024-07,Client B,Product B,GBR,SWE,293633
2024-08,Client B,Product B,GBR,SWE,320009
2024-09,Client B,Product B,GBR,SWE,278733
2024-10,Client B,Product B,GBR,SWE,314976
2024-11,Client B,Product B,GBR,SWE,338184
2024-12,Client B,Product B,GBR,SWE,412525
2025-01,Client B,Product B,GBR,SWE,387037
2025-02,Client B,Product B,GBR,SWE,453682
2025-03,Client B,Product B,GBR,SWE,355247
2025-04,Client B,Product B,GBR,SWE,354620
2025-05,Client B,Product B,GBR,SWE,371654
2025-06,Client B,Product B,GBR,SWE,312631
2025-07,Client B,Product B,GBR,SWE,343796
2025-08,Client B,Product B,GBR,SWE,269733
2025-09,Client B,Product B,GBR,SWE,346649
2025-10,Client B,Product B,GBR,SWE,321227
2025-11,Client B,Product B,GBR,SWE,327428
2025-12,Client B,Product B,GBR,SWE,346901
2026-01,Client B,Product B,GBR,SWE,408332
2026-02,Client B,Product B,GBR,SWE,467326
2026-03,Client B,Product B,GBR,SWE,453656
2026-04,Client B,Product B,GBR,SWE,373444
2026-05,Client B,Product B,GBR,SWE,347543
2026-06,Client B,Product B,GBR,SWE,366474
2024-01,Client B,Product C,GBR,LUX,521828
2024-02,Client B,Product C,GBR,LUX,547423
2024-03,Client B,Product C,GBR,LUX,656174
2024-04,Client B,Product C,GBR,LUX,695941
2024-05,Client B,Product C,GBR,LUX,590075
2024-06,Client B,Product C,GBR,LUX,520632
2024-07,Client B,Product C,GBR,LUX,502441
2024-08,Client B,Product C,GBR,LUX,414322
2024-09,Client B,Product C,GBR,LUX,490590
2024-10,Client B,Product C,GBR,LUX,461707
2024-11,Client B,Product C,GBR,LUX,466540
2024-12,Client B,Product C,GBR,LUX,447925
2025-01,Client B,Product C,GBR,LUX,516850
2025-02,Client B,Product C,GBR,LUX,550214
2025-03,Client B,Product C,GBR,LUX,581152
2025-04,Client B,Product C,GBR,LUX,633649
2025-05,Client B,Product C,GBR,LUX,528157
2025-06,Client B,Product C,GBR,LUX,560115
2025-07,Client B,Product C,GBR,LUX,442883
2025-08,Client B,Product C,GBR,LUX,377272
2025-09,Client B,Product C,GBR,LUX,369392
2025-10,Client B,Product C,GBR,LUX,382870
2025-11,Client B,Product C,GBR,LUX,406908
2025-12,Client B,Product C,GBR,LUX,380460
2026-01,Client B,Product C,GBR,LUX,451057
2026-02,Client B,Product C,GBR,LUX,458899
2026-03,Client B,Product C,GBR,LUX,541801
2026-04,Client B,Product C,GBR,LUX,470384
2026-05,Client B,Product C,GBR,LUX,538673
2026-06,Client B,Product C,GBR,LUX,442163
2024-01,Client B,Product C,GBR,MLT,600486
2024-02,Client B,Product C,GBR,MLT,584297
2024-03,Client B,Product C,GBR,MLT,478465
2024-04,Client B,Product C,GBR,MLT,462759
2024-05,Client B,Product C,GBR,MLT,306343
2024-06,Client B,Product C,GBR,MLT,313108
2024-07,Client B,Product C,GBR,MLT,317234
2024-08,Client B,Product C,GBR,MLT,418208
2024-09,Client B,Product C,GBR,MLT,545486
2024-10,Client B,Product C,GBR,MLT,579086
2024-11,Client B,Product C,GBR,MLT,663868
2024-12,Client B,Product C,GBR,MLT,684477
2025-01,Client B,Product C,GBR,MLT,686035
2025-02,Client B,Product C,GBR,MLT,674799
2025-03,Client B,Product C,GBR,MLT,454851
2025-04,Client B,Product C,GBR,MLT,406656
2025-05,Client B,Product C,GBR,MLT,289920
2025-06,Client B,Product C,GBR,MLT,253704
2025-07,Client B,Product C,GBR,MLT,323423
2025-08,Client B,Product C,GBR,MLT,398971
2025-09,Client B,Product C,GBR,MLT,439624
2025-10,Client B,Product C,GBR,MLT,617240
2025-11,Client B,Product C,GBR,MLT,688389
2025-12,Client B,Product C,GBR,MLT,694817
2026-01,Client B,Product C,GBR,MLT,670201
2026-02,Client B,Product C,GBR,MLT,648603
2026-03,Client B,Product C,GBR,MLT,412156
2026-04,Client B,Product C,GBR,MLT,425266
2026-05,Client B,Product C,GBR,MLT,301008
2026-06,Client B,Product C,GBR,MLT,282746
2024-01,Client B,Product D,GBR,AUS,304843
2024-02,Client B,Product D,GBR,AUS,427249
2024-03,Client B,Product D,GBR,AUS,416593
2024-04,Client B,Product D,GBR,AUS,438834
2024-05,Client B,Product D,GBR,AUS,458601
2024-06,Client B,Product D,GBR,AUS,485484
2024-07,Client B,Product D,GBR,AUS,373991
2024-08,Client B,Product D,GBR,AUS,384020
2024-09,Client B,Product D,GBR,AUS,312199
2024-10,Client B,Product D,GBR,AUS,279791
2024-11,Client B,Product D,GBR,AUS,225859
2024-12,Client B,Product D,GBR,AUS,267129
2025-01,Client B,Product D,GBR,AUS,291549
2025-02,Client B,Product D,GBR,AUS,379087
2025-03,Client B,Product D,GBR,AUS,452792
2025-04,Client B,Product D,GBR,AUS,515222
2025-05,Client B,Product D,GBR,AUS,482017
2025-06,Client B,Product D,GBR,AUS,494417
2025-07,Client B,Product D,GBR,AUS,360546
2025-08,Client B,Product D,GBR,AUS,295899
2025-09,Client B,Product D,GBR,AUS,292631
2025-10,Client B,Product D,GBR,AUS,270085
2025-11,Client B,Product D,GBR,AUS,255111
2025-12,Client B,Product D,GBR,AUS,243495
2026-01,Client B,Product D,GBR,AUS,280664
2026-02,Client B,Product D,GBR,AUS,306664
2026-03,Client B,Product D,GBR,AUS,376362
2026-04,Client B,Product D,GBR,AUS,371536
2026-05,Client B,Product D,GBR,AUS,447931
2026-06,Client B,Product D,GBR,AUS,426062
2024-01,Client B,Product D,GBR,TUR,535776
2024-02,Client B,Product D,GBR,TUR,619227
2024-03,Client B,Product D,GBR,TUR,681953
2024-04,Client B,Product D,GBR,TUR,695767
2024-05,Client B,Product D,GBR,TUR,619375
2024-06,Client B,Product D,GBR,TUR,610173
2024-07,Client B,Product D,GBR,TUR,661561
2024-08,Client B,Product D,GBR,TUR,517243
2024-09,Client B,Product D,GBR,TUR,541757
2024-10,Client B,Product D,GBR,TUR,467796
2024-11,Client B,Product D,GBR,TUR,556006
2024-12,Client B,Product D,GBR,TUR,501088
2025-01,Client B,Product D,GBR,TUR,667376
2025-02,Client B,Product D,GBR,TUR,617388
2025-03,Client B,Product D,GBR,TUR,655362
2025-04,Client B,Product D,GBR,TUR,716208
2025-05,Client B,Product D,GBR,TUR,816201
2025-06,Client B,Product D,GBR,TUR,729830
2025-07,Client B,Product D,GBR,TUR,597627
2025-08,Client B,Product D,GBR,TUR,511283
2025-09,Client B,Product D,GBR,TUR,494747
2025-10,Client B,Product D,GBR,TUR,468113
2025-11,Client B,Product D,GBR,TUR,490237
2025-12,Client B,Product D,GBR,TUR,607762
2026-01,Client B,Product D,GBR,TUR,668807
2026-02,Client B,Product D,GBR,TUR,777848
2026-03,Client B,Product D,GBR,TUR,836047
2026-04,Client B,Product D,GBR,TUR,759387
2026-05,Client B,Product D,GBR,TUR,744988
2026-06,Client B,Product D,GBR,TUR,693026
2024-01,Client B,Product E,GBR,LUX,424947
2024-02,Client B,Product E,GBR,LUX,468847
2024-03,Client B,Product E,GBR,LUX,469663
2024-04,Client B,Product E,GBR,LUX,684952
2024-05,Client B,Product E,GBR,LUX,717123
2024-06,Client B,Product E,GBR,LUX,725653
2024-07,Client B,Product E,GBR,LUX,717221
2024-08,Client B,Product E,GBR,LUX,665967
2024-09,Client B,Product E,GBR,LUX,675614
2024-10,Client B,Product E,GBR,LUX,629567
2024-11,Client B,Product E,GBR,LUX,451384
2024-12,Client B,Product E,GBR,LUX,492127
2025-01,Client B,Product E,GBR,LUX,393156
2025-02,Client B,Product E,GBR,LUX,470270
2025-03,Client B,Product E,GBR,LUX,544975
2025-04,Client B,Product E,GBR,LUX,560784
2025-05,Client B,Product E,GBR,LUX,745611
2025-06,Client B,Product E,GBR,LUX,742284
2025-07,Client B,Product E,GBR,LUX,655176
2025-08,Client B,Product E,GBR,LUX,758359
2025-09,Client B,Product E,GBR,LUX,570049
2025-10,Client B,Product E,GBR,LUX,572910
2025-11,Client B,Product E,GBR,LUX,512352
2025-12,Client B,Product E,GBR,LUX,458955
2026-01,Client B,Product E,GBR,LUX,494760
2026-02,Client B,Product E,GBR,LUX,427877
2026-03,Client B,Product E,GBR,LUX,499671
2026-04,Client B,Product E,GBR,LUX,609682
2026-05,Client B,Product E,GBR,LUX,737289
2026-06,Client B,Product E,GBR,LUX,638954
2024-01,Client B,Product E,GBR,SGP,659916
2024-02,Client B,Product E,GBR,SGP,760655
2024-03,Client B,Product E,GBR,SGP,805305
2024-04,Client B,Product E,GBR,SGP,767000
2024-05,Client B,Product E,GBR,SGP,626541
2024-06,Client B,Product E,GBR,SGP,588046
2024-07,Client B,Product E,GBR,SGP,477042
2024-08,Client B,Product E,GBR,SGP,467241
2024-09,Client B,Product E,GBR,SGP,460449
2024-10,Client B,Product E,GBR,SGP,456582
2024-11,Client B,Product E,GBR,SGP,637207
2024-12,Client B,Product E,GBR,SGP,769344
2025-01,Client B,Product E,GBR,SGP,925093
2025-02,Client B,Product E,GBR,SGP,951649
2025-03,Client B,Product E,GBR,SGP,920635
2025-04,Client B,Product E,GBR,SGP,970756
2025-05,Client B,Product E,GBR,SGP,749412
2025-06,Client B,Product E,GBR,SGP,578524
2025-07,Client B,Product E,GBR,SGP,574667
2025-08,Client B,Product E,GBR,SGP,456795
2025-09,Client B,Product E,GBR,SGP,558420
2025-10,Client B,Product E,GBR,SGP,533655
2025-11,Client B,Product E,GBR,SGP,765145
2025-12,Client B,Product E,GBR,SGP,867949
2026-01,Client B,Product E,GBR,SGP,1016820
2026-02,Client B,Product E,GBR,SGP,1014797
2026-03,Client B,Product E,GBR,SGP,1116517
2026-04,Client B,Product E,GBR,SGP,1128573
2026-05,Client B,Product E,GBR,SGP,902693
2026-06,Client B,Product E,GBR,SGP,659437
2024-01,Client C,Product A,DEU,LUX,904964
2024-02,Client C,Product A,DEU,LUX,836360
2024-03,Client C,Product A,DEU,LUX,917099
2024-04,Client C,Product A,DEU,LUX,867267
2024-05,Client C,Product A,DEU,LUX,705001
2024-06,Client C,Product A,DEU,LUX,742408
2024-07,Client C,Product A,DEU,LUX,750755
2024-08,Client C,Product A,DEU,LUX,672431
2024-09,Client C,Product A,DEU,LUX,641729
2024-10,Client C,Product A,DEU,LUX,673790
2024-11,Client C,Product A,DEU,LUX,759187
2024-12,Client C,Product A,DEU,LUX,962696
2025-01,Client C,Product A,DEU,LUX,1000152
2025-02,Client C,Product A,DEU,LUX,1022515
2025-03,Client C,Product A,DEU,LUX,955164
2025-04,Client C,Product A,DEU,LUX,909793
2025-05,Client C,Product A,DEU,LUX,742791
2025-06,Client C,Product A,DEU,LUX,707071
2025-07,Client C,Product A,DEU,LUX,725829
2025-08,Client C,Product A,DEU,LUX,806849
2025-09,Client C,Product A,DEU,LUX,864585
2025-10,Client C,Product A,DEU,LUX,778955
2025-11,Client C,Product A,DEU,LUX,807029
2025-12,Client C,Product A,DEU,LUX,967095
2026-01,Client C,Product A,DEU,LUX,1013710
2026-02,Client C,Product A,DEU,LUX,1004388
2026-03,Client C,Product A,DEU,LUX,865167
2026-04,Client C,Product A,DEU,LUX,1028808
2026-05,Client C,Product A,DEU,LUX,862643
2026-06,Client C,Product A,DEU,LUX,884260
2024-01,Client C,Product B,DEU,GBR,359527
2024-02,Client C,Product B,DEU,GBR,403964
2024-03,Client C,Product B,DEU,GBR,318588
2024-04,Client C,Product B,DEU,GBR,279514
2024-05,Client C,Product B,DEU,GBR,227041
2024-06,Client C,Product B,DEU,GBR,201520
2024-07,Client C,Product B,DEU,GBR,186340
2024-08,Client C,Product B,DEU,GBR,205090
2024-09,Client C,Product B,DEU,GBR,292406
2024-10,Client C,Product B,DEU,GBR,336736
2024-11,Client C,Product B,DEU,GBR,353917
2024-12,Client C,Product B,DEU,GBR,417816
2025-01,Client C,Product B,DEU,GBR,500524
2025-02,Client C,Product B,DEU,GBR,436655
2025-03,Client C,Product B,DEU,GBR,435330
2025-04,Client C,Product B,DEU,GBR,308478
2025-05,Client C,Product B,DEU,GBR,318082
2025-06,Client C,Product B,DEU,GBR,220378
2025-07,Client C,Product B,DEU,GBR,256675
2025-08,Client C,Product B,DEU,GBR,223494
2025-09,Client C,Product B,DEU,GBR,289636
2025-10,Client C,Product B,DEU,GBR,363622
2025-11,Client C,Product B,DEU,GBR,494679
2025-12,Client C,Product B,DEU,GBR,584103
2026-01,Client C,Product B,DEU,GBR,504463
2026-02,Client C,Product B,DEU,GBR,499469
2026-03,Client C,Product B,DEU,GBR,470876
2026-04,Client C,Product B,DEU,GBR,394926
2026-05,Client C,Product B,DEU,GBR,314171
2026-06,Client C,Product B,DEU,GBR,299697
2024-01,Client C,Product B,DEU,TUR,776138
2024-02,Client C,Product B,DEU,TUR,595839
2024-03,Client C,Product B,DEU,TUR,464669
2024-04,Client C,Product B,DEU,TUR,357210
2024-05,Client C,Product B,DEU,TUR,393395
2024-06,Client C,Product B,DEU,TUR,382891
2024-07,Client C,Product B,DEU,TUR,563820
2024-08,Client C,Product B,DEU,TUR,637059
2024-09,Client C,Product B,DEU,TUR,901404
2024-10,Client C,Product B,DEU,TUR,936770
2024-11,Client C,Product B,DEU,TUR,1000870
2024-12,Client C,Product B,DEU,TUR,901008
2025-01,Client C,Product B,DEU,TUR,836022
2025-02,Client C,Product B,DEU,TUR,763110
2025-03,Client C,Product B,DEU,TUR,624124
2025-04,Client C,Product B,DEU,TUR,517257
2025-05,Client C,Product B,DEU,TUR,452109
2025-06,Client C,Product B,DEU,TUR,524803
2025-07,Client C,Product B,DEU,TUR,695228
2025-08,Client C,Product B,DEU,TUR,799890
2025-09,Client C,Product B,DEU,TUR,1047188
2025-10,Client C,Product B,DEU,TUR,992568
2025-11,Client C,Product B,DEU,TUR,1124316
2025-12,Client C,Product B,DEU,TUR,1110028
2026-01,Client C,Product B,DEU,TUR,831858
2026-02,Client C,Product B,DEU,TUR,841928
2026-03,Client C,Product B,DEU,TUR,672288
2026-04,Client C,Product B,DEU,TUR,533494
2026-05,Client C,Product B,DEU,TUR,514601
2026-06,Client C,Product B,DEU,TUR,511443
2024-01,Client C,Product C,DEU,AUS,628452
2024-02,Client C,Product C,DEU,AUS,731215
2024-03,Client C,Product C,DEU,AUS,688361
2024-04,Client C,Product C,DEU,AUS,717111
2024-05,Client C,Product C,DEU,AUS,607710
2024-06,Client C,Product C,DEU,AUS,552360
2024-07,Client C,Product C,DEU,AUS,520135
2024-08,Client C,Product C,DEU,AUS,444389
2024-09,Client C,Product C,DEU,AUS,432660
2024-10,Client C,Product C,DEU,AUS,555311
2024-11,Client C,Product C,DEU,AUS,638226
2024-12,Client C,Product C,DEU,AUS,763693
2025-01,Client C,Product C,DEU,AUS,810627
2025-02,Client C,Product C,DEU,AUS,830387
2025-03,Client C,Product C,DEU,AUS,735764
2025-04,Client C,Product C,DEU,AUS,750227
2025-05,Client C,Product C,DEU,AUS,712206
2025-06,Client C,Product C,DEU,AUS,577729
2025-07,Client C,Product C,DEU,AUS,540812
2025-08,Client C,Product C,DEU,AUS,560558
2025-09,Client C,Product C,DEU,AUS,525857
2025-10,Client C,Product C,DEU,AUS,611121
2025-11,Client C,Product C,DEU,AUS,689212
2025-12,Client C,Product C,DEU,AUS,780970
2026-01,Client C,Product C,DEU,AUS,972857
2026-02,Client C,Product C,DEU,AUS,799631
2026-03,Client C,Product C,DEU,AUS,791438
2026-04,Client C,Product C,DEU,AUS,722148
2026-05,Client C,Product C,DEU,AUS,741535
2026-06,Client C,Product C,DEU,AUS,616446
2024-01,Client C,Product E,DEU,QAT,1262850
2024-02,Client C,Product E,DEU,QAT,944025
2024-03,Client C,Product E,DEU,QAT,1026887
2024-04,Client C,Product E,DEU,QAT,754166
2024-05,Client C,Product E,DEU,QAT,642383
2024-06,Client C,Product E,DEU,QAT,802698
2024-07,Client C,Product E,DEU,QAT,865381
2024-08,Client C,Product E,DEU,QAT,1158357
2024-09,Client C,Product E,DEU,QAT,1387264
2024-10,Client C,Product E,DEU,QAT,1471904
2024-11,Client C,Product E,DEU,QAT,1726426
2024-12,Client C,Product E,DEU,QAT,1352672
2025-01,Client C,Product E,DEU,QAT,1379810
2025-02,Client C,Product E,DEU,QAT,1160566
2025-03,Client C,Product E,DEU,QAT,999211
2025-04,Client C,Product E,DEU,QAT,989507
2025-05,Client C,Product E,DEU,QAT,986305
2025-06,Client C,Product E,DEU,QAT,811618
2025-07,Client C,Product E,DEU,QAT,1019516
2025-08,Client C,Product E,DEU,QAT,1462605
2025-09,Client C,Product E,DEU,QAT,1341248
2025-10,Client C,Product E,DEU,QAT,1656799
2025-11,Client C,Product E,DEU,QAT,1940463
2025-12,Client C,Product E,DEU,QAT,1547511
2026-01,Client C,Product E,DEU,QAT,1496351
2026-02,Client C,Product E,DEU,QAT,1304292
2026-03,Client C,Product E,DEU,QAT,1075355
2026-04,Client C,Product E,DEU,QAT,945168
2026-05,Client C,Product E,DEU,QAT,1080849
2026-06,Client C,Product E,DEU,QAT,964778
2024-01,Client D,Product B,IRL,CHE,1083584
2024-02,Client D,Product B,IRL,CHE,1086685
2024-03,Client D,Product B,IRL,CHE,955422
2024-04,Client D,Product B,IRL,CHE,979950
2024-05,Client D,Product B,IRL,CHE,1058093
2024-06,Client D,Product B,IRL,CHE,888340
2024-07,Client D,Product B,IRL,CHE,785556
2024-08,Client D,Product B,IRL,CHE,752483
2024-09,Client D,Product B,IRL,CHE,725298
2024-10,Client D,Product B,IRL,CHE,834589
2024-11,Client D,Product B,IRL,CHE,875609
2024-12,Client D,Product B,IRL,CHE,989552
2025-01,Client D,Product B,IRL,CHE,936822
2025-02,Client D,Product B,IRL,CHE,1018226
2025-03,Client D,Product B,IRL,CHE,1125775
2025-04,Client D,Product B,IRL,CHE,1098286
2025-05,Client D,Product B,IRL,CHE,865873
2025-06,Client D,Product B,IRL,CHE,898237
2025-07,Client D,Product B,IRL,CHE,721170
2025-08,Client D,Product B,IRL,CHE,765760
2025-09,Client D,Product B,IRL,CHE,649443
2025-10,Client D,Product B,IRL,CHE,798187
2025-11,Client D,Product B,IRL,CHE,835121
2025-12,Client D,Product B,IRL,CHE,742978
2026-01,Client D,Product B,IRL,CHE,877425
2026-02,Client D,Product B,IRL,CHE,1000371
2026-03,Client D,Product B,IRL,CHE,852167
2026-04,Client D,Product B,IRL,CHE,1010815
2026-05,Client D,Product B,IRL,CHE,911462
2026-06,Client D,Product B,IRL,CHE,702896
2024-01,Client D,Product B,SGP,ARE,824382
2024-02,Client D,Product B,SGP,ARE,720723
2024-03,Client D,Product B,SGP,ARE,612613
2024-04,Client D,Product B,SGP,ARE,587638
2024-05,Client D,Product B,SGP,ARE,566812
2024-06,Client D,Product B,SGP,ARE,474003
2024-07,Client D,Product B,SGP,ARE,415881
2024-08,Client D,Product B,SGP,ARE,515189
2024-09,Client D,Product B,SGP,ARE,526765
2024-10,Client D,Product B,SGP,ARE,660024
2024-11,Client D,Product B,SGP,ARE,760851
2024-12,Client D,Product B,SGP,ARE,810135
2025-01,Client D,Product B,SGP,ARE,864843
2025-02,Client D,Product B,SGP,ARE,797868
2025-03,Client D,Product B,SGP,ARE,782713
2025-04,Client D,Product B,SGP,ARE,614722
2025-05,Client D,Product B,SGP,ARE,558444
2025-06,Client D,Product B,SGP,ARE,555118
2025-07,Client D,Product B,SGP,ARE,519345
2025-08,Client D,Product B,SGP,ARE,521211
2025-09,Client D,Product B,SGP,ARE,632057
2025-10,Client D,Product B,SGP,ARE,635938
2025-11,Client D,Product B,SGP,ARE,775616
2025-12,Client D,Product B,SGP,ARE,1028153
2026-01,Client D,Product B,SGP,ARE,830748
2026-02,Client D,Product B,SGP,ARE,997936
2026-03,Client D,Product B,SGP,ARE,899902
2026-04,Client D,Product B,SGP,ARE,690508
2026-05,Client D,Product B,SGP,ARE,696415
2026-06,Client D,Product B,SGP,ARE,581156
2024-01,Client D,Product B,SGP,LUX,353154
2024-02,Client D,Product B,SGP,LUX,413106
2024-03,Client D,Product B,SGP,LUX,375396
2024-04,Client D,Product B,SGP,LUX,385840
2024-05,Client D,Product B,SGP,LUX,409122
2024-06,Client D,Product B,SGP,LUX,359912
2024-07,Client D,Product B,SGP,LUX,324178
2024-08,Client D,Product B,SGP,LUX,319454
2024-09,Client D,Product B,SGP,LUX,338031
2024-10,Client D,Product B,SGP,LUX,338027
2024-11,Client D,Product B,SGP,LUX,316611
2024-12,Client D,Product B,SGP,LUX,352817
2025-01,Client D,Product B,SGP,LUX,379410
2025-02,Client D,Product B,SGP,LUX,387518
2025-03,Client D,Product B,SGP,LUX,378627
2025-04,Client D,Product B,SGP,LUX,361919
2025-05,Client D,Product B,SGP,LUX,346813
2025-06,Client D,Product B,SGP,LUX,347858
2025-07,Client D,Product B,SGP,LUX,365763
2025-08,Client D,Product B,SGP,LUX,352292
2025-09,Client D,Product B,SGP,LUX,298975
2025-10,Client D,Product B,SGP,LUX,330002
2025-11,Client D,Product B,SGP,LUX,288996
2025-12,Client D,Product B,SGP,LUX,295319
2026-01,Client D,Product B,SGP,LUX,315427
2026-02,Client D,Product B,SGP,LUX,351835
2026-03,Client D,Product B,SGP,LUX,345843
2026-04,Client D,Product B,SGP,LUX,347008
2026-05,Client D,Product B,SGP,LUX,380463
2026-06,Client D,Product B,SGP,LUX,360473
2024-01,Client D,Product C,IRL,AUS,785325
2024-02,Client D,Product C,IRL,AUS,842056
2024-03,Client D,Product C,IRL,AUS,768419
2024-04,Client D,Product C,IRL,AUS,794441
2024-05,Client D,Product C,IRL,AUS,753670
2024-06,Client D,Product C,IRL,AUS,531909
2024-07,Client D,Product C,IRL,AUS,412924
2024-08,Client D,Product C,IRL,AUS,423427
2024-09,Client D,Product C,IRL,AUS,391241
2024-10,Client D,Product C,IRL,AUS,484420
2024-11,Client D,Product C,IRL,AUS,525457
2024-12,Client D,Product C,IRL,AUS,692774
2025-01,Client D,Product C,IRL,AUS,868814
2025-02,Client D,Product C,IRL,AUS,823714
2025-03,Client D,Product C,IRL,AUS,939328
2025-04,Client D,Product C,IRL,AUS,917782
2025-05,Client D,Product C,IRL,AUS,855283
2025-06,Client D,Product C,IRL,AUS,644775
2025-07,Client D,Product C,IRL,AUS,537664
2025-08,Client D,Product C,IRL,AUS,430203
2025-09,Client D,Product C,IRL,AUS,425607
2025-10,Client D,Product C,IRL,AUS,453883
2025-11,Client D,Product C,IRL,AUS,658109
2025-12,Client D,Product C,IRL,AUS,724262
2026-01,Client D,Product C,IRL,AUS,974056
2026-02,Client D,Product C,IRL,AUS,1114847
2026-03,Client D,Product C,IRL,AUS,1197288
2026-04,Client D,Product C,IRL,AUS,928630
2026-05,Client D,Product C,IRL,AUS,888522
2026-06,Client D,Product C,IRL,AUS,767117
2024-01,Client D,Product C,IRL,MEX,588390
2024-02,Client D,Product C,IRL,MEX,438986
2024-03,Client D,Product C,IRL,MEX,419969
2024-04,Client D,Product C,IRL,MEX,409404
2024-05,Client D,Product C,IRL,MEX,401304
2024-06,Client D,Product C,IRL,MEX,567425
2024-07,Client D,Product C,IRL,MEX,664271
2024-08,Client D,Product C,IRL,MEX,703718
2024-09,Client D,Product C,IRL,MEX,862301
2024-10,Client D,Product C,IRL,MEX,776372
2024-11,Client D,Product C,IRL,MEX,690976
2024-12,Client D,Product C,IRL,MEX,677521
2025-01,Client D,Product C,IRL,MEX,540440
2025-02,Client D,Product C,IRL,MEX,431709
2025-03,Client D,Product C,IRL,MEX,318855
2025-04,Client D,Product C,IRL,MEX,312128
2025-05,Client D,Product C,IRL,MEX,396248
2025-06,Client D,Product C,IRL,MEX,444130
2025-07,Client D,Product C,IRL,MEX,614738
2025-08,Client D,Product C,IRL,MEX,752003
2025-09,Client D,Product C,IRL,MEX,779208
2025-10,Client D,Product C,IRL,MEX,882184
2025-11,Client D,Product C,IRL,MEX,812158
2025-12,Client D,Product C,IRL,MEX,621183
2026-01,Client D,Product C,IRL,MEX,465641
2026-02,Client D,Product C,IRL,MEX,425441
2026-03,Client D,Product C,IRL,MEX,391819
2026-04,Client D,Product C,IRL,MEX,315937
2026-05,Client D,Product C,IRL,MEX,430962
2026-06,Client D,Product C,IRL,MEX,525899
2024-01,Client D,Product C,SGP,JPN,448594
2024-02,Client D,Product C,SGP,JPN,361514
2024-03,Client D,Product C,SGP,JPN,461735
2024-04,Client D,Product C,SGP,JPN,431371
2024-05,Client D,Product C,SGP,JPN,454406
2024-06,Client D,Product C,SGP,JPN,466516
2024-07,Client D,Product C,SGP,JPN,498990
2024-08,Client D,Product C,SGP,JPN,476342
2024-09,Client D,Product C,SGP,JPN,537170
2024-10,Client D,Product C,SGP,JPN,496990
2024-11,Client D,Product C,SGP,JPN,422929
2024-12,Client D,Product C,SGP,JPN,438477
2025-01,Client D,Product C,SGP,JPN,334129
2025-02,Client D,Product C,SGP,JPN,354161
2025-03,Client D,Product C,SGP,JPN,441732
2025-04,Client D,Product C,SGP,JPN,389726
2025-05,Client D,Product C,SGP,JPN,379874
2025-06,Client D,Product C,SGP,JPN,414513
2025-07,Client D,Product C,SGP,JPN,395502
2025-08,Client D,Product C,SGP,JPN,381076
2025-09,Client D,Product C,SGP,JPN,429172
2025-10,Client D,Product C,SGP,JPN,404503
2025-11,Client D,Product C,SGP,JPN,401971
2025-12,Client D,Product C,SGP,JPN,375695
2026-01,Client D,Product C,SGP,JPN,325438
2026-02,Client D,Product C,SGP,JPN,292637
2026-03,Client D,Product C,SGP,JPN,371988
2026-04,Client D,Product C,SGP,JPN,314307
2026-05,Client D,Product C,SGP,JPN,414237
2026-06,Client D,Product C,SGP,JPN,398248
2024-01,Client D,Product C,SGP,SWE,404544
2024-02,Client D,Product C,SGP,SWE,336478
2024-03,Client D,Product C,SGP,SWE,336794
2024-04,Client D,Product C,SGP,SWE,337190
2024-05,Client D,Product C,SGP,SWE,252474
2024-06,Client D,Product C,SGP,SWE,242186
2024-07,Client D,Product C,SGP,SWE,252105
2024-08,Client D,Product C,SGP,SWE,300973
2024-09,Client D,Product C,SGP,SWE,378126
2024-10,Client D,Product C,SGP,SWE,343422
2024-11,Client D,Product C,SGP,SWE,387710
2024-12,Client D,Product C,SGP,SWE,344763
2025-01,Client D,Product C,SGP,SWE,407395
2025-02,Client D,Product C,SGP,SWE,361938
2025-03,Client D,Product C,SGP,SWE,291106
2025-04,Client D,Product C,SGP,SWE,289045
2025-05,Client D,Product C,SGP,SWE,247441
2025-06,Client D,Product C,SGP,SWE,216826
2025-07,Client D,Product C,SGP,SWE,274313
2025-08,Client D,Product C,SGP,SWE,295719
2025-09,Client D,Product C,SGP,SWE,297440
2025-10,Client D,Product C,SGP,SWE,290080
2025-11,Client D,Product C,SGP,SWE,364203
2025-12,Client D,Product C,SGP,SWE,311565
2026-01,Client D,Product C,SGP,SWE,295662
2026-02,Client D,Product C,SGP,SWE,263977
2026-03,Client D,Product C,SGP,SWE,278735
2026-04,Client D,Product C,SGP,SWE,251132
2026-05,Client D,Product C,SGP,SWE,205394
2026-06,Client D,Product C,SGP,SWE,182630
2024-01,Client D,Product C,SGP,USA,385562
2024-02,Client D,Product C,SGP,USA,358550
2024-03,Client D,Product C,SGP,USA,367730
2024-04,Client D,Product C,SGP,USA,327778
2024-05,Client D,Product C,SGP,USA,271368
2024-06,Client D,Product C,SGP,USA,262267
2024-07,Client D,Product C,SGP,USA,319073
2024-08,Client D,Product C,SGP,USA,444141
2024-09,Client D,Product C,SGP,USA,453837
2024-10,Client D,Product C,SGP,USA,498167
2024-11,Client D,Product C,SGP,USA,505317
2024-12,Client D,Product C,SGP,USA,509861
2025-01,Client D,Product C,SGP,USA,586441
2025-02,Client D,Product C,SGP,USA,466387
2025-03,Client D,Product C,SGP,USA,346577
2025-04,Client D,Product C,SGP,USA,365473
2025-05,Client D,Product C,SGP,USA,313013
2025-06,Client D,Product C,SGP,USA,336122
2025-07,Client D,Product C,SGP,USA,375735
2025-08,Client D,Product C,SGP,USA,442728
2025-09,Client D,Product C,SGP,USA,629351
2025-10,Client D,Product C,SGP,USA,671533
2025-11,Client D,Product C,SGP,USA,704077
2025-12,Client D,Product C,SGP,USA,576378
2026-01,Client D,Product C,SGP,USA,565832
2026-02,Client D,Product C,SGP,USA,480278
2026-03,Client D,Product C,SGP,USA,507978
2026-04,Client D,Product C,SGP,USA,349341
2026-05,Client D,Product C,SGP,USA,349434
2026-06,Client D,Product C,SGP,USA,433989
2024-01,Client D,Product D,IRL,HKG,302748
2024-02,Client D,Product D,IRL,HKG,303600
2024-03,Client D,Product D,IRL,HKG,243990
2024-04,Client D,Product D,IRL,HKG,218547
2024-05,Client D,Product D,IRL,HKG,205940
2024-06,Client D,Product D,IRL,HKG,183790
2024-07,Client D,Product D,IRL,HKG,175471
2024-08,Client D,Product D,IRL,HKG,197959
2024-09,Client D,Product D,IRL,HKG,225389
2024-10,Client D,Product D,IRL,HKG,234886
2024-11,Client D,Product D,IRL,HKG,302163
2024-12,Client D,Product D,IRL,HKG,318112
2025-01,Client D,Product D,IRL,HKG,251283
2025-02,Client D,Product D,IRL,HKG,236361
2025-03,Client D,Product D,IRL,HKG,211734
2025-04,Client D,Product D,IRL,HKG,222185
2025-05,Client D,Product D,IRL,HKG,157317
2025-06,Client D,Product D,IRL,HKG,140465
2025-07,Client D,Product D,IRL,HKG,169948
2025-08,Client D,Product D,IRL,HKG,190980
2025-09,Client D,Product D,IRL,HKG,229783
2025-10,Client D,Product D,IRL,HKG,219144
2025-11,Client D,Product D,IRL,HKG,245592
2025-12,Client D,Product D,IRL,HKG,296637
2026-01,Client D,Product D,IRL,HKG,292524
2026-02,Client D,Product D,IRL,HKG,254950
2026-03,Client D,Product D,IRL,HKG,200920
2026-04,Client D,Product D,IRL,HKG,159464
2026-05,Client D,Product D,IRL,HKG,150675
2026-06,Client D,Product D,IRL,HKG,161594
2024-01,Client D,Product D,IRL,NGA,477011
2024-02,Client D,Product D,IRL,NGA,345676
2024-03,Client D,Product D,IRL,NGA,363290
2024-04,Client D,Product D,IRL,NGA,335264
2024-05,Client D,Product D,IRL,NGA,414739
2024-06,Client D,Product D,IRL,NGA,452192
2024-07,Client D,Product D,IRL,NGA,441552
2024-08,Client D,Product D,IRL,NGA,583668
2024-09,Client D,Product D,IRL,NGA,560734
2024-10,Client D,Product D,IRL,NGA,514103
2024-11,Client D,Product D,IRL,NGA,490204
2024-12,Client D,Product D,IRL,NGA,404257
2025-01,Client D,Product D,IRL,NGA,384287
2025-02,Client D,Product D,IRL,NGA,324081
2025-03,Client D,Product D,IRL,NGA,330502
2025-04,Client D,Product D,IRL,NGA,384536
2025-05,Client D,Product D,IRL,NGA,386705
2025-06,Client D,Product D,IRL,NGA,449900
2025-07,Client D,Product D,IRL,NGA,523679
2025-08,Client D,Product D,IRL,NGA,469365
2025-09,Client D,Product D,IRL,NGA,524524
2025-10,Client D,Product D,IRL,NGA,559902
2025-11,Client D,Product D,IRL,NGA,490790
2025-12,Client D,Product D,IRL,NGA,483094
2026-01,Client D,Product D,IRL,NGA,423066
2026-02,Client D,Product D,IRL,NGA,332283
2026-03,Client D,Product D,IRL,NGA,365189
2026-04,Client D,Product D,IRL,NGA,310486
2026-05,Client D,Product D,IRL,NGA,425607
2026-06,Client D,Product D,IRL,NGA,397250
2024-01,Client D,Product D,IRL,TUR,286532
2024-02,Client D,Product D,IRL,TUR,254736
2024-03,Client D,Product D,IRL,TUR,213500
2024-04,Client D,Product D,IRL,TUR,180201
2024-05,Client D,Product D,IRL,TUR,174387
2024-06,Client D,Product D,IRL,TUR,140078
2024-07,Client D,Product D,IRL,TUR,184095
2024-08,Client D,Product D,IRL,TUR,230338
2024-09,Client D,Product D,IRL,TUR,277394
2024-10,Client D,Product D,IRL,TUR,256662
2024-11,Client D,Product D,IRL,TUR,307339
2024-12,Client D,Product D,IRL,TUR,361707
2025-01,Client D,Product D,IRL,TUR,347356
2025-02,Client D,Product D,IRL,TUR,260975
2025-03,Client D,Product D,IRL,TUR,238838
2025-04,Client D,Product D,IRL,TUR,217707
2025-05,Client D,Product D,IRL,TUR,207529
2025-06,Client D,Product D,IRL,TUR,163608
2025-07,Client D,Product D,IRL,TUR,190957
2025-08,Client D,Product D,IRL,TUR,264516
2025-09,Client D,Product D,IRL,TUR,299631
2025-10,Client D,Product D,IRL,TUR,388174
2025-11,Client D,Product D,IRL,TUR,406396
2025-12,Client D,Product D,IRL,TUR,405567
2026-01,Client D,Product D,IRL,TUR,427700
2026-02,Client D,Product D,IRL,TUR,350045
2026-03,Client D,Product D,IRL,TUR,273841
2026-04,Client D,Product D,IRL,TUR,279579
2026-05,Client D,Product D,IRL,TUR,252940
2026-06,Client D,Product D,IRL,TUR,224173
2024-01,Client D,Product D,SGP,BRA,419619
2024-02,Client D,Product D,SGP,BRA,449370
2024-03,Client D,Product D,SGP,BRA,414608
2024-04,Client D,Product D,SGP,BRA,475811
2024-05,Client D,Product D,SGP,BRA,423710
2024-06,Client D,Product D,SGP,BRA,450592
2024-07,Client D,Product D,SGP,BRA,385654
2024-08,Client D,Product D,SGP,BRA,395834
2024-09,Client D,Product D,SGP,BRA,342982
2024-10,Client D,Product D,SGP,BRA,356816
2024-11,Client D,Product D,SGP,BRA,364608
2024-12,Client D,Product D,SGP,BRA,420393
2025-01,Client D,Product D,SGP,BRA,470727
2025-02,Client D,Product D,SGP,BRA,510872
2025-03,Client D,Product D,SGP,BRA,444390
2025-04,Client D,Product D,SGP,BRA,495124
2025-05,Client D,Product D,SGP,BRA,526307
2025-06,Client D,Product D,SGP,BRA,407200
2025-07,Client D,Product D,SGP,BRA,463332
2025-08,Client D,Product D,SGP,BRA,375659
2025-09,Client D,Product D,SGP,BRA,380517
2025-10,Client D,Product D,SGP,BRA,388154
2025-11,Client D,Product D,SGP,BRA,444609
2025-12,Client D,Product D,SGP,BRA,394187
2026-01,Client D,Product D,SGP,BRA,453400
2026-02,Client D,Product D,SGP,BRA,575227
2026-03,Client D,Product D,SGP,BRA,583125
2026-04,Client D,Product D,SGP,BRA,562410
2026-05,Client D,Product D,SGP,BRA,507046
2026-06,Client D,Product D,SGP,BRA,444460
2024-01,Client D,Product D,SGP,IRL,412786
2024-02,Client D,Product D,SGP,IRL,503214
2024-03,Client D,Product D,SGP,IRL,414725
2024-04,Client D,Product D,SGP,IRL,445879
2024-05,Client D,Product D,SGP,IRL,360397
2024-06,Client D,Product D,SGP,IRL,300475
2024-07,Client D,Product D,SGP,IRL,199560
2024-08,Client D,Product D,SGP,IRL,170468
2024-09,Client D,Product D,SGP,IRL,212207
2024-10,Client D,Product D,SGP,IRL,227729
2024-11,Client D,Product D,SGP,IRL,311210
2024-12,Client D,Product D,SGP,IRL,305461
2025-01,Client D,Product D,SGP,IRL,430412
2025-02,Client D,Product D,SGP,IRL,399981
2025-03,Client D,Product D,SGP,IRL,419136
2025-04,Client D,Product D,SGP,IRL,356357
2025-05,Client D,Product D,SGP,IRL,343707
2025-06,Client D,Product D,SGP,IRL,238968
2025-07,Client D,Product D,SGP,IRL,220987
2025-08,Client D,Product D,SGP,IRL,180428
2025-09,Client D,Product D,SGP,IRL,209035
2025-10,Client D,Product D,SGP,IRL,231179
2025-11,Client D,Product D,SGP,IRL,257666
2025-12,Client D,Product D,SGP,IRL,387842
2026-01,Client D,Product D,SGP,IRL,410084
2026-02,Client D,Product D,SGP,IRL,360482
2026-03,Client D,Product D,SGP,IRL,425210
2026-04,Client D,Product D,SGP,IRL,396469
2026-05,Client D,Product D,SGP,IRL,339467
2026-06,Client D,Product D,SGP,IRL,260488
2024-01,Client E,Product A,HKG,QAT,358071
2024-02,Client E,Product A,HKG,QAT,408520
2024-03,Client E,Product A,HKG,QAT,419844
2024-04,Client E,Product A,HKG,QAT,476904
2024-05,Client E,Product A,HKG,QAT,362947
2024-06,Client E,Product A,HKG,QAT,373042
2024-07,Client E,Product A,HKG,QAT,359452
2024-08,Client E,Product A,HKG,QAT,276730
2024-09,Client E,Product A,HKG,QAT,258421
2024-10,Client E,Product A,HKG,QAT,207425
2024-11,Client E,Product A,HKG,QAT,244129
2024-12,Client E,Product A,HKG,QAT,256948
2025-01,Client E,Product A,HKG,QAT,327245
2025-02,Client E,Product A,HKG,QAT,352847
2025-03,Client E,Product A,HKG,QAT,455021
2025-04,Client E,Product A,HKG,QAT,400142
2025-05,Client E,Product A,HKG,QAT,452689
2025-06,Client E,Product A,HKG,QAT,349717
2025-07,Client E,Product A,HKG,QAT,363246
2025-08,Client E,Product A,HKG,QAT,308396
2025-09,Client E,Product A,HKG,QAT,239332
2025-10,Client E,Product A,HKG,QAT,236144
2025-11,Client E,Product A,HKG,QAT,218572
2025-12,Client E,Product A,HKG,QAT,280900
2026-01,Client E,Product A,HKG,QAT,304137
2026-02,Client E,Product A,HKG,QAT,370672
2026-03,Client E,Product A,HKG,QAT,363079
2026-04,Client E,Product A,HKG,QAT,465339
2026-05,Client E,Product A,HKG,QAT,411491
2026-06,Client E,Product A,HKG,QAT,385723
2024-01,Client E,Product A,HKG,USA,164300
2024-02,Client E,Product A,HKG,USA,173681
2024-03,Client E,Product A,HKG,USA,173267
2024-04,Client E,Product A,HKG,USA,197392
2024-05,Client E,Product A,HKG,USA,171646
2024-06,Client E,Product A,HKG,USA,183029
2024-07,Client E,Product A,HKG,USA,167320
2024-08,Client E,Product A,HKG,USA,135543
2024-09,Client E,Product A,HKG,USA,118781
2024-10,Client E,Product A,HKG,USA,130221
2024-11,Client E,Product A,HKG,USA,125716
2024-12,Client E,Product A,HKG,USA,163790
2025-01,Client E,Product A,HKG,USA,165054
2025-02,Client E,Product A,HKG,USA,209986
2025-03,Client E,Product A,HKG,USA,232016
2025-04,Client E,Product A,HKG,USA,225899
2025-05,Client E,Product A,HKG,USA,239353
2025-06,Client E,Product A,HKG,USA,234985
2025-07,Client E,Product A,HKG,USA,170432
2025-08,Client E,Product A,HKG,USA,154744
2025-09,Client E,Product A,HKG,USA,153328
2025-10,Client E,Product A,HKG,USA,142472
2025-11,Client E,Product A,HKG,USA,162952
2025-12,Client E,Product A,HKG,USA,163595
2026-01,Client E,Product A,HKG,USA,179648
2026-02,Client E,Product A,HKG,USA,204736
2026-03,Client E,Product A,HKG,USA,248610
2026-04,Client E,Product A,HKG,USA,219367
2026-05,Client E,Product A,HKG,USA,227583
2026-06,Client E,Product A,HKG,USA,248289
2024-01,Client E,Product B,HKG,CYM,487315
2024-02,Client E,Product B,HKG,CYM,506201
2024-03,Client E,Product B,HKG,CYM,418787
2024-04,Client E,Product B,HKG,CYM,433874
2024-05,Client E,Product B,HKG,CYM,453766
2024-06,Client E,Product B,HKG,CYM,434541
2024-07,Client E,Product B,HKG,CYM,379367
2024-08,Client E,Product B,HKG,CYM,406665
2024-09,Client E,Product B,HKG,CYM,447500
2024-10,Client E,Product B,HKG,CYM,479923
2024-11,Client E,Product B,HKG,CYM,512751
2024-12,Client E,Product B,HKG,CYM,525487
2025-01,Client E,Product B,HKG,CYM,451436
2025-02,Client E,Product B,HKG,CYM,490556
2025-03,Client E,Product B,HKG,CYM,407982
2025-04,Client E,Product B,HKG,CYM,394671
2025-05,Client E,Product B,HKG,CYM,445590
2025-06,Client E,Product B,HKG,CYM,406385
2025-07,Client E,Product B,HKG,CYM,371672
2025-08,Client E,Product B,HKG,CYM,381149
2025-09,Client E,Product B,HKG,CYM,454125
2025-10,Client E,Product B,HKG,CYM,452626
2025-11,Client E,Product B,HKG,CYM,510650
2025-12,Client E,Product B,HKG,CYM,557796
2026-01,Client E,Product B,HKG,CYM,497893
2026-02,Client E,Product B,HKG,CYM,469652
2026-03,Client E,Product B,HKG,CYM,489704
2026-04,Client E,Product B,HKG,CYM,463687
2026-05,Client E,Product B,HKG,CYM,435392
2026-06,Client E,Product B,HKG,CYM,379309
2024-01,Client E,Product C,HKG,AUS,208740
2024-02,Client E,Product C,HKG,AUS,302952
2024-03,Client E,Product C,HKG,AUS,356214
2024-04,Client E,Product C,HKG,AUS,388995
2024-05,Client E,Product C,HKG,AUS,365263
2024-06,Client E,Product C,HKG,AUS,392053
2024-07,Client E,Product C,HKG,AUS,310321
2024-08,Client E,Product C,HKG,AUS,237526
2024-09,Client E,Product C,HKG,AUS,229166
2024-10,Client E,Product C,HKG,AUS,185831
2024-11,Client E,Product C,HKG,AUS,169074
2024-12,Client E,Product C,HKG,AUS,176492
2025-01,Client E,Product C,HKG,AUS,198219
2025-02,Client E,Product C,HKG,AUS,271197
2025-03,Client E,Product C,HKG,AUS,346044
2025-04,Client E,Product C,HKG,AUS,368863
2025-05,Client E,Product C,HKG,AUS,327131
2025-06,Client E,Product C,HKG,AUS,382643
2025-07,Client E,Product C,HKG,AUS,295856
2025-08,Client E,Product C,HKG,AUS,290248
2025-09,Client E,Product C,HKG,AUS,226188
2025-10,Client E,Product C,HKG,AUS,161534
2025-11,Client E,Product C,HKG,AUS,175242
2025-12,Client E,Product C,HKG,AUS,205006
2026-01,Client E,Product C,HKG,AUS,205093
2026-02,Client E,Product C,HKG,AUS,280299
2026-03,Client E,Product C,HKG,AUS,343574
2026-04,Client E,Product C,HKG,AUS,383847
2026-05,Client E,Product C,HKG,AUS,327779
2026-06,Client E,Product C,HKG,AUS,350195
2024-01,Client E,Product C,HKG,CHN,271212
2024-02,Client E,Product C,HKG,CHN,274076
2024-03,Client E,Product C,HKG,CHN,374118
2024-04,Client E,Product C,HKG,CHN,368435
2024-05,Client E,Product C,HKG,CHN,289887
2024-06,Client E,Product C,HKG,CHN,319505
2024-07,Client E,Product C,HKG,CHN,275785
2024-08,Client E,Product C,HKG,CHN,318253
2024-09,Client E,Product C,HKG,CHN,257394
2024-10,Client E,Product C,HKG,CHN,266509
2024-11,Client E,Product C,HKG,CHN,268868
2024-12,Client E,Product C,HKG,CHN,306679
2025-01,Client E,Product C,HKG,CHN,308944
2025-02,Client E,Product C,HKG,CHN,352239
2025-03,Client E,Product C,HKG,CHN,397115
2025-04,Client E,Product C,HKG,CHN,365451
2025-05,Client E,Product C,HKG,CHN,434617
2025-06,Client E,Product C,HKG,CHN,374940
2025-07,Client E,Product C,HKG,CHN,364231
2025-08,Client E,Product C,HKG,CHN,353430
2025-09,Client E,Product C,HKG,CHN,319557
2025-10,Client E,Product C,HKG,CHN,310994
2025-11,Client E,Product C,HKG,CHN,334590
2025-12,Client E,Product C,HKG,CHN,431280
2026-01,Client E,Product C,HKG,CHN,403215
2026-02,Client E,Product C,HKG,CHN,381075
2026-03,Client E,Product C,HKG,CHN,428472
2026-04,Client E,Product C,HKG,CHN,478721
2026-05,Client E,Product C,HKG,CHN,494055
2026-06,Client E,Product C,HKG,CHN,496066
2024-01,Client E,Product C,HKG,SWE,320294
2024-02,Client E,Product C,HKG,SWE,338433
2024-03,Client E,Product C,HKG,SWE,374936
2024-04,Client E,Product C,HKG,SWE,376278
2024-05,Client E,Product C,HKG,SWE,375910
2024-06,Client E,Product C,HKG,SWE,338633
2024-07,Client E,Product C,HKG,SWE,263802
2024-08,Client E,Product C,HKG,SWE,231048
2024-09,Client E,Product C,HKG,SWE,163417
2024-10,Client E,Product C,HKG,SWE,209981
2024-11,Client E,Product C,HKG,SWE,244145
2024-12,Client E,Product C,HKG,SWE,282542
2025-01,Client E,Product C,HKG,SWE,373226
2025-02,Client E,Product C,HKG,SWE,431862
2025-03,Client E,Product C,HKG,SWE,397454
2025-04,Client E,Product C,HKG,SWE,438590
2025-05,Client E,Product C,HKG,SWE,417558
2025-06,Client E,Product C,HKG,SWE,357707
2025-07,Client E,Product C,HKG,SWE,271524
2025-08,Client E,Product C,HKG,SWE,196402
2025-09,Client E,Product C,HKG,SWE,179795
2025-10,Client E,Product C,HKG,SWE,197649
2025-11,Client E,Product C,HKG,SWE,240788
2025-12,Client E,Product C,HKG,SWE,310188
2026-01,Client E,Product C,HKG,SWE,341113
2026-02,Client E,Product C,HKG,SWE,472204
2026-03,Client E,Product C,HKG,SWE,426184
2026-04,Client E,Product C,HKG,SWE,498671
2026-05,Client E,Product C,HKG,SWE,383182
2026-06,Client E,Product C,HKG,SWE,356307
2024-01,Client E,Product E,HKG,BRA,406227
2024-02,Client E,Product E,HKG,BRA,359751
2024-03,Client E,Product E,HKG,BRA,328967
2024-04,Client E,Product E,HKG,BRA,265779
2024-05,Client E,Product E,HKG,BRA,316772
2024-06,Client E,Product E,HKG,BRA,339994
2024-07,Client E,Product E,HKG,BRA,441000
2024-08,Client E,Product E,HKG,BRA,534810
2024-09,Client E,Product E,HKG,BRA,621809
2024-10,Client E,Product E,HKG,BRA,521111
2024-11,Client E,Product E,HKG,BRA,597188
2024-12,Client E,Product E,HKG,BRA,563949
2025-01,Client E,Product E,HKG,BRA,403187
2025-02,Client E,Product E,HKG,BRA,345781
2025-03,Client E,Product E,HKG,BRA,311373
2025-04,Client E,Product E,HKG,BRA,306845
2025-05,Client E,Product E,HKG,BRA,388621
2025-06,Client E,Product E,HKG,BRA,456728
2025-07,Client E,Product E,HKG,BRA,555477
2025-08,Client E,Product E,HKG,BRA,550859
2025-09,Client E,Product E,HKG,BRA,602941
2025-10,Client E,Product E,HKG,BRA,634105
2025-11,Client E,Product E,HKG,BRA,588924
2025-12,Client E,Product E,HKG,BRA,546911
2026-01,Client E,Product E,HKG,BRA,551560
2026-02,Client E,Product E,HKG,BRA,491335
2026-03,Client E,Product E,HKG,BRA,353160
2026-04,Client E,Product E,HKG,BRA,409221
2026-05,Client E,Product E,HKG,BRA,430796
2026-06,Client E,Product E,HKG,BRA,463305
2024-01,Client E,Product E,HKG,GBR,546141
2024-02,Client E,Product E,HKG,GBR,370163
2024-03,Client E,Product E,HKG,GBR,374963
2024-04,Client E,Product E,HKG,GBR,287413
2024-05,Client E,Product E,HKG,GBR,279779
2024-06,Client E,Product E,HKG,GBR,255239
2024-07,Client E,Product E,HKG,GBR,295510
2024-08,Client E,Product E,HKG,GBR,349804
2024-09,Client E,Product E,HKG,GBR,471310
2024-10,Client E,Product E,HKG,GBR,435579
2024-11,Client E,Product E,HKG,GBR,557979
2024-12,Client E,Product E,HKG,GBR,550460
2025-01,Client E,Product E,HKG,GBR,476134
2025-02,Client E,Product E,HKG,GBR,423346
2025-03,Client E,Product E,HKG,GBR,403835
2025-04,Client E,Product E,HKG,GBR,257732
2025-05,Client E,Product E,HKG,GBR,233451
2025-06,Client E,Product E,HKG,GBR,244438
2025-07,Client E,Product E,HKG,GBR,301289
2025-08,Client E,Product E,HKG,GBR,368779
2025-09,Client E,Product E,HKG,GBR,503071
2025-10,Client E,Product E,HKG,GBR,575691
2025-11,Client E,Product E,HKG,GBR,554951
2025-12,Client E,Product E,HKG,GBR,601067
2026-01,Client E,Product E,HKG,GBR,512629
2026-02,Client E,Product E,HKG,GBR,483131
2026-03,Client E,Product E,HKG,GBR,318001
2026-04,Client E,Product E,HKG,GBR,322881
2026-05,Client E,Product E,HKG,GBR,247956
2026-06,Client E,Product E,HKG,GBR,266950
2024-01,Client F,Product C,CHE,ARE,485536
2024-02,Client F,Product C,CHE,ARE,472826
2024-03,Client F,Product C,CHE,ARE,433871
2024-04,Client F,Product C,CHE,ARE,366071
2024-05,Client F,Product C,CHE,ARE,384394
2024-06,Client F,Product C,CHE,ARE,298163
2024-07,Client F,Product C,CHE,ARE,257424
2024-08,Client F,Product C,CHE,ARE,275192
2024-09,Client F,Product C,CHE,ARE,314572
2024-10,Client F,Product C,CHE,ARE,336476
2024-11,Client F,Product C,CHE,ARE,363057
2024-12,Client F,Product C,CHE,ARE,386621
2025-01,Client F,Product C,CHE,ARE,426848
2025-02,Client F,Product C,CHE,ARE,466054
2025-03,Client F,Product C,CHE,ARE,354978
2025-04,Client F,Product C,CHE,ARE,381711
2025-05,Client F,Product C,CHE,ARE,279578
2025-06,Client F,Product C,CHE,ARE,291068
2025-07,Client F,Product C,CHE,ARE,281263
2025-08,Client F,Product C,CHE,ARE,291062
2025-09,Client F,Product C,CHE,ARE,243060
2025-10,Client F,Product C,CHE,ARE,277764
2025-11,Client F,Product C,CHE,ARE,340461
2025-12,Client F,Product C,CHE,ARE,386337
2026-01,Client F,Product C,CHE,ARE,416136
2026-02,Client F,Product C,CHE,ARE,403699
2026-03,Client F,Product C,CHE,ARE,412488
2026-04,Client F,Product C,CHE,ARE,373480
2026-05,Client F,Product C,CHE,ARE,311124
2026-06,Client F,Product C,CHE,ARE,268670
2024-01,Client F,Product C,CHE,SGP,538631
2024-02,Client F,Product C,CHE,SGP,648859
2024-03,Client F,Product C,CHE,SGP,603324
2024-04,Client F,Product C,CHE,SGP,546974
2024-05,Client F,Product C,CHE,SGP,564273
2024-06,Client F,Product C,CHE,SGP,568403
2024-07,Client F,Product C,CHE,SGP,479447
2024-08,Client F,Product C,CHE,SGP,597325
2024-09,Client F,Product C,CHE,SGP,597646
2024-10,Client F,Product C,CHE,SGP,652477
2024-11,Client F,Product C,CHE,SGP,646780
2024-12,Client F,Product C,CHE,SGP,640554
2025-01,Client F,Product C,CHE,SGP,682462
2025-02,Client F,Product C,CHE,SGP,664573
2025-03,Client F,Product C,CHE,SGP,766342
2025-04,Client F,Product C,CHE,SGP,810753
2025-05,Client F,Product C,CHE,SGP,764437
2025-06,Client F,Product C,CHE,SGP,590619
2025-07,Client F,Product C,CHE,SGP,729275
2025-08,Client F,Product C,CHE,SGP,620754
2025-09,Client F,Product C,CHE,SGP,570954
2025-10,Client F,Product C,CHE,SGP,644987
2025-11,Client F,Product C,CHE,SGP,751715
2025-12,Client F,Product C,CHE,SGP,685737
2026-01,Client F,Product C,CHE,SGP,887742
2026-02,Client F,Product C,CHE,SGP,973613
2026-03,Client F,Product C,CHE,SGP,849648
2026-04,Client F,Product C,CHE,SGP,920719
2026-05,Client F,Product C,CHE,SGP,809570
2026-06,Client F,Product C,CHE,SGP,787045
2024-01,Client F,Product C,JPN,BRA,630364
2024-02,Client F,Product C,JPN,BRA,620945
2024-03,Client F,Product C,JPN,BRA,608377
2024-04,Client F,Product C,JPN,BRA,749623
2024-05,Client F,Product C,JPN,BRA,637101
2024-06,Client F,Product C,JPN,BRA,513464
2024-07,Client F,Product C,JPN,BRA,635170
2024-08,Client F,Product C,JPN,BRA,612649
2024-09,Client F,Product C,JPN,BRA,508346
2024-10,Client F,Product C,JPN,BRA,643864
2024-11,Client F,Product C,JPN,BRA,676093
2024-12,Client F,Product C,JPN,BRA,654417
2025-01,Client F,Product C,JPN,BRA,644555
2025-02,Client F,Product C,JPN,BRA,668235
2025-03,Client F,Product C,JPN,BRA,676009
2025-04,Client F,Product C,JPN,BRA,692429
2025-05,Client F,Product C,JPN,BRA,517469
2025-06,Client F,Product C,JPN,BRA,641562
2025-07,Client F,Product C,JPN,BRA,491958
2025-08,Client F,Product C,JPN,BRA,584115
2025-09,Client F,Product C,JPN,BRA,587985
2025-10,Client F,Product C,JPN,BRA,657327
2025-11,Client F,Product C,JPN,BRA,695442
2025-12,Client F,Product C,JPN,BRA,590907
2026-01,Client F,Product C,JPN,BRA,722702
2026-02,Client F,Product C,JPN,BRA,737810
2026-03,Client F,Product C,JPN,BRA,604827
2026-04,Client F,Product C,JPN,BRA,594295
2026-05,Client F,Product C,JPN,BRA,557915
2026-06,Client F,Product C,JPN,BRA,539420
2024-01,Client F,Product C,JPN,CHN,553244
2024-02,Client F,Product C,JPN,CHN,586880
2024-03,Client F,Product C,JPN,CHN,600205
2024-04,Client F,Product C,JPN,CHN,681741
2024-05,Client F,Product C,JPN,CHN,832824
2024-06,Client F,Product C,JPN,CHN,899321
2024-07,Client F,Product C,JPN,CHN,806793
2024-08,Client F,Product C,JPN,CHN,863903
2024-09,Client F,Product C,JPN,CHN,800310
2024-10,Client F,Product C,JPN,CHN,722458
2024-11,Client F,Product C,JPN,CHN,550027
2024-12,Client F,Product C,JPN,CHN,525305
2025-01,Client F,Product C,JPN,CHN,412846
2025-02,Client F,Product C,JPN,CHN,457376
2025-03,Client F,Product C,JPN,CHN,532846
2025-04,Client F,Product C,JPN,CHN,706556
2025-05,Client F,Product C,JPN,CHN,789427
2025-06,Client F,Product C,JPN,CHN,849599
2025-07,Client F,Product C,JPN,CHN,777066
2025-08,Client F,Product C,JPN,CHN,896962
2025-09,Client F,Product C,JPN,CHN,741820
2025-10,Client F,Product C,JPN,CHN,575202
2025-11,Client F,Product C,JPN,CHN,470102
2025-12,Client F,Product C,JPN,CHN,395064
2026-01,Client F,Product C,JPN,CHN,354206
2026-02,Client F,Product C,JPN,CHN,485164
2026-03,Client F,Product C,JPN,CHN,567070
2026-04,Client F,Product C,JPN,CHN,543970
2026-05,Client F,Product C,JPN,CHN,706914
2026-06,Client F,Product C,JPN,CHN,813806
2024-01,Client F,Product D,CHE,GBR,1411469
2024-02,Client F,Product D,CHE,GBR,1081138
2024-03,Client F,Product D,CHE,GBR,1030612
2024-04,Client F,Product D,CHE,GBR,836377
2024-05,Client F,Product D,CHE,GBR,875556
2024-06,Client F,Product D,CHE,GBR,903659
2024-07,Client F,Product D,CHE,GBR,808521
2024-08,Client F,Product D,CHE,GBR,899882
2024-09,Client F,Product D,CHE,GBR,1329005
2024-10,Client F,Product D,CHE,GBR,1445422
2024-11,Client F,Product D,CHE,GBR,1475113
2024-12,Client F,Product D,CHE,GBR,1419248
2025-01,Client F,Product D,CHE,GBR,1518079
2025-02,Client F,Product D,CHE,GBR,1160972
2025-03,Client F,Product D,CHE,GBR,1058456
2025-04,Client F,Product D,CHE,GBR,944616
2025-05,Client F,Product D,CHE,GBR,1001627
2025-06,Client F,Product D,CHE,GBR,936254
2025-07,Client F,Product D,CHE,GBR,895445
2025-08,Client F,Product D,CHE,GBR,1135041
2025-09,Client F,Product D,CHE,GBR,1109490
2025-10,Client F,Product D,CHE,GBR,1412578
2025-11,Client F,Product D,CHE,GBR,1357123
2025-12,Client F,Product D,CHE,GBR,1800791
2026-01,Client F,Product D,CHE,GBR,1466492
2026-02,Client F,Product D,CHE,GBR,1234147
2026-03,Client F,Product D,CHE,GBR,1089109
2026-04,Client F,Product D,CHE,GBR,1017831
2026-05,Client F,Product D,CHE,GBR,899002
2026-06,Client F,Product D,CHE,GBR,904832
2024-01,Client F,Product D,JPN,MEX,1133982
2024-02,Client F,Product D,JPN,MEX,1143295
2024-03,Client F,Product D,JPN,MEX,980240
2024-04,Client F,Product D,JPN,MEX,1065844
2024-05,Client F,Product D,JPN,MEX,1015865
2024-06,Client F,Product D,JPN,MEX,844545
2024-07,Client F,Product D,JPN,MEX,789722
2024-08,Client F,Product D,JPN,MEX,774556
2024-09,Client F,Product D,JPN,MEX,829198
2024-10,Client F,Product D,JPN,MEX,809640
2024-11,Client F,Product D,JPN,MEX,844906
2024-12,Client F,Product D,JPN,MEX,1105355
2025-01,Client F,Product D,JPN,MEX,1209873
2025-02,Client F,Product D,JPN,MEX,1354322
2025-03,Client F,Product D,JPN,MEX,1198259
2025-04,Client F,Product D,JPN,MEX,1333475
2025-05,Client F,Product D,JPN,MEX,1223882
2025-06,Client F,Product D,JPN,MEX,1174366
2025-07,Client F,Product D,JPN,MEX,995186
2025-08,Client F,Product D,JPN,MEX,850375
2025-09,Client F,Product D,JPN,MEX,845120
2025-10,Client F,Product D,JPN,MEX,883218
2025-11,Client F,Product D,JPN,MEX,1106932
2025-12,Client F,Product D,JPN,MEX,1207239
2026-01,Client F,Product D,JPN,MEX,1131263
2026-02,Client F,Product D,JPN,MEX,1171229
2026-03,Client F,Product D,JPN,MEX,1417101
2026-04,Client F,Product D,JPN,MEX,1388800
2026-05,Client F,Product D,JPN,MEX,1168062
2026-06,Client F,Product D,JPN,MEX,1331809
2024-01,Client F,Product E,CHE,HKG,650736
2024-02,Client F,Product E,CHE,HKG,722123
2024-03,Client F,Product E,CHE,HKG,628739
2024-04,Client F,Product E,CHE,HKG,754196
2024-05,Client F,Product E,CHE,HKG,630173
2024-06,Client F,Product E,CHE,HKG,562787
2024-07,Client F,Product E,CHE,HKG,586546
2024-08,Client F,Product E,CHE,HKG,617303
2024-09,Client F,Product E,CHE,HKG,480762
2024-10,Client F,Product E,CHE,HKG,547778
2024-11,Client F,Product E,CHE,HKG,568810
2024-12,Client F,Product E,CHE,HKG,673737
2025-01,Client F,Product E,CHE,HKG,754180
2025-02,Client F,Product E,CHE,HKG,822158
2025-03,Client F,Product E,CHE,HKG,802791
2025-04,Client F,Product E,CHE,HKG,689273
2025-05,Client F,Product E,CHE,HKG,770438
2025-06,Client F,Product E,CHE,HKG,555027
2025-07,Client F,Product E,CHE,HKG,572460
2025-08,Client F,Product E,CHE,HKG,584126
2025-09,Client F,Product E,CHE,HKG,583728
2025-10,Client F,Product E,CHE,HKG,577806
2025-11,Client F,Product E,CHE,HKG,660643
2025-12,Client F,Product E,CHE,HKG,746816
2026-01,Client F,Product E,CHE,HKG,657809
2026-02,Client F,Product E,CHE,HKG,783124
2026-03,Client F,Product E,CHE,HKG,800850
2026-04,Client F,Product E,CHE,HKG,865504
2026-05,Client F,Product E,CHE,HKG,631894
2026-06,Client F,Product E,CHE,HKG,715505
2024-01,Client F,Product E,CHE,MEX,397585
2024-02,Client F,Product E,CHE,MEX,392075
2024-03,Client F,Product E,CHE,MEX,327983
2024-04,Client F,Product E,CHE,MEX,363605
2024-05,Client F,Product E,CHE,MEX,541653
2024-06,Client F,Product E,CHE,MEX,634406
2024-07,Client F,Product E,CHE,MEX,668810
2024-08,Client F,Product E,CHE,MEX,572880
2024-09,Client F,Product E,CHE,MEX,644468
2024-10,Client F,Product E,CHE,MEX,631912
2024-11,Client F,Product E,CHE,MEX,512594
2024-12,Client F,Product E,CHE,MEX,446516
2025-01,Client F,Product E,CHE,MEX,436222
2025-02,Client F,Product E,CHE,MEX,353628
2025-03,Client F,Product E,CHE,MEX,444118
2025-04,Client F,Product E,CHE,MEX,548125
2025-05,Client F,Product E,CHE,MEX,580398
2025-06,Client F,Product E,CHE,MEX,715895
2025-07,Client F,Product E,CHE,MEX,737509
2025-08,Client F,Product E,CHE,MEX,824825
2025-09,Client F,Product E,CHE,MEX,698897
2025-10,Client F,Product E,CHE,MEX,736220
2025-11,Client F,Product E,CHE,MEX,664611
2025-12,Client F,Product E,CHE,MEX,540908
2026-01,Client F,Product E,CHE,MEX,464407
2026-02,Client F,Product E,CHE,MEX,444381
2026-03,Client F,Product E,CHE,MEX,537491
2026-04,Client F,Product E,CHE,MEX,630820
2026-05,Client F,Product E,CHE,MEX,732255
2026-06,Client F,Product E,CHE,MEX,775089
2024-01,Client F,Product E,JPN,HKG,1341793
2024-02,Client F,Product E,JPN,HKG,1097283
2024-03,Client F,Product E,JPN,HKG,1045471
2024-04,Client F,Product E,JPN,HKG,911747
2024-05,Client F,Product E,JPN,HKG,1104022
2024-06,Client F,Product E,JPN,HKG,1154565
2024-07,Client F,Product E,JPN,HKG,1429227
2024-08,Client F,Product E,JPN,HKG,1571880
2024-09,Client F,Product E,JPN,HKG,1504222
2024-10,Client F,Product E,JPN,HKG,1469527
2024-11,Client F,Product E,JPN,HKG,1400341
2024-12,Client F,Product E,JPN,HKG,1526274
2025-01,Client F,Product E,JPN,HKG,1292117
2025-02,Client F,Product E,JPN,HKG,1208082
2025-03,Client F,Product E,JPN,HKG,996851
2025-04,Client F,Product E,JPN,HKG,1189652
2025-05,Client F,Product E,JPN,HKG,1224596
2025-06,Client F,Product E,JPN,HKG,1182062
2025-07,Client F,Product E,JPN,HKG,1514800
2025-08,Client F,Product E,JPN,HKG,1493316
2025-09,Client F,Product E,JPN,HKG,1572802
2025-10,Client F,Product E,JPN,HKG,1621501
2025-11,Client F,Product E,JPN,HKG,1566261
2025-12,Client F,Product E,JPN,HKG,1360720
2026-01,Client F,Product E,JPN,HKG,1583922
2026-02,Client F,Product E,JPN,HKG,1207097
2026-03,Client F,Product E,JPN,HKG,1249798
2026-04,Client F,Product E,JPN,HKG,1255093
2026-05,Client F,Product E,JPN,HKG,1317232
2026-06,Client F,Product E,JPN,HKG,1168945
2024-01,Client G,Product E,IRL,BRA,216204
2024-02,Client G,Product E,IRL,BRA,271554
2024-03,Client G,Product E,IRL,BRA,322704
2024-04,Client G,Product E,IRL,BRA,301588
2024-05,Client G,Product E,IRL,BRA,402373
2024-06,Client G,Product E,IRL,BRA,356906
2024-07,Client G,Product E,IRL,BRA,360638
2024-08,Client G,Product E,IRL,BRA,319725
2024-09,Client G,Product E,IRL,BRA,331755
2024-10,Client G,Product E,IRL,BRA,250002
2024-11,Client G,Product E,IRL,BRA,192216
2024-12,Client G,Product E,IRL,BRA,214374
2025-01,Client G,Product E,IRL,BRA,222122
2025-02,Client G,Product E,IRL,BRA,205442
2025-03,Client G,Product E,IRL,BRA,310677
2025-04,Client G,Product E,IRL,BRA,333765
2025-05,Client G,Product E,IRL,BRA,370826
2025-06,Client G,Product E,IRL,BRA,412661
2025-07,Client G,Product E,IRL,BRA,335556
2025-08,Client G,Product E,IRL,BRA,335328
2025-09,Client G,Product E,IRL,BRA,271646
2025-10,Client G,Product E,IRL,BRA,271335
2025-11,Client G,Product E,IRL,BRA,186107
2025-12,Client G,Product E,IRL,BRA,174393
2026-01,Client G,Product E,IRL,BRA,183742
2026-02,Client G,Product E,IRL,BRA,208478
2026-03,Client G,Product E,IRL,BRA,309306
2026-04,Client G,Product E,IRL,BRA,325052
2026-05,Client G,Product E,IRL,BRA,331541
2026-06,Client G,Product E,IRL,BRA,391514
2024-01,Client G,Product E,IRL,JPN,193146
2024-02,Client G,Product E,IRL,JPN,159057
2024-03,Client G,Product E,IRL,JPN,155663
2024-04,Client G,Product E,IRL,JPN,139533
2024-05,Client G,Product E,IRL,JPN,125088
2024-06,Client G,Product E,IRL,JPN,134948
2024-07,Client G,Product E,IRL,JPN,144725
2024-08,Client G,Product E,IRL,JPN,139420
2024-09,Client G,Product E,IRL,JPN,185074
2024-10,Client G,Product E,IRL,JPN,188737
2024-11,Client G,Product E,IRL,JPN,164507
2024-12,Client G,Product E,IRL,JPN,182150
2025-01,Client G,Product E,IRL,JPN,150997
2025-02,Client G,Product E,IRL,JPN,179523
2025-03,Client G,Product E,IRL,JPN,129447
2025-04,Client G,Product E,IRL,JPN,148308
2025-05,Client G,Product E,IRL,JPN,127482
2025-06,Client G,Product E,IRL,JPN,143265
2025-07,Client G,Product E,IRL,JPN,127222
2025-08,Client G,Product E,IRL,JPN,163599
2025-09,Client G,Product E,IRL,JPN,170132
2025-10,Client G,Product E,IRL,JPN,157405
2025-11,Client G,Product E,IRL,JPN,167415
2025-12,Client G,Product E,IRL,JPN,184095
2026-01,Client G,Product E,IRL,JPN,184872
2026-02,Client G,Product E,IRL,JPN,169134
2026-03,Client G,Product E,IRL,JPN,155345
2026-04,Client G,Product E,IRL,JPN,113938
2026-05,Client G,Product E,IRL,JPN,112867
2026-06,Client G,Product E,IRL,JPN,126181
2024-01,Client H,Product B,AUS,GBR,614466
2024-02,Client H,Product B,AUS,GBR,555911
2024-03,Client H,Product B,AUS,GBR,749023
2024-04,Client H,Product B,AUS,GBR,727300
2024-05,Client H,Product B,AUS,GBR,785982
2024-06,Client H,Product B,AUS,GBR,987594
2024-07,Client H,Product B,AUS,GBR,980761
2024-08,Client H,Product B,AUS,GBR,1038859
2024-09,Client H,Product B,AUS,GBR,803778
2024-10,Client H,Product B,AUS,GBR,819132
2024-11,Client H,Product B,AUS,GBR,641980
2024-12,Client H,Product B,AUS,GBR,599613
2025-01,Client H,Product B,AUS,GBR,698636
2025-02,Client H,Product B,AUS,GBR,590480
2025-03,Client H,Product B,AUS,GBR,807774
2025-04,Client H,Product B,AUS,GBR,833644
2025-05,Client H,Product B,AUS,GBR,1048774
2025-06,Client H,Product B,AUS,GBR,882623
2025-07,Client H,Product B,AUS,GBR,925868
2025-08,Client H,Product B,AUS,GBR,859264
2025-09,Client H,Product B,AUS,GBR,848295
2025-10,Client H,Product B,AUS,GBR,739205
2025-11,Client H,Product B,AUS,GBR,641042
2025-12,Client H,Product B,AUS,GBR,656692
2026-01,Client H,Product B,AUS,GBR,591916
2026-02,Client H,Product B,AUS,GBR,608466
2026-03,Client H,Product B,AUS,GBR,878699
2026-04,Client H,Product B,AUS,GBR,891633
2026-05,Client H,Product B,AUS,GBR,1089853
2026-06,Client H,Product B,AUS,GBR,1071957
2024-01,Client H,Product B,AUS,LUX,656535
2024-02,Client H,Product B,AUS,LUX,640743
2024-03,Client H,Product B,AUS,LUX,712698
2024-04,Client H,Product B,AUS,LUX,707618
2024-05,Client H,Product B,AUS,LUX,652421
2024-06,Client H,Product B,AUS,LUX,806793
2024-07,Client H,Product B,AUS,LUX,839918
2024-08,Client H,Product B,AUS,LUX,979359
2024-09,Client H,Product B,AUS,LUX,888517
2024-10,Client H,Product B,AUS,LUX,742704
2024-11,Client H,Product B,AUS,LUX,749530
2024-12,Client H,Product B,AUS,LUX,729813
2025-01,Client H,Product B,AUS,LUX,756995
2025-02,Client H,Product B,AUS,LUX,735419
2025-03,Client H,Product B,AUS,LUX,779449
2025-04,Client H,Product B,AUS,LUX,712918
2025-05,Client H,Product B,AUS,LUX,665650
2025-06,Client H,Product B,AUS,LUX,727399
2025-07,Client H,Product B,AUS,LUX,733662
2025-08,Client H,Product B,AUS,LUX,865457
2025-09,Client H,Product B,AUS,LUX,825258
2025-10,Client H,Product B,AUS,LUX,721170
2025-11,Client H,Product B,AUS,LUX,816411
2025-12,Client H,Product B,AUS,LUX,689468
2026-01,Client H,Product B,AUS,LUX,757327
2026-02,Client H,Product B,AUS,LUX,620016
2026-03,Client H,Product B,AUS,LUX,642649
2026-04,Client H,Product B,AUS,LUX,706070
2026-05,Client H,Product B,AUS,LUX,624130
2026-06,Client H,Product B,AUS,LUX,660014
2024-01,Client H,Product C,AUS,MLT,884240
2024-02,Client H,Product C,AUS,MLT,1185115
2024-03,Client H,Product C,AUS,MLT,1254440
2024-04,Client H,Product C,AUS,MLT,1280622
2024-05,Client H,Product C,AUS,MLT,1366307
2024-06,Client H,Product C,AUS,MLT,1399009
2024-07,Client H,Product C,AUS,MLT,1090520
2024-08,Client H,Product C,AUS,MLT,1013148
2024-09,Client H,Product C,AUS,MLT,679783
2024-10,Client H,Product C,AUS,MLT,620700
2024-11,Client H,Product C,AUS,MLT,602480
2024-12,Client H,Product C,AUS,MLT,623636
2025-01,Client H,Product C,AUS,MLT,996852
2025-02,Client H,Product C,AUS,MLT,984433
2025-03,Client H,Product C,AUS,MLT,1419322
2025-04,Client H,Product C,AUS,MLT,1218644
2025-05,Client H,Product C,AUS,MLT,1603748
2025-06,Client H,Product C,AUS,MLT,1268869
2025-07,Client H,Product C,AUS,MLT,1084296
2025-08,Client H,Product C,AUS,MLT,995978
2025-09,Client H,Product C,AUS,MLT,811267
2025-10,Client H,Product C,AUS,MLT,756560
2025-11,Client H,Product C,AUS,MLT,691568
2025-12,Client H,Product C,AUS,MLT,740013
2026-01,Client H,Product C,AUS,MLT,900643
2026-02,Client H,Product C,AUS,MLT,1239079
2026-03,Client H,Product C,AUS,MLT,1323015
2026-04,Client H,Product C,AUS,MLT,1452727
2026-05,Client H,Product C,AUS,MLT,1614019
2026-06,Client H,Product C,AUS,MLT,1381285
2024-01,Client H,Product D,AUS,ARE,473538
2024-02,Client H,Product D,AUS,ARE,392248
2024-03,Client H,Product D,AUS,ARE,432950
2024-04,Client H,Product D,AUS,ARE,559926
2024-05,Client H,Product D,AUS,ARE,588907
2024-06,Client H,Product D,AUS,ARE,795118
2024-07,Client H,Product D,AUS,ARE,986385
2024-08,Client H,Product D,AUS,ARE,839262
2024-09,Client H,Product D,AUS,ARE,869626
2024-10,Client H,Product D,AUS,ARE,730402
2024-11,Client H,Product D,AUS,ARE,718228
2024-12,Client H,Product D,AUS,ARE,593337
2025-01,Client H,Product D,AUS,ARE,506998
2025-02,Client H,Product D,AUS,ARE,433048
2025-03,Client H,Product D,AUS,ARE,428194
2025-04,Client H,Product D,AUS,ARE,554953
2025-05,Client H,Product D,AUS,ARE,685357
2025-06,Client H,Product D,AUS,ARE,787823
2025-07,Client H,Product D,AUS,ARE,830628
2025-08,Client H,Product D,AUS,ARE,820864
2025-09,Client H,Product D,AUS,ARE,889807
2025-10,Client H,Product D,AUS,ARE,714057
2025-11,Client H,Product D,AUS,ARE,618273
2025-12,Client H,Product D,AUS,ARE,560027
2026-01,Client H,Product D,AUS,ARE,488491
2026-02,Client H,Product D,AUS,ARE,417769
2026-03,Client H,Product D,AUS,ARE,371675
2026-04,Client H,Product D,AUS,ARE,439207
2026-05,Client H,Product D,AUS,ARE,568499
2026-06,Client H,Product D,AUS,ARE,725882
2024-01,Client H,Product D,AUS,NLD,1495878
2024-02,Client H,Product D,AUS,NLD,1689176
2024-03,Client H,Product D,AUS,NLD,1953785
2024-04,Client H,Product D,AUS,NLD,1541854
2024-05,Client H,Product D,AUS,NLD,1644922
2024-06,Client H,Product D,AUS,NLD,1075111
2024-07,Client H,Product D,AUS,NLD,869842
2024-08,Client H,Product D,AUS,NLD,719095
2024-09,Client H,Product D,AUS,NLD,633979
2024-10,Client H,Product D,AUS,NLD,769753
2024-11,Client H,Product D,AUS,NLD,1067649
2024-12,Client H,Product D,AUS,NLD,1150781
2025-01,Client H,Product D,AUS,NLD,1368675
2025-02,Client H,Product D,AUS,NLD,1586481
2025-03,Client H,Product D,AUS,NLD,1696128
2025-04,Client H,Product D,AUS,NLD,1517992
2025-05,Client H,Product D,AUS,NLD,1327432
2025-06,Client H,Product D,AUS,NLD,1220959
2025-07,Client H,Product D,AUS,NLD,1003024
2025-08,Client H,Product D,AUS,NLD,792376
2025-09,Client H,Product D,AUS,NLD,643258
2025-10,Client H,Product D,AUS,NLD,845648
2025-11,Client H,Product D,AUS,NLD,893787
2025-12,Client H,Product D,AUS,NLD,1282206
2026-01,Client H,Product D,AUS,NLD,1449613
2026-02,Client H,Product D,AUS,NLD,1446159
2026-03,Client H,Product D,AUS,NLD,1481193
2026-04,Client H,Product D,AUS,NLD,1394425
2026-05,Client H,Product D,AUS,NLD,1112584
2026-06,Client H,Product D,AUS,NLD,898971
2024-01,Client I,Product B,IND,CYM,1722544
2024-02,Client I,Product B,IND,CYM,2171170
2024-03,Client I,Product B,IND,CYM,1772969
2024-04,Client I,Product B,IND,CYM,1977930
2024-05,Client I,Product B,IND,CYM,2202919
2024-06,Client I,Product B,IND,CYM,2252937
2024-07,Client I,Product B,IND,CYM,2236205
2024-08,Client I,Product B,IND,CYM,1931753
2024-09,Client I,Product B,IND,CYM,2023993
2024-10,Client I,Product B,IND,CYM,1980748
2024-11,Client I,Product B,IND,CYM,1833303
2024-12,Client I,Product B,IND,CYM,1747706
2025-01,Client I,Product B,IND,CYM,1770960
2025-02,Client I,Product B,IND,CYM,1786512
2025-03,Client I,Product B,IND,CYM,2046712
2025-04,Client I,Product B,IND,CYM,2388108
2025-05,Client I,Product B,IND,CYM,2553818
2025-06,Client I,Product B,IND,CYM,1997611
2025-07,Client I,Product B,IND,CYM,2493253
2025-08,Client I,Product B,IND,CYM,2278718
2025-09,Client I,Product B,IND,CYM,1830575
2025-10,Client I,Product B,IND,CYM,1775491
2025-11,Client I,Product B,IND,CYM,1637425
2025-12,Client I,Product B,IND,CYM,1739973
2026-01,Client I,Product B,IND,CYM,1711770
2026-02,Client I,Product B,IND,CYM,2225135
2026-03,Client I,Product B,IND,CYM,2216689
2026-04,Client I,Product B,IND,CYM,2068508
2026-05,Client I,Product B,IND,CYM,2060311
2026-06,Client I,Product B,IND,CYM,2097141
2024-01,Client I,Product B,IND,KOR,2229958
2024-02,Client I,Product B,IND,KOR,2301094
2024-03,Client I,Product B,IND,KOR,2766808
2024-04,Client I,Product B,IND,KOR,2577848
2024-05,Client I,Product B,IND,KOR,2452486
2024-06,Client I,Product B,IND,KOR,2175860
2024-07,Client I,Product B,IND,KOR,1960070
2024-08,Client I,Product B,IND,KOR,1867150
2024-09,Client I,Product B,IND,KOR,1781766
2024-10,Client I,Product B,IND,KOR,1746528
2024-11,Client I,Product B,IND,KOR,1819325
2024-12,Client I,Product B,IND,KOR,1698927
2025-01,Client I,Product B,IND,KOR,2124755
2025-02,Client I,Product B,IND,KOR,2732235
2025-03,Client I,Product B,IND,KOR,2374484
2025-04,Client I,Product B,IND,KOR,2476122
2025-05,Client I,Product B,IND,KOR,2692536
2025-06,Client I,Product B,IND,KOR,2245300
2025-07,Client I,Product B,IND,KOR,2382560
2025-08,Client I,Product B,IND,KOR,1930077
2025-09,Client I,Product B,IND,KOR,1959627
2025-10,Client I,Product B,IND,KOR,1775222
2025-11,Client I,Product B,IND,KOR,1688291
2025-12,Client I,Product B,IND,KOR,2252703
2026-01,Client I,Product B,IND,KOR,2035099
2026-02,Client I,Product B,IND,KOR,2654148
2026-03,Client I,Product B,IND,KOR,2325845
2026-04,Client I,Product B,IND,KOR,2604278
2026-05,Client I,Product B,IND,KOR,2932513
2026-06,Client I,Product B,IND,KOR,2256064
2024-01,Client I,Product C,IND,CHN,1804771
2024-02,Client I,Product C,IND,CHN,1919780
2024-03,Client I,Product C,IND,CHN,1981364
2024-04,Client I,Product C,IND,CHN,2464553
2024-05,Client I,Product C,IND,CHN,2208099
2024-06,Client I,Product C,IND,CHN,1740757
2024-07,Client I,Product C,IND,CHN,1956964
2024-08,Client I,Product C,IND,CHN,1481550
2024-09,Client I,Product C,IND,CHN,1512884
2024-10,Client I,Product C,IND,CHN,1591570
2024-11,Client I,Product C,IND,CHN,1653491
2024-12,Client I,Product C,IND,CHN,1666638
2025-01,Client I,Product C,IND,CHN,2117992
2025-02,Client I,Product C,IND,CHN,2241292
2025-03,Client I,Product C,IND,CHN,2431412
2025-04,Client I,Product C,IND,CHN,2708456
2025-05,Client I,Product C,IND,CHN,2574632
2025-06,Client I,Product C,IND,CHN,2184689
2025-07,Client I,Product C,IND,CHN,2076841
2025-08,Client I,Product C,IND,CHN,1591693
2025-09,Client I,Product C,IND,CHN,1696612
2025-10,Client I,Product C,IND,CHN,1567013
2025-11,Client I,Product C,IND,CHN,1859699
2025-12,Client I,Product C,IND,CHN,1870944
2026-01,Client I,Product C,IND,CHN,2268285
2026-02,Client I,Product C,IND,CHN,2546807
2026-03,Client I,Product C,IND,CHN,2591500
2026-04,Client I,Product C,IND,CHN,2310048
2026-05,Client I,Product C,IND,CHN,2656318
2026-06,Client I,Product C,IND,CHN,2469191
2024-01,Client I,Product C,IND,LUX,778694
2024-02,Client I,Product C,IND,LUX,827260
2024-03,Client I,Product C,IND,LUX,794105
2024-04,Client I,Product C,IND,LUX,1150852
2024-05,Client I,Product C,IND,LUX,1439776
2024-06,Client I,Product C,IND,LUX,1648467
2024-07,Client I,Product C,IND,LUX,1679325
2024-08,Client I,Product C,IND,LUX,1745272
2024-09,Client I,Product C,IND,LUX,1811869
2024-10,Client I,Product C,IND,LUX,1466287
2024-11,Client I,Product C,IND,LUX,1324250
2024-12,Client I,Product C,IND,LUX,962864
2025-01,Client I,Product C,IND,LUX,915754
2025-02,Client I,Product C,IND,LUX,928503
2025-03,Client I,Product C,IND,LUX,905075
2025-04,Client I,Product C,IND,LUX,1098872
2025-05,Client I,Product C,IND,LUX,1395810
2025-06,Client I,Product C,IND,LUX,1815033
2025-07,Client I,Product C,IND,LUX,1954839
2025-08,Client I,Product C,IND,LUX,2111243
2025-09,Client I,Product C,IND,LUX,1925897
2025-10,Client I,Product C,IND,LUX,1716135
2025-11,Client I,Product C,IND,LUX,1547940
2025-12,Client I,Product C,IND,LUX,1036086
2026-01,Client I,Product C,IND,LUX,1061622
2026-02,Client I,Product C,IND,LUX,920827
2026-03,Client I,Product C,IND,LUX,1155643
2026-04,Client I,Product C,IND,LUX,1391571
2026-05,Client I,Product C,IND,LUX,1577208
2026-06,Client I,Product C,IND,LUX,1891482
2024-01,Client I,Product D,IND,HKG,1426314
2024-02,Client I,Product D,IND,HKG,1094085
2024-03,Client I,Product D,IND,HKG,924578
2024-04,Client I,Product D,IND,HKG,768507
2024-05,Client I,Product D,IND,HKG,761170
2024-06,Client I,Product D,IND,HKG,790180
2024-07,Client I,Product D,IND,HKG,1039359
2024-08,Client I,Product D,IND,HKG,1195244
2024-09,Client I,Product D,IND,HKG,1352898
2024-10,Client I,Product D,IND,HKG,1521541
2024-11,Client I,Product D,IND,HKG,1492401
2024-12,Client I,Product D,IND,HKG,1450391
2025-01,Client I,Product D,IND,HKG,1390208
2025-02,Client I,Product D,IND,HKG,1046876
2025-03,Client I,Product D,IND,HKG,841900
2025-04,Client I,Product D,IND,HKG,697120
2025-05,Client I,Product D,IND,HKG,650601
2025-06,Client I,Product D,IND,HKG,697380
2025-07,Client I,Product D,IND,HKG,880956
2025-08,Client I,Product D,IND,HKG,1120676
2025-09,Client I,Product D,IND,HKG,1325259
2025-10,Client I,Product D,IND,HKG,1605676
2025-11,Client I,Product D,IND,HKG,1745839
2025-12,Client I,Product D,IND,HKG,1467806
2026-01,Client I,Product D,IND,HKG,1346445
2026-02,Client I,Product D,IND,HKG,1042880
2026-03,Client I,Product D,IND,HKG,856753
2026-04,Client I,Product D,IND,HKG,679452
2026-05,Client I,Product D,IND,HKG,656685
2026-06,Client I,Product D,IND,HKG,865413
2024-01,Client I,Product D,IND,SGP,750806
2024-02,Client I,Product D,IND,SGP,736453
2024-03,Client I,Product D,IND,SGP,769100
2024-04,Client I,Product D,IND,SGP,1034486
2024-05,Client I,Product D,IND,SGP,900504
2024-06,Client I,Product D,IND,SGP,968892
2024-07,Client I,Product D,IND,SGP,886704
2024-08,Client I,Product D,IND,SGP,914959
2024-09,Client I,Product D,IND,SGP,706290
2024-10,Client I,Product D,IND,SGP,656026
2024-11,Client I,Product D,IND,SGP,644856
2024-12,Client I,Product D,IND,SGP,660492
2025-01,Client I,Product D,IND,SGP,650975
2025-02,Client I,Product D,IND,SGP,720611
2025-03,Client I,Product D,IND,SGP,920898
2025-04,Client I,Product D,IND,SGP,886079
2025-05,Client I,Product D,IND,SGP,823939
2025-06,Client I,Product D,IND,SGP,1034493
2025-07,Client I,Product D,IND,SGP,880498
2025-08,Client I,Product D,IND,SGP,818036
2025-09,Client I,Product D,IND,SGP,697444
2025-10,Client I,Product D,IND,SGP,774448
2025-11,Client I,Product D,IND,SGP,639036
2025-12,Client I,Product D,IND,SGP,655244
2026-01,Client I,Product D,IND,SGP,609039
2026-02,Client I,Product D,IND,SGP,654333
2026-03,Client I,Product D,IND,SGP,708108
2026-04,Client I,Product D,IND,SGP,889893
2026-05,Client I,Product D,IND,SGP,816530
2026-06,Client I,Product D,IND,SGP,853099
2024-01,Client I,Product D,IND,ZAF,1103354
2024-02,Client I,Product D,IND,ZAF,1063376
2024-03,Client I,Product D,IND,ZAF,1057475
2024-04,Client I,Product D,IND,ZAF,1038071
2024-05,Client I,Product D,IND,ZAF,1209635
2024-06,Client I,Product D,IND,ZAF,1522319
2024-07,Client I,Product D,IND,ZAF,1656407
2024-08,Client I,Product D,IND,ZAF,2067299
2024-09,Client I,Product D,IND,ZAF,1663484
2024-10,Client I,Product D,IND,ZAF,1691641
2024-11,Client I,Product D,IND,ZAF,1630429
2024-12,Client I,Product D,IND,ZAF,1438432
2025-01,Client I,Product D,IND,ZAF,1126370
2025-02,Client I,Product D,IND,ZAF,1128234
2025-03,Client I,Product D,IND,ZAF,1253345
2025-04,Client I,Product D,IND,ZAF,1295099
2025-05,Client I,Product D,IND,ZAF,1427937
2025-06,Client I,Product D,IND,ZAF,1527461
2025-07,Client I,Product D,IND,ZAF,1698805
2025-08,Client I,Product D,IND,ZAF,2404717
2025-09,Client I,Product D,IND,ZAF,1968015
2025-10,Client I,Product D,IND,ZAF,2151318
2025-11,Client I,Product D,IND,ZAF,1903008
2025-12,Client I,Product D,IND,ZAF,1705488
2026-01,Client I,Product D,IND,ZAF,1611054
2026-02,Client I,Product D,IND,ZAF,1369087
2026-03,Client I,Product D,IND,ZAF,1255812
2026-04,Client I,Product D,IND,ZAF,1330304
2026-05,Client I,Product D,IND,ZAF,1580169
2026-06,Client I,Product D,IND,ZAF,1992616
2024-01,Client I,Product E,IND,MEX,584253
2024-02,Client I,Product E,IND,MEX,671321
2024-03,Client I,Product E,IND,MEX,735546
2024-04,Client I,Product E,IND,MEX,1113489
2024-05,Client I,Product E,IND,MEX,1200510
2024-06,Client I,Product E,IND,MEX,1097589
2024-07,Client I,Product E,IND,MEX,1227984
2024-08,Client I,Product E,IND,MEX,945580
2024-09,Client I,Product E,IND,MEX,918628
2024-10,Client I,Product E,IND,MEX,588207
2024-11,Client I,Product E,IND,MEX,498211
2024-12,Client I,Product E,IND,MEX,462423
2025-01,Client I,Product E,IND,MEX,532865
2025-02,Client I,Product E,IND,MEX,682453
2025-03,Client I,Product E,IND,MEX,671076
2025-04,Client I,Product E,IND,MEX,917602
2025-05,Client I,Product E,IND,MEX,930628
2025-06,Client I,Product E,IND,MEX,1175414
2025-07,Client I,Product E,IND,MEX,1061599
2025-08,Client I,Product E,IND,MEX,938436
2025-09,Client I,Product E,IND,MEX,684102
2025-10,Client I,Product E,IND,MEX,562133
2025-11,Client I,Product E,IND,MEX,430989
2025-12,Client I,Product E,IND,MEX,444982
2026-01,Client I,Product E,IND,MEX,467013
2026-02,Client I,Product E,IND,MEX,490535
2026-03,Client I,Product E,IND,MEX,625510
2026-04,Client I,Product E,IND,MEX,852599
2026-05,Client I,Product E,IND,MEX,943462
2026-06,Client I,Product E,IND,MEX,944370
2024-01,Client I,Product E,IND,POL,884054
2024-02,Client I,Product E,IND,POL,1016063
2024-03,Client I,Product E,IND,POL,1214943
2024-04,Client I,Product E,IND,POL,1256029
2024-05,Client I,Product E,IND,POL,1541347
2024-06,Client I,Product E,IND,POL,1414576
2024-07,Client I,Product E,IND,POL,1570368
2024-08,Client I,Product E,IND,POL,1530845
2024-09,Client I,Product E,IND,POL,1026451
2024-10,Client I,Product E,IND,POL,1085208
2024-11,Client I,Product E,IND,POL,892487
2024-12,Client I,Product E,IND,POL,851252
2025-01,Client I,Product E,IND,POL,803123
2025-02,Client I,Product E,IND,POL,1015134
2025-03,Client I,Product E,IND,POL,1282999
2025-04,Client I,Product E,IND,POL,1523703
2025-05,Client I,Product E,IND,POL,1827965
2025-06,Client I,Product E,IND,POL,1875044
2025-07,Client I,Product E,IND,POL,1582505
2025-08,Client I,Product E,IND,POL,1638205
2025-09,Client I,Product E,IND,POL,1243043
2025-10,Client I,Product E,IND,POL,1060517
2025-11,Client I,Product E,IND,POL,918207
2025-12,Client I,Product E,IND,POL,820834
2026-01,Client I,Product E,IND,POL,1009381
2026-02,Client I,Product E,IND,POL,1194355
2026-03,Client I,Product E,IND,POL,1422498
2026-04,Client I,Product E,IND,POL,1866950
2026-05,Client I,Product E,IND,POL,1695797
2026-06,Client I,Product E,IND,POL,2088153
2024-01,Client I,Product E,IND,ZAF,1003048
2024-02,Client I,Product E,IND,ZAF,985890
2024-03,Client I,Product E,IND,ZAF,937658
2024-04,Client I,Product E,IND,ZAF,843387
2024-05,Client I,Product E,IND,ZAF,708969
2024-06,Client I,Product E,IND,ZAF,822988
2024-07,Client I,Product E,IND,ZAF,721821
2024-08,Client I,Product E,IND,ZAF,772007
2024-09,Client I,Product E,IND,ZAF,783326
2024-10,Client I,Product E,IND,ZAF,848369
2024-11,Client I,Product E,IND,ZAF,860836
2024-12,Client I,Product E,IND,ZAF,1024431
2025-01,Client I,Product E,IND,ZAF,1057896
2025-02,Client I,Product E,IND,ZAF,1090615
2025-03,Client I,Product E,IND,ZAF,1127872
2025-04,Client I,Product E,IND,ZAF,1017835
2025-05,Client I,Product E,IND,ZAF,900858
2025-06,Client I,Product E,IND,ZAF,929023
2025-07,Client I,Product E,IND,ZAF,866748
2025-08,Client I,Product E,IND,ZAF,817796
2025-09,Client I,Product E,IND,ZAF,815324
2025-10,Client I,Product E,IND,ZAF,852234
2025-11,Client I,Product E,IND,ZAF,938416
2025-12,Client I,Product E,IND,ZAF,978248
2026-01,Client I,Product E,IND,ZAF,1277989
2026-02,Client I,Product E,IND,ZAF,1287724
2026-03,Client I,Product E,IND,ZAF,1020238
2026-04,Client I,Product E,IND,ZAF,1174052
2026-05,Client I,Product E,IND,ZAF,950045
2026-06,Client I,Product E,IND,ZAF,872577
2024-01,Client J,Product A,CAN,ARE,460029
2024-02,Client J,Product A,CAN,ARE,397742
2024-03,Client J,Product A,CAN,ARE,364849
2024-04,Client J,Product A,CAN,ARE,428986
2024-05,Client J,Product A,CAN,ARE,450612
2024-06,Client J,Product A,CAN,ARE,569807
2024-07,Client J,Product A,CAN,ARE,620296
2024-08,Client J,Product A,CAN,ARE,760229
2024-09,Client J,Product A,CAN,ARE,797536
2024-10,Client J,Product A,CAN,ARE,756357
2024-11,Client J,Product A,CAN,ARE,660641
2024-12,Client J,Product A,CAN,ARE,604541
2025-01,Client J,Product A,CAN,ARE,606083
2025-02,Client J,Product A,CAN,ARE,538506
2025-03,Client J,Product A,CAN,ARE,499593
2025-04,Client J,Product A,CAN,ARE,444477
2025-05,Client J,Product A,CAN,ARE,456204
2025-06,Client J,Product A,CAN,ARE,551077
2025-07,Client J,Product A,CAN,ARE,651758
2025-08,Client J,Product A,CAN,ARE,740874
2025-09,Client J,Product A,CAN,ARE,761841
2025-10,Client J,Product A,CAN,ARE,948845
2025-11,Client J,Product A,CAN,ARE,782418
2025-12,Client J,Product A,CAN,ARE,750130
2026-01,Client J,Product A,CAN,ARE,551013
2026-02,Client J,Product A,CAN,ARE,488183
2026-03,Client J,Product A,CAN,ARE,513435
2026-04,Client J,Product A,CAN,ARE,532463
2026-05,Client J,Product A,CAN,ARE,607973
2026-06,Client J,Product A,CAN,ARE,649223
2024-01,Client J,Product A,CAN,BMU,691041
2024-02,Client J,Product A,CAN,BMU,648480
2024-03,Client J,Product A,CAN,BMU,491837
2024-04,Client J,Product A,CAN,BMU,552677
2024-05,Client J,Product A,CAN,BMU,539863
2024-06,Client J,Product A,CAN,BMU,511010
2024-07,Client J,Product A,CAN,BMU,614025
2024-08,Client J,Product A,CAN,BMU,666545
2024-09,Client J,Product A,CAN,BMU,676855
2024-10,Client J,Product A,CAN,BMU,703672
2024-11,Client J,Product A,CAN,BMU,783577
2024-12,Client J,Product A,CAN,BMU,711714
2025-01,Client J,Product A,CAN,BMU,638249
2025-02,Client J,Product A,CAN,BMU,635220
2025-03,Client J,Product A,CAN,BMU,544336
2025-04,Client J,Product A,CAN,BMU,481444
2025-05,Client J,Product A,CAN,BMU,469926
2025-06,Client J,Product A,CAN,BMU,553393
2025-07,Client J,Product A,CAN,BMU,593893
2025-08,Client J,Product A,CAN,BMU,617785
2025-09,Client J,Product A,CAN,BMU,592403
2025-10,Client J,Product A,CAN,BMU,725163
2025-11,Client J,Product A,CAN,BMU,615545
2025-12,Client J,Product A,CAN,BMU,758760
2026-01,Client J,Product A,CAN,BMU,726344
2026-02,Client J,Product A,CAN,BMU,654808
2026-03,Client J,Product A,CAN,BMU,619210
2026-04,Client J,Product A,CAN,BMU,495885
2026-05,Client J,Product A,CAN,BMU,526503
2026-06,Client J,Product A,CAN,BMU,567921
2024-01,Client J,Product A,CAN,JPN,587030
2024-02,Client J,Product A,CAN,JPN,566983
2024-03,Client J,Product A,CAN,JPN,549312
2024-04,Client J,Product A,CAN,JPN,484987
2024-05,Client J,Product A,CAN,JPN,426267
2024-06,Client J,Product A,CAN,JPN,515410
2024-07,Client J,Product A,CAN,JPN,566425
2024-08,Client J,Product A,CAN,JPN,499225
2024-09,Client J,Product A,CAN,JPN,570878
2024-10,Client J,Product A,CAN,JPN,679793
2024-11,Client J,Product A,CAN,JPN,548054
2024-12,Client J,Product A,CAN,JPN,597833
2025-01,Client J,Product A,CAN,JPN,644791
2025-02,Client J,Product A,CAN,JPN,519864
2025-03,Client J,Product A,CAN,JPN,440303
2025-04,Client J,Product A,CAN,JPN,450314
2025-05,Client J,Product A,CAN,JPN,439216
2025-06,Client J,Product A,CAN,JPN,450211
2025-07,Client J,Product A,CAN,JPN,473555
2025-08,Client J,Product A,CAN,JPN,452188
2025-09,Client J,Product A,CAN,JPN,480281
2025-10,Client J,Product A,CAN,JPN,526018
2025-11,Client J,Product A,CAN,JPN,498685
2025-12,Client J,Product A,CAN,JPN,547256
2026-01,Client J,Product A,CAN,JPN,443261
2026-02,Client J,Product A,CAN,JPN,483681
2026-03,Client J,Product A,CAN,JPN,388981
2026-04,Client J,Product A,CAN,JPN,354016
2026-05,Client J,Product A,CAN,JPN,416693
2026-06,Client J,Product A,CAN,JPN,364426
2024-01,Client J,Product A,IND,ARE,310328
2024-02,Client J,Product A,IND,ARE,231361
2024-03,Client J,Product A,IND,ARE,312341
2024-04,Client J,Product A,IND,ARE,385678
2024-05,Client J,Product A,IND,ARE,424072
2024-06,Client J,Product A,IND,ARE,528798
2024-07,Client J,Product A,IND,ARE,624783
2024-08,Client J,Product A,IND,ARE,540525
2024-09,Client J,Product A,IND,ARE,513879
2024-10,Client J,Product A,IND,ARE,489812
2024-11,Client J,Product A,IND,ARE,384698
2024-12,Client J,Product A,IND,ARE,354145
2025-01,Client J,Product A,IND,ARE,291575
2025-02,Client J,Product A,IND,ARE,307946
2025-03,Client J,Product A,IND,ARE,347162
2025-04,Client J,Product A,IND,ARE,418202
2025-05,Client J,Product A,IND,ARE,450006
2025-06,Client J,Product A,IND,ARE,599476
2025-07,Client J,Product A,IND,ARE,610720
2025-08,Client J,Product A,IND,ARE,618051
2025-09,Client J,Product A,IND,ARE,621256
2025-10,Client J,Product A,IND,ARE,481272
2025-11,Client J,Product A,IND,ARE,475312
2025-12,Client J,Product A,IND,ARE,356421
2026-01,Client J,Product A,IND,ARE,289732
2026-02,Client J,Product A,IND,ARE,279094
2026-03,Client J,Product A,IND,ARE,330035
2026-04,Client J,Product A,IND,ARE,408301
2026-05,Client J,Product A,IND,ARE,481100
2026-06,Client J,Product A,IND,ARE,572932
2024-01,Client J,Product A,IND,HKG,224569
2024-02,Client J,Product A,IND,HKG,217976
2024-03,Client J,Product A,IND,HKG,212730
2024-04,Client J,Product A,IND,HKG,276684
2024-05,Client J,Product A,IND,HKG,253713
2024-06,Client J,Product A,IND,HKG,276671
2024-07,Client J,Product A,IND,HKG,260498
2024-08,Client J,Product A,IND,HKG,279455
2024-09,Client J,Product A,IND,HKG,259567
2024-10,Client J,Product A,IND,HKG,224440
2024-11,Client J,Product A,IND,HKG,253560
2024-12,Client J,Product A,IND,HKG,192402
2025-01,Client J,Product A,IND,HKG,242751
2025-02,Client J,Product A,IND,HKG,256987
2025-03,Client J,Product A,IND,HKG,237241
2025-04,Client J,Product A,IND,HKG,263436
2025-05,Client J,Product A,IND,HKG,234654
2025-06,Client J,Product A,IND,HKG,274530
2025-07,Client J,Product A,IND,HKG,287065
2025-08,Client J,Product A,IND,HKG,243838
2025-09,Client J,Product A,IND,HKG,239813
2025-10,Client J,Product A,IND,HKG,214675
2025-11,Client J,Product A,IND,HKG,253492
2025-12,Client J,Product A,IND,HKG,203897
2026-01,Client J,Product A,IND,HKG,241475
2026-02,Client J,Product A,IND,HKG,267979
2026-03,Client J,Product A,IND,HKG,271333
2026-04,Client J,Product A,IND,HKG,267144
2026-05,Client J,Product A,IND,HKG,263579
2026-06,Client J,Product A,IND,HKG,323451
2024-01,Client J,Product A,IND,KOR,506185
2024-02,Client J,Product A,IND,KOR,558631
2024-03,Client J,Product A,IND,KOR,640321
2024-04,Client J,Product A,IND,KOR,636849
2024-05,Client J,Product A,IND,KOR,653003
2024-06,Client J,Product A,IND,KOR,593144
2024-07,Client J,Product A,IND,KOR,575074
2024-08,Client J,Product A,IND,KOR,556033
2024-09,Client J,Product A,IND,KOR,645549
2024-10,Client J,Product A,IND,KOR,499332
2024-11,Client J,Product A,IND,KOR,603986
2024-12,Client J,Product A,IND,KOR,465064
2025-01,Client J,Product A,IND,KOR,488785
2025-02,Client J,Product A,IND,KOR,572687
2025-03,Client J,Product A,IND,KOR,489403
2025-04,Client J,Product A,IND,KOR,520890
2025-05,Client J,Product A,IND,KOR,602205
2025-06,Client J,Product A,IND,KOR,623535
2025-07,Client J,Product A,IND,KOR,654354
2025-08,Client J,Product A,IND,KOR,649567
2025-09,Client J,Product A,IND,KOR,641544
2025-10,Client J,Product A,IND,KOR,528187
2025-11,Client J,Product A,IND,KOR,581491
2025-12,Client J,Product A,IND,KOR,472606
2026-01,Client J,Product A,IND,KOR,479354
2026-02,Client J,Product A,IND,KOR,571296
2026-03,Client J,Product A,IND,KOR,576074
2026-04,Client J,Product A,IND,KOR,553035
2026-05,Client J,Product A,IND,KOR,636586
2026-06,Client J,Product A,IND,KOR,623704
2024-01,Client J,Product C,CAN,GBR,1274398
2024-02,Client J,Product C,CAN,GBR,1265231
2024-03,Client J,Product C,CAN,GBR,1505418
2024-04,Client J,Product C,CAN,GBR,1509693
2024-05,Client J,Product C,CAN,GBR,1484334
2024-06,Client J,Product C,CAN,GBR,1425471
2024-07,Client J,Product C,CAN,GBR,1398154
2024-08,Client J,Product C,CAN,GBR,1228977
2024-09,Client J,Product C,CAN,GBR,1127042
2024-10,Client J,Product C,CAN,GBR,1029011
2024-11,Client J,Product C,CAN,GBR,1235318
2024-12,Client J,Product C,CAN,GBR,1287673
2025-01,Client J,Product C,CAN,GBR,1110522
2025-02,Client J,Product C,CAN,GBR,1273084
2025-03,Client J,Product C,CAN,GBR,1164039
2025-04,Client J,Product C,CAN,GBR,1181389
2025-05,Client J,Product C,CAN,GBR,1343517
2025-06,Client J,Product C,CAN,GBR,1352830
2025-07,Client J,Product C,CAN,GBR,1311252
2025-08,Client J,Product C,CAN,GBR,1116323
2025-09,Client J,Product C,CAN,GBR,1068374
2025-10,Client J,Product C,CAN,GBR,974906
2025-11,Client J,Product C,CAN,GBR,921942
2025-12,Client J,Product C,CAN,GBR,927732
2026-01,Client J,Product C,CAN,GBR,1219105
2026-02,Client J,Product C,CAN,GBR,1070894
2026-03,Client J,Product C,CAN,GBR,1085833
2026-04,Client J,Product C,CAN,GBR,1291699
2026-05,Client J,Product C,CAN,GBR,1038348
2026-06,Client J,Product C,CAN,GBR,1200528
2024-01,Client J,Product C,IND,HKG,476936
2024-02,Client J,Product C,IND,HKG,597255
2024-03,Client J,Product C,IND,HKG,504957
2024-04,Client J,Product C,IND,HKG,506976
2024-05,Client J,Product C,IND,HKG,505557
2024-06,Client J,Product C,IND,HKG,464671
2024-07,Client J,Product C,IND,HKG,393649
2024-08,Client J,Product C,IND,HKG,384452
2024-09,Client J,Product C,IND,HKG,388024
2024-10,Client J,Product C,IND,HKG,443453
2024-11,Client J,Product C,IND,HKG,516096
2024-12,Client J,Product C,IND,HKG,543341
2025-01,Client J,Product C,IND,HKG,486171
2025-02,Client J,Product C,IND,HKG,559020
2025-03,Client J,Product C,IND,HKG,487755
2025-04,Client J,Product C,IND,HKG,465881
2025-05,Client J,Product C,IND,HKG,376860
2025-06,Client J,Product C,IND,HKG,435190
2025-07,Client J,Product C,IND,HKG,348565
2025-08,Client J,Product C,IND,HKG,382130
2025-09,Client J,Product C,IND,HKG,443413
2025-10,Client J,Product C,IND,HKG,401206
2025-11,Client J,Product C,IND,HKG,471195
2025-12,Client J,Product C,IND,HKG,500042
2026-01,Client J,Product C,IND,HKG,440597
2026-02,Client J,Product C,IND,HKG,467128
2026-03,Client J,Product C,IND,HKG,478930
2026-04,Client J,Product C,IND,HKG,411381
2026-05,Client J,Product C,IND,HKG,359925
2026-06,Client J,Product C,IND,HKG,375462
2024-01,Client J,Product C,IND,POL,383648
2024-02,Client J,Product C,IND,POL,331097
2024-03,Client J,Product C,IND,POL,385325
2024-04,Client J,Product C,IND,POL,295839
2024-05,Client J,Product C,IND,POL,286567
2024-06,Client J,Product C,IND,POL,296641
2024-07,Client J,Product C,IND,POL,299224
2024-08,Client J,Product C,IND,POL,319432
2024-09,Client J,Product C,IND,POL,345693
2024-10,Client J,Product C,IND,POL,385333
2024-11,Client J,Product C,IND,POL,333984
2024-12,Client J,Product C,IND,POL,441156
2025-01,Client J,Product C,IND,POL,428078
2025-02,Client J,Product C,IND,POL,371415
2025-03,Client J,Product C,IND,POL,418209
2025-04,Client J,Product C,IND,POL,433070
2025-05,Client J,Product C,IND,POL,332488
2025-06,Client J,Product C,IND,POL,295167
2025-07,Client J,Product C,IND,POL,342685
2025-08,Client J,Product C,IND,POL,362962
2025-09,Client J,Product C,IND,POL,339655
2025-10,Client J,Product C,IND,POL,342922
2025-11,Client J,Product C,IND,POL,412802
2025-12,Client J,Product C,IND,POL,413127
2026-01,Client J,Product C,IND,POL,454288
2026-02,Client J,Product C,IND,POL,450516
2026-03,Client J,Product C,IND,POL,463102
2026-04,Client J,Product C,IND,POL,494631
2026-05,Client J,Product C,IND,POL,417052
2026-06,Client J,Product C,IND,POL,417995
2024-01,Client J,Product C,IND,SWE,357396
2024-02,Client J,Product C,IND,SWE,415268
2024-03,Client J,Product C,IND,SWE,394911
2024-04,Client J,Product C,IND,SWE,324686
2024-05,Client J,Product C,IND,SWE,342244
2024-06,Client J,Product C,IND,SWE,241925
2024-07,Client J,Product C,IND,SWE,219986
2024-08,Client J,Product C,IND,SWE,206897
2024-09,Client J,Product C,IND,SWE,269693
2024-10,Client J,Product C,IND,SWE,249349
2024-11,Client J,Product C,IND,SWE,384890
2024-12,Client J,Product C,IND,SWE,442360
2025-01,Client J,Product C,IND,SWE,471824
2025-02,Client J,Product C,IND,SWE,424271
2025-03,Client J,Product C,IND,SWE,481912
2025-04,Client J,Product C,IND,SWE,390540
2025-05,Client J,Product C,IND,SWE,355210
2025-06,Client J,Product C,IND,SWE,299052
2025-07,Client J,Product C,IND,SWE,240760
2025-08,Client J,Product C,IND,SWE,290090
2025-09,Client J,Product C,IND,SWE,305766
2025-10,Client J,Product C,IND,SWE,294052
2025-11,Client J,Product C,IND,SWE,378819
2025-12,Client J,Product C,IND,SWE,475883
2026-01,Client J,Product C,IND,SWE,530290
2026-02,Client J,Product C,IND,SWE,603440
2026-03,Client J,Product C,IND,SWE,515925
2026-04,Client J,Product C,IND,SWE,419477
2026-05,Client J,Product C,IND,SWE,399217
2026-06,Client J,Product C,IND,SWE,385128
2024-01,Client K,Product B,FRA,NGA,1547694
2024-02,Client K,Product B,FRA,NGA,1563272
2024-03,Client K,Product B,FRA,NGA,1875224
2024-04,Client K,Product B,FRA,NGA,2263861
2024-05,Client K,Product B,FRA,NGA,2292826
2024-06,Client K,Product B,FRA,NGA,2021356
2024-07,Client K,Product B,FRA,NGA,1819932
2024-08,Client K,Product B,FRA,NGA,1867668
2024-09,Client K,Product B,FRA,NGA,1711649
2024-10,Client K,Product B,FRA,NGA,1484064
2024-11,Client K,Product B,FRA,NGA,1816883
2024-12,Client K,Product B,FRA,NGA,1522967
2025-01,Client K,Product B,FRA,NGA,1871565
2025-02,Client K,Product B,FRA,NGA,2052606
2025-03,Client K,Product B,FRA,NGA,2268690
2025-04,Client K,Product B,FRA,NGA,2127768
2025-05,Client K,Product B,FRA,NGA,2271545
2025-06,Client K,Product B,FRA,NGA,2387648
2025-07,Client K,Product B,FRA,NGA,2194630
2025-08,Client K,Product B,FRA,NGA,2253899
2025-09,Client K,Product B,FRA,NGA,1949065
2025-10,Client K,Product B,FRA,NGA,1822496
2025-11,Client K,Product B,FRA,NGA,1490935
2025-12,Client K,Product B,FRA,NGA,1655079
2026-01,Client K,Product B,FRA,NGA,1973693
2026-02,Client K,Product B,FRA,NGA,1990316
2026-03,Client K,Product B,FRA,NGA,2453620
2026-04,Client K,Product B,FRA,NGA,2310258
2026-05,Client K,Product B,FRA,NGA,2139396
2026-06,Client K,Product B,FRA,NGA,2311471
2024-01,Client K,Product C,FRA,NGA,811034
2024-02,Client K,Product C,FRA,NGA,680763
2024-03,Client K,Product C,FRA,NGA,758262
2024-04,Client K,Product C,FRA,NGA,707235
2024-05,Client K,Product C,FRA,NGA,706687
2024-06,Client K,Product C,FRA,NGA,552813
2024-07,Client K,Product C,FRA,NGA,620487
2024-08,Client K,Product C,FRA,NGA,617706
2024-09,Client K,Product C,FRA,NGA,650526
2024-10,Client K,Product C,FRA,NGA,716030
2024-11,Client K,Product C,FRA,NGA,799520
2024-12,Client K,Product C,FRA,NGA,807572
2025-01,Client K,Product C,FRA,NGA,894745
2025-02,Client K,Product C,FRA,NGA,846564
2025-03,Client K,Product C,FRA,NGA,733269
2025-04,Client K,Product C,FRA,NGA,682474
2025-05,Client K,Product C,FRA,NGA,659543
2025-06,Client K,Product C,FRA,NGA,684423
2025-07,Client K,Product C,FRA,NGA,765595
2025-08,Client K,Product C,FRA,NGA,667048
2025-09,Client K,Product C,FRA,NGA,871659
2025-10,Client K,Product C,FRA,NGA,945141
2025-11,Client K,Product C,FRA,NGA,847280
2025-12,Client K,Product C,FRA,NGA,984511
2026-01,Client K,Product C,FRA,NGA,847569
2026-02,Client K,Product C,FRA,NGA,876003
2026-03,Client K,Product C,FRA,NGA,942664
2026-04,Client K,Product C,FRA,NGA,810959
2026-05,Client K,Product C,FRA,NGA,854205
2026-06,Client K,Product C,FRA,NGA,766426
2024-01,Client K,Product C,FRA,POL,468356
2024-02,Client K,Product C,FRA,POL,428487
2024-03,Client K,Product C,FRA,POL,487566
2024-04,Client K,Product C,FRA,POL,387354
2024-05,Client K,Product C,FRA,POL,394573
2024-06,Client K,Product C,FRA,POL,332841
2024-07,Client K,Product C,FRA,POL,305785
2024-08,Client K,Product C,FRA,POL,254624
2024-09,Client K,Product C,FRA,POL,253879
2024-10,Client K,Product C,FRA,POL,290676
2024-11,Client K,Product C,FRA,POL,364868
2024-12,Client K,Product C,FRA,POL,411157
2025-01,Client K,Product C,FRA,POL,442714
2025-02,Client K,Product C,FRA,POL,457883
2025-03,Client K,Product C,FRA,POL,431683
2025-04,Client K,Product C,FRA,POL,394867
2025-05,Client K,Product C,FRA,POL,371761
2025-06,Client K,Product C,FRA,POL,260273
2025-07,Client K,Product C,FRA,POL,272169
2025-08,Client K,Product C,FRA,POL,251764
2025-09,Client K,Product C,FRA,POL,255029
2025-10,Client K,Product C,FRA,POL,277605
2025-11,Client K,Product C,FRA,POL,312133
2025-12,Client K,Product C,FRA,POL,327707
2026-01,Client K,Product C,FRA,POL,349341
2026-02,Client K,Product C,FRA,POL,340661
2026-03,Client K,Product C,FRA,POL,365543
2026-04,Client K,Product C,FRA,POL,359627
2026-05,Client K,Product C,FRA,POL,311128
2026-06,Client K,Product C,FRA,POL,256831
2024-01,Client K,Product E,FRA,AUS,338208
2024-02,Client K,Product E,FRA,AUS,336739
2024-03,Client K,Product E,FRA,AUS,348019
2024-04,Client K,Product E,FRA,AUS,367100
2024-05,Client K,Product E,FRA,AUS,333199
2024-06,Client K,Product E,FRA,AUS,268158
2024-07,Client K,Product E,FRA,AUS,291394
2024-08,Client K,Product E,FRA,AUS,224770
2024-09,Client K,Product E,FRA,AUS,289454
2024-10,Client K,Product E,FRA,AUS,296971
2024-11,Client K,Product E,FRA,AUS,392318
2024-12,Client K,Product E,FRA,AUS,364602
2025-01,Client K,Product E,FRA,AUS,380909
2025-02,Client K,Product E,FRA,AUS,475099
2025-03,Client K,Product E,FRA,AUS,438680
2025-04,Client K,Product E,FRA,AUS,342313
2025-05,Client K,Product E,FRA,AUS,386566
2025-06,Client K,Product E,FRA,AUS,328488
2025-07,Client K,Product E,FRA,AUS,263063
2025-08,Client K,Product E,FRA,AUS,323757
2025-09,Client K,Product E,FRA,AUS,283341
2025-10,Client K,Product E,FRA,AUS,340152
2025-11,Client K,Product E,FRA,AUS,388930
2025-12,Client K,Product E,FRA,AUS,398094
2026-01,Client K,Product E,FRA,AUS,423498
2026-02,Client K,Product E,FRA,AUS,457922
2026-03,Client K,Product E,FRA,AUS,491184
2026-04,Client K,Product E,FRA,AUS,475275
2026-05,Client K,Product E,FRA,AUS,420483
2026-06,Client K,Product E,FRA,AUS,387895
2024-01,Client K,Product E,FRA,NGA,766734
2024-02,Client K,Product E,FRA,NGA,660146
2024-03,Client K,Product E,FRA,NGA,695721
2024-04,Client K,Product E,FRA,NGA,550254
2024-05,Client K,Product E,FRA,NGA,494712
2024-06,Client K,Product E,FRA,NGA,611611
2024-07,Client K,Product E,FRA,NGA,586441
2024-08,Client K,Product E,FRA,NGA,784441
2024-09,Client K,Product E,FRA,NGA,824023
2024-10,Client K,Product E,FRA,NGA,927698
2024-11,Client K,Product E,FRA,NGA,774485
2024-12,Client K,Product E,FRA,NGA,967952
2025-01,Client K,Product E,FRA,NGA,846106
2025-02,Client K,Product E,FRA,NGA,905199
2025-03,Client K,Product E,FRA,NGA,700455
2025-04,Client K,Product E,FRA,NGA,710773
2025-05,Client K,Product E,FRA,NGA,664998
2025-06,Client K,Product E,FRA,NGA,665045
2025-07,Client K,Product E,FRA,NGA,646815
2025-08,Client K,Product E,FRA,NGA,698225
2025-09,Client K,Product E,FRA,NGA,928522
2025-10,Client K,Product E,FRA,NGA,991295
2025-11,Client K,Product E,FRA,NGA,1143069
2025-12,Client K,Product E,FRA,NGA,989197
2026-01,Client K,Product E,FRA,NGA,861655
2026-02,Client K,Product E,FRA,NGA,1019486
2026-03,Client K,Product E,FRA,NGA,892915
2026-04,Client K,Product E,FRA,NGA,703833
2026-05,Client K,Product E,FRA,NGA,769074
2026-06,Client K,Product E,FRA,NGA,656359
2024-01,Client K,Product E,FRA,NLD,206462
2024-02,Client K,Product E,FRA,NLD,289564
2024-03,Client K,Product E,FRA,NLD,315158
2024-04,Client K,Product E,FRA,NLD,443126
2024-05,Client K,Product E,FRA,NLD,474657
2024-06,Client K,Product E,FRA,NLD,501651
2024-07,Client K,Product E,FRA,NLD,437333
2024-08,Client K,Product E,FRA,NLD,389977
2024-09,Client K,Product E,FRA,NLD,380136
2024-10,Client K,Product E,FRA,NLD,234455
2024-11,Client K,Product E,FRA,NLD,243888
2024-12,Client K,Product E,FRA,NLD,236981
2025-01,Client K,Product E,FRA,NLD,238244
2025-02,Client K,Product E,FRA,NLD,331884
2025-03,Client K,Product E,FRA,NLD,364061
2025-04,Client K,Product E,FRA,NLD,464876
2025-05,Client K,Product E,FRA,NLD,494676
2025-06,Client K,Product E,FRA,NLD,507915
2025-07,Client K,Product E,FRA,NLD,442239
2025-08,Client K,Product E,FRA,NLD,458676
2025-09,Client K,Product E,FRA,NLD,380456
2025-10,Client K,Product E,FRA,NLD,275721
2025-11,Client K,Product E,FRA,NLD,232673
2025-12,Client K,Product E,FRA,NLD,229203
2026-01,Client K,Product E,FRA,NLD,243996
2026-02,Client K,Product E,FRA,NLD,284035
2026-03,Client K,Product E,FRA,NLD,419373
2026-04,Client K,Product E,FRA,NLD,436910
2026-05,Client K,Product E,FRA,NLD,475489
2026-06,Client K,Product E,FRA,NLD,617912
2024-01,Client L,Product A,JPN,NLD,2347542
2024-02,Client L,Product A,JPN,NLD,2576282
2024-03,Client L,Product A,JPN,NLD,2927218
2024-04,Client L,Product A,JPN,NLD,2531520
2024-05,Client L,Product A,JPN,NLD,2474980
2024-06,Client L,Product A,JPN,NLD,2175503
2024-07,Client L,Product A,JPN,NLD,2012154
2024-08,Client L,Product A,JPN,NLD,2365802
2024-09,Client L,Product A,JPN,NLD,2322085
2024-10,Client L,Product A,JPN,NLD,2267568
2024-11,Client L,Product A,JPN,NLD,2107252
2024-12,Client L,Product A,JPN,NLD,2603652
2025-01,Client L,Product A,JPN,NLD,2378885
2025-02,Client L,Product A,JPN,NLD,2253236
2025-03,Client L,Product A,JPN,NLD,2648082
2025-04,Client L,Product A,JPN,NLD,2231012
2025-05,Client L,Product A,JPN,NLD,2534512
2025-06,Client L,Product A,JPN,NLD,2286790
2025-07,Client L,Product A,JPN,NLD,1826433
2025-08,Client L,Product A,JPN,NLD,1887794
2025-09,Client L,Product A,JPN,NLD,1709160
2025-10,Client L,Product A,JPN,NLD,2251734
2025-11,Client L,Product A,JPN,NLD,2201830
2025-12,Client L,Product A,JPN,NLD,1949961
2026-01,Client L,Product A,JPN,NLD,2365428
2026-02,Client L,Product A,JPN,NLD,2155699
2026-03,Client L,Product A,JPN,NLD,2453012
2026-04,Client L,Product A,JPN,NLD,2231342
2026-05,Client L,Product A,JPN,NLD,2562191
2026-06,Client L,Product A,JPN,NLD,2035375
2024-01,Client L,Product C,JPN,BRA,744857
2024-02,Client L,Product C,JPN,BRA,981194
2024-03,Client L,Product C,JPN,BRA,899489
2024-04,Client L,Product C,JPN,BRA,1029769
2024-05,Client L,Product C,JPN,BRA,985036
2024-06,Client L,Product C,JPN,BRA,958120
2024-07,Client L,Product C,JPN,BRA,692071
2024-08,Client L,Product C,JPN,BRA,670054
2024-09,Client L,Product C,JPN,BRA,645340
2024-10,Client L,Product C,JPN,BRA,651205
2024-11,Client L,Product C,JPN,BRA,654823
2024-12,Client L,Product C,JPN,BRA,619532
2025-01,Client L,Product C,JPN,BRA,833956
2025-02,Client L,Product C,JPN,BRA,829820
2025-03,Client L,Product C,JPN,BRA,968340
2025-04,Client L,Product C,JPN,BRA,777060
2025-05,Client L,Product C,JPN,BRA,912856
2025-06,Client L,Product C,JPN,BRA,748690
2025-07,Client L,Product C,JPN,BRA,610668
2025-08,Client L,Product C,JPN,BRA,574033
2025-09,Client L,Product C,JPN,BRA,622876
2025-10,Client L,Product C,JPN,BRA,530027
2025-11,Client L,Product C,JPN,BRA,632759
2025-12,Client L,Product C,JPN,BRA,609884
2026-01,Client L,Product C,JPN,BRA,723109
2026-02,Client L,Product C,JPN,BRA,810798
2026-03,Client L,Product C,JPN,BRA,715986
2026-04,Client L,Product C,JPN,BRA,812101
2026-05,Client L,Product C,JPN,BRA,774368
2026-06,Client L,Product C,JPN,BRA,706075
2024-01,Client L,Product C,JPN,CYM,869740
2024-02,Client L,Product C,JPN,CYM,998810
2024-03,Client L,Product C,JPN,CYM,969591
2024-04,Client L,Product C,JPN,CYM,958102
2024-05,Client L,Product C,JPN,CYM,767803
2024-06,Client L,Product C,JPN,CYM,743875
2024-07,Client L,Product C,JPN,CYM,552010
2024-08,Client L,Product C,JPN,CYM,579275
2024-09,Client L,Product C,JPN,CYM,460555
2024-10,Client L,Product C,JPN,CYM,571242
2024-11,Client L,Product C,JPN,CYM,536249
2024-12,Client L,Product C,JPN,CYM,708982
2025-01,Client L,Product C,JPN,CYM,811519
2025-02,Client L,Product C,JPN,CYM,755209
2025-03,Client L,Product C,JPN,CYM,805328
2025-04,Client L,Product C,JPN,CYM,840785
2025-05,Client L,Product C,JPN,CYM,761615
2025-06,Client L,Product C,JPN,CYM,782348
2025-07,Client L,Product C,JPN,CYM,563210
2025-08,Client L,Product C,JPN,CYM,571902
2025-09,Client L,Product C,JPN,CYM,536872
2025-10,Client L,Product C,JPN,CYM,538726
2025-11,Client L,Product C,JPN,CYM,628268
2025-12,Client L,Product C,JPN,CYM,635701
2026-01,Client L,Product C,JPN,CYM,657990
2026-02,Client L,Product C,JPN,CYM,863821
2026-03,Client L,Product C,JPN,CYM,893555
2026-04,Client L,Product C,JPN,CYM,699469
2026-05,Client L,Product C,JPN,CYM,763546
2026-06,Client L,Product C,JPN,CYM,668623
2024-01,Client L,Product C,JPN,ZAF,238006
2024-02,Client L,Product C,JPN,ZAF,318643
2024-03,Client L,Product C,JPN,ZAF,296529
2024-04,Client L,Product C,JPN,ZAF,385875
2024-05,Client L,Product C,JPN,ZAF,456099
2024-06,Client L,Product C,JPN,ZAF,455395
2024-07,Client L,Product C,JPN,ZAF,607575
2024-08,Client L,Product C,JPN,ZAF,533656
2024-09,Client L,Product C,JPN,ZAF,455117
2024-10,Client L,Product C,JPN,ZAF,488841
2024-11,Client L,Product C,JPN,ZAF,348295
2024-12,Client L,Product C,JPN,ZAF,347403
2025-01,Client L,Product C,JPN,ZAF,340988
2025-02,Client L,Product C,JPN,ZAF,365763
2025-03,Client L,Product C,JPN,ZAF,327766
2025-04,Client L,Product C,JPN,ZAF,489468
2025-05,Client L,Product C,JPN,ZAF,587717
2025-06,Client L,Product C,JPN,ZAF,634911
2025-07,Client L,Product C,JPN,ZAF,645172
2025-08,Client L,Product C,JPN,ZAF,694696
2025-09,Client L,Product C,JPN,ZAF,577181
2025-10,Client L,Product C,JPN,ZAF,549246
2025-11,Client L,Product C,JPN,ZAF,450816
2025-12,Client L,Product C,JPN,ZAF,438282
2026-01,Client L,Product C,JPN,ZAF,337099
2026-02,Client L,Product C,JPN,ZAF,359612
2026-03,Client L,Product C,JPN,ZAF,422679
2026-04,Client L,Product C,JPN,ZAF,525371
2026-05,Client L,Product C,JPN,ZAF,534313
2026-06,Client L,Product C,JPN,ZAF,599019
2024-01,Client L,Product D,JPN,GBR,2252331
2024-02,Client L,Product D,JPN,GBR,2569736
2024-03,Client L,Product D,JPN,GBR,2511243
2024-04,Client L,Product D,JPN,GBR,2065274
2024-05,Client L,Product D,JPN,GBR,2699265
2024-06,Client L,Product D,JPN,GBR,2452453
2024-07,Client L,Product D,JPN,GBR,3093080
2024-08,Client L,Product D,JPN,GBR,2521097
2024-09,Client L,Product D,JPN,GBR,3305841
2024-10,Client L,Product D,JPN,GBR,2920023
2024-11,Client L,Product D,JPN,GBR,2863004
2024-12,Client L,Product D,JPN,GBR,2474721
2025-01,Client L,Product D,JPN,GBR,2266466
2025-02,Client L,Product D,JPN,GBR,2400131
2025-03,Client L,Product D,JPN,GBR,2272974
2025-04,Client L,Product D,JPN,GBR,2094801
2025-05,Client L,Product D,JPN,GBR,2237739
2025-06,Client L,Product D,JPN,GBR,2373200
2025-07,Client L,Product D,JPN,GBR,2353517
2025-08,Client L,Product D,JPN,GBR,3112280
2025-09,Client L,Product D,JPN,GBR,2559014
2025-10,Client L,Product D,JPN,GBR,2619375
2025-11,Client L,Product D,JPN,GBR,2813698
2025-12,Client L,Product D,JPN,GBR,2496292
2026-01,Client L,Product D,JPN,GBR,2463895
2026-02,Client L,Product D,JPN,GBR,2286243
2026-03,Client L,Product D,JPN,GBR,1921029
2026-04,Client L,Product D,JPN,GBR,2124113
2026-05,Client L,Product D,JPN,GBR,1901938
2026-06,Client L,Product D,JPN,GBR,2633675
2024-01,Client L,Product E,JPN,CHE,379708
2024-02,Client L,Product E,JPN,CHE,476964
2024-03,Client L,Product E,JPN,CHE,408384
2024-04,Client L,Product E,JPN,CHE,340122
2024-05,Client L,Product E,JPN,CHE,260768
2024-06,Client L,Product E,JPN,CHE,251913
2024-07,Client L,Product E,JPN,CHE,236893
2024-08,Client L,Product E,JPN,CHE,235039
2024-09,Client L,Product E,JPN,CHE,270222
2024-10,Client L,Product E,JPN,CHE,320094
2024-11,Client L,Product E,JPN,CHE,432128
2024-12,Client L,Product E,JPN,CHE,381578
2025-01,Client L,Product E,JPN,CHE,411831
2025-02,Client L,Product E,JPN,CHE,443625
2025-03,Client L,Product E,JPN,CHE,410233
2025-04,Client L,Product E,JPN,CHE,342359
2025-05,Client L,Product E,JPN,CHE,337166
2025-06,Client L,Product E,JPN,CHE,281150
2025-07,Client L,Product E,JPN,CHE,211351
2025-08,Client L,Product E,JPN,CHE,240508
2025-09,Client L,Product E,JPN,CHE,254274
2025-10,Client L,Product E,JPN,CHE,344642
2025-11,Client L,Product E,JPN,CHE,346767
2025-12,Client L,Product E,JPN,CHE,387637
2026-01,Client L,Product E,JPN,CHE,440177
2026-02,Client L,Product E,JPN,CHE,418771
2026-03,Client L,Product E,JPN,CHE,356607
2026-04,Client L,Product E,JPN,CHE,300355
2026-05,Client L,Product E,JPN,CHE,327075
2026-06,Client L,Product E,JPN,CHE,254259
2024-01,Client L,Product E,JPN,NLD,842762
2024-02,Client L,Product E,JPN,NLD,732902
2024-03,Client L,Product E,JPN,NLD,685054
2024-04,Client L,Product E,JPN,NLD,651917
2024-05,Client L,Product E,JPN,NLD,592727
2024-06,Client L,Product E,JPN,NLD,652420
2024-07,Client L,Product E,JPN,NLD,871388
2024-08,Client L,Product E,JPN,NLD,1000868
2024-09,Client L,Product E,JPN,NLD,1144923
2024-10,Client L,Product E,JPN,NLD,1009703
2024-11,Client L,Product E,JPN,NLD,1160262
2024-12,Client L,Product E,JPN,NLD,1171633
2025-01,Client L,Product E,JPN,NLD,1205522
2025-02,Client L,Product E,JPN,NLD,955440
2025-03,Client L,Product E,JPN,NLD,869885
2025-04,Client L,Product E,JPN,NLD,769698
2025-05,Client L,Product E,JPN,NLD,775832
2025-06,Client L,Product E,JPN,NLD,743668
2025-07,Client L,Product E,JPN,NLD,862765
2025-08,Client L,Product E,JPN,NLD,987184
2025-09,Client L,Product E,JPN,NLD,1077635
2025-10,Client L,Product E,JPN,NLD,1119586
2025-11,Client L,Product E,JPN,NLD,1179518
2025-12,Client L,Product E,JPN,NLD,1368949
2026-01,Client L,Product E,JPN,NLD,1230387
2026-02,Client L,Product E,JPN,NLD,1073891
2026-03,Client L,Product E,JPN,NLD,841671
2026-04,Client L,Product E,JPN,NLD,820114
2026-05,Client L,Product E,JPN,NLD,970471
2026-06,Client L,Product E,JPN,NLD,878923
2024-01,Client L,Product E,JPN,SWE,741234
2024-02,Client L,Product E,JPN,SWE,729017
2024-03,Client L,Product E,JPN,SWE,575566
2024-04,Client L,Product E,JPN,SWE,627542
2024-05,Client L,Product E,JPN,SWE,652139
2024-06,Client L,Product E,JPN,SWE,609368
2024-07,Client L,Product E,JPN,SWE,549026
2024-08,Client L,Product E,JPN,SWE,725563
2024-09,Client L,Product E,JPN,SWE,719610
2024-10,Client L,Product E,JPN,SWE,789352
2024-11,Client L,Product E,JPN,SWE,649187
2024-12,Client L,Product E,JPN,SWE,797808
2025-01,Client L,Product E,JPN,SWE,794701
2025-02,Client L,Product E,JPN,SWE,718893
2025-03,Client L,Product E,JPN,SWE,638960
2025-04,Client L,Product E,JPN,SWE,535697
2025-05,Client L,Product E,JPN,SWE,508955
2025-06,Client L,Product E,JPN,SWE,567679
2025-07,Client L,Product E,JPN,SWE,688065
2025-08,Client L,Product E,JPN,SWE,572415
2025-09,Client L,Product E,JPN,SWE,757014
2025-10,Client L,Product E,JPN,SWE,657167
2025-11,Client L,Product E,JPN,SWE,824903
2025-12,Client L,Product E,JPN,SWE,735012
2026-01,Client L,Product E,JPN,SWE,620181
2026-02,Client L,Product E,JPN,SWE,665027
2026-03,Client L,Product E,JPN,SWE,640538
2026-04,Client L,Product E,JPN,SWE,586006
2026-05,Client L,Product E,JPN,SWE,518548
2026-06,Client L,Product E,JPN,SWE,574523
2024-01,All clients,Product A,ARE,IMN,120815
2024-02,All clients,Product A,ARE,IMN,146802
2024-03,All clients,Product A,ARE,IMN,152895
2024-04,All clients,Product A,ARE,IMN,171249
2024-05,All clients,Product A,ARE,IMN,168804
2024-06,All clients,Product A,ARE,IMN,160354
2024-07,All clients,Product A,ARE,IMN,200314
2024-08,All clients,Product A,ARE,IMN,195395
2024-09,All clients,Product A,ARE,IMN,212567
2024-10,All clients,Product A,ARE,IMN,167609
2024-11,All clients,Product A,ARE,IMN,163558
2024-12,All clients,Product A,ARE,IMN,152071
2025-01,All clients,Product A,ARE,IMN,137533
2025-02,All clients,Product A,ARE,IMN,132860
2025-03,All clients,Product A,ARE,IMN,145962
2025-04,All clients,Product A,ARE,IMN,166465
2025-05,All clients,Product A,ARE,IMN,153998
2025-06,All clients,Product A,ARE,IMN,162085
2025-07,All clients,Product A,ARE,IMN,191242
2025-08,All clients,Product A,ARE,IMN,202792
2025-09,All clients,Product A,ARE,IMN,187846
2025-10,All clients,Product A,ARE,IMN,175227
2025-11,All clients,Product A,ARE,IMN,167236
2025-12,All clients,Product A,ARE,IMN,147796
2026-01,All clients,Product A,ARE,IMN,141849
2026-02,All clients,Product A,ARE,IMN,137383
2026-03,All clients,Product A,ARE,IMN,151219
2026-04,All clients,Product A,ARE,IMN,164582
2026-05,All clients,Product A,ARE,IMN,166549
2026-06,All clients,Product A,ARE,IMN,183662
2024-01,All clients,Product A,ARE,NGA,1815341
2024-02,All clients,Product A,ARE,NGA,2175647
2024-03,All clients,Product A,ARE,NGA,1887609
2024-04,All clients,Product A,ARE,NGA,1884243
2024-05,All clients,Product A,ARE,NGA,1820081
2024-06,All clients,Product A,ARE,NGA,1819651
2024-07,All clients,Product A,ARE,NGA,2149133
2024-08,All clients,Product A,ARE,NGA,2263044
2024-09,All clients,Product A,ARE,NGA,2601195
2024-10,All clients,Product A,ARE,NGA,2223577
2024-11,All clients,Product A,ARE,NGA,2561883
2024-12,All clients,Product A,ARE,NGA,2360035
2025-01,All clients,Product A,ARE,NGA,2627477
2025-02,All clients,Product A,ARE,NGA,1996758
2025-03,All clients,Product A,ARE,NGA,1831615
2025-04,All clients,Product A,ARE,NGA,1804576
2025-05,All clients,Product A,ARE,NGA,2150266
2025-06,All clients,Product A,ARE,NGA,1996796
2025-07,All clients,Product A,ARE,NGA,2155347
2025-08,All clients,Product A,ARE,NGA,2819125
2025-09,All clients,Product A,ARE,NGA,2878383
2025-10,All clients,Product A,ARE,NGA,3396692
2025-11,All clients,Product A,ARE,NGA,2980898
2025-12,All clients,Product A,ARE,NGA,3290322
2026-01,All clients,Product A,ARE,NGA,3013179
2026-02,All clients,Product A,ARE,NGA,2964316
2026-03,All clients,Product A,ARE,NGA,2258025
2026-04,All clients,Product A,ARE,NGA,2081618
2026-05,All clients,Product A,ARE,NGA,2436930
2026-06,All clients,Product A,ARE,NGA,2675233
2024-01,All clients,Product A,ARE,NOR,616095
2024-02,All clients,Product A,ARE,NOR,667366
2024-03,All clients,Product A,ARE,NOR,803644
2024-04,All clients,Product A,ARE,NOR,653206
2024-05,All clients,Product A,ARE,NOR,795123
2024-06,All clients,Product A,ARE,NOR,822227
2024-07,All clients,Product A,ARE,NOR,738029
2024-08,All clients,Product A,ARE,NOR,676732
2024-09,All clients,Product A,ARE,NOR,553239
2024-10,All clients,Product A,ARE,NOR,456767
2024-11,All clients,Product A,ARE,NOR,557747
2024-12,All clients,Product A,ARE,NOR,589334
2025-01,All clients,Product A,ARE,NOR,604368
2025-02,All clients,Product A,ARE,NOR,661735
2025-03,All clients,Product A,ARE,NOR,677891
2025-04,All clients,Product A,ARE,NOR,795257
2025-05,All clients,Product A,ARE,NOR,750356
2025-06,All clients,Product A,ARE,NOR,606967
2025-07,All clients,Product A,ARE,NOR,555682
2025-08,All clients,Product A,ARE,NOR,630754
2025-09,All clients,Product A,ARE,NOR,484495
2025-10,All clients,Product A,ARE,NOR,500431
2025-11,All clients,Product A,ARE,NOR,522498
2025-12,All clients,Product A,ARE,NOR,479422
2026-01,All clients,Product A,ARE,NOR,520885
2026-02,All clients,Product A,ARE,NOR,658772
2026-03,All clients,Product A,ARE,NOR,639994
2026-04,All clients,Product A,ARE,NOR,716478
2026-05,All clients,Product A,ARE,NOR,733213
2026-06,All clients,Product A,ARE,NOR,707959
2024-01,All clients,Product A,BRA,DNK,739644
2024-02,All clients,Product A,BRA,DNK,728772
2024-03,All clients,Product A,BRA,DNK,767243
2024-04,All clients,Product A,BRA,DNK,771711
2024-05,All clients,Product A,BRA,DNK,604941
2024-06,All clients,Product A,BRA,DNK,625245
2024-07,All clients,Product A,BRA,DNK,658236
2024-08,All clients,Product A,BRA,DNK,731293
2024-09,All clients,Product A,BRA,DNK,844274
2024-10,All clients,Product A,BRA,DNK,777036
2024-11,All clients,Product A,BRA,DNK,829211
2024-12,All clients,Product A,BRA,DNK,893466
2025-01,All clients,Product A,BRA,DNK,956469
2025-02,All clients,Product A,BRA,DNK,773233
2025-03,All clients,Product A,BRA,DNK,799878
2025-04,All clients,Product A,BRA,DNK,698705
2025-05,All clients,Product A,BRA,DNK,681330
2025-06,All clients,Product A,BRA,DNK,613873
2025-07,All clients,Product A,BRA,DNK,716814
2025-08,All clients,Product A,BRA,DNK,859792
2025-09,All clients,Product A,BRA,DNK,869556
2025-10,All clients,Product A,BRA,DNK,1004758
2025-11,All clients,Product A,BRA,DNK,802969
2025-12,All clients,Product A,BRA,DNK,958913
2026-01,All clients,Product A,BRA,DNK,983991
2026-02,All clients,Product A,BRA,DNK,880780
2026-03,All clients,Product A,BRA,DNK,864498
2026-04,All clients,Product A,BRA,DNK,740540
2026-05,All clients,Product A,BRA,DNK,637296
2026-06,All clients,Product A,BRA,DNK,657488
2024-01,All clients,Product A,CAN,ARE,1354108
2024-02,All clients,Product A,CAN,ARE,1170200
2024-03,All clients,Product A,CAN,ARE,1458067
2024-04,All clients,Product A,CAN,ARE,1330386
2024-05,All clients,Product A,CAN,ARE,1839382
2024-06,All clients,Product A,CAN,ARE,1945768
2024-07,All clients,Product A,CAN,ARE,1663229
2024-08,All clients,Product A,CAN,ARE,2462856
2024-09,All clients,Product A,CAN,ARE,3093905
2024-10,All clients,Product A,CAN,ARE,2969123
2024-11,All clients,Product A,CAN,ARE,1948186
2024-12,All clients,Product A,CAN,ARE,2072230
2025-01,All clients,Product A,CAN,ARE,1595112
2025-02,All clients,Product A,CAN,ARE,2256811
2025-03,All clients,Product A,CAN,ARE,1587428
2025-04,All clients,Product A,CAN,ARE,1270026
2025-05,All clients,Product A,CAN,ARE,1813654
2025-06,All clients,Product A,CAN,ARE,2025686
2025-07,All clients,Product A,CAN,ARE,1971659
2025-08,All clients,Product A,CAN,ARE,2107784
2025-09,All clients,Product A,CAN,ARE,2786479
2025-10,All clients,Product A,CAN,ARE,2992927
2025-11,All clients,Product A,CAN,ARE,2133821
2025-12,All clients,Product A,CAN,ARE,2623628
2026-01,All clients,Product A,CAN,ARE,1735305
2026-02,All clients,Product A,CAN,ARE,1493504
2026-03,All clients,Product A,CAN,ARE,2125014
2026-04,All clients,Product A,CAN,ARE,1531045
2026-05,All clients,Product A,CAN,ARE,1723139
2026-06,All clients,Product A,CAN,ARE,2535814
2024-01,All clients,Product A,CAN,BMU,2376019
2024-02,All clients,Product A,CAN,BMU,1845497
2024-03,All clients,Product A,CAN,BMU,1881022
2024-04,All clients,Product A,CAN,BMU,2168252
2024-05,All clients,Product A,CAN,BMU,1751445
2024-06,All clients,Product A,CAN,BMU,1848501
2024-07,All clients,Product A,CAN,BMU,1909832
2024-08,All clients,Product A,CAN,BMU,1733283
2024-09,All clients,Product A,CAN,BMU,2424782
2024-10,All clients,Product A,CAN,BMU,2390210
2024-11,All clients,Product A,CAN,BMU,2971773
2024-12,All clients,Product A,CAN,BMU,2142085
2025-01,All clients,Product A,CAN,BMU,2533706
2025-02,All clients,Product A,CAN,BMU,1664069
2025-03,All clients,Product A,CAN,BMU,2129281
2025-04,All clients,Product A,CAN,BMU,1255889
2025-05,All clients,Product A,CAN,BMU,1846085
2025-06,All clients,Product A,CAN,BMU,1998395
2025-07,All clients,Product A,CAN,BMU,1744666
2025-08,All clients,Product A,CAN,BMU,2150675
2025-09,All clients,Product A,CAN,BMU,2231125
2025-10,All clients,Product A,CAN,BMU,2360097
2025-11,All clients,Product A,CAN,BMU,1712144
2025-12,All clients,Product A,CAN,BMU,2785907
2026-01,All clients,Product A,CAN,BMU,2254997
2026-02,All clients,Product A,CAN,BMU,2746636
2026-03,All clients,Product A,CAN,BMU,1984090
2026-04,All clients,Product A,CAN,BMU,1698889
2026-05,All clients,Product A,CAN,BMU,2139499
2026-06,All clients,Product A,CAN,BMU,2106133
2024-01,All clients,Product A,CAN,JPN,2115367
2024-02,All clients,Product A,CAN,JPN,2183387
2024-03,All clients,Product A,CAN,JPN,1873625
2024-04,All clients,Product A,CAN,JPN,1694059
2024-05,All clients,Product A,CAN,JPN,1326318
2024-06,All clients,Product A,CAN,JPN,1715927
2024-07,All clients,Product A,CAN,JPN,2173069
2024-08,All clients,Product A,CAN,JPN,1433039
2024-09,All clients,Product A,CAN,JPN,2133785
2024-10,All clients,Product A,CAN,JPN,2366624
2024-11,All clients,Product A,CAN,JPN,1598977
2024-12,All clients,Product A,CAN,JPN,2396537
2025-01,All clients,Product A,CAN,JPN,1931633
2025-02,All clients,Product A,CAN,JPN,1592214
2025-03,All clients,Product A,CAN,JPN,1476205
2025-04,All clients,Product A,CAN,JPN,1635851
2025-05,All clients,Product A,CAN,JPN,1617300
2025-06,All clients,Product A,CAN,JPN,1200217
2025-07,All clients,Product A,CAN,JPN,1339268
2025-08,All clients,Product A,CAN,JPN,1872117
2025-09,All clients,Product A,CAN,JPN,1501697
2025-10,All clients,Product A,CAN,JPN,1814084
2025-11,All clients,Product A,CAN,JPN,1542017
2025-12,All clients,Product A,CAN,JPN,1850154
2026-01,All clients,Product A,CAN,JPN,1332186
2026-02,All clients,Product A,CAN,JPN,1286211
2026-03,All clients,Product A,CAN,JPN,1335168
2026-04,All clients,Product A,CAN,JPN,1303981
2026-05,All clients,Product A,CAN,JPN,1713588
2026-06,All clients,Product A,CAN,JPN,1467327
2024-01,All clients,Product A,CHE,VNM,665858
2024-02,All clients,Product A,CHE,VNM,573529
2024-03,All clients,Product A,CHE,VNM,631911
2024-04,All clients,Product A,CHE,VNM,563862
2024-05,All clients,Product A,CHE,VNM,584020
2024-06,All clients,Product A,CHE,VNM,628498
2024-07,All clients,Product A,CHE,VNM,576243
2024-08,All clients,Product A,CHE,VNM,657278
2024-09,All clients,Product A,CHE,VNM,792273
2024-10,All clients,Product A,CHE,VNM,692376
2024-11,All clients,Product A,CHE,VNM,727839
2024-12,All clients,Product A,CHE,VNM,761109
2025-01,All clients,Product A,CHE,VNM,825705
2025-02,All clients,Product A,CHE,VNM,643783
2025-03,All clients,Product A,CHE,VNM,682685
2025-04,All clients,Product A,CHE,VNM,619562
2025-05,All clients,Product A,CHE,VNM,592233
2025-06,All clients,Product A,CHE,VNM,694664
2025-07,All clients,Product A,CHE,VNM,723158
2025-08,All clients,Product A,CHE,VNM,706404
2025-09,All clients,Product A,CHE,VNM,773242
2025-10,All clients,Product A,CHE,VNM,843960
2025-11,All clients,Product A,CHE,VNM,874565
2025-12,All clients,Product A,CHE,VNM,988306
2026-01,All clients,Product A,CHE,VNM,840717
2026-02,All clients,Product A,CHE,VNM,851041
2026-03,All clients,Product A,CHE,VNM,662762
2026-04,All clients,Product A,CHE,VNM,637295
2026-05,All clients,Product A,CHE,VNM,624997
2026-06,All clients,Product A,CHE,VNM,668006
2024-01,All clients,Product A,CHN,GGY,2018031
2024-02,All clients,Product A,CHN,GGY,2026182
2024-03,All clients,Product A,CHN,GGY,1632146
2024-04,All clients,Product A,CHN,GGY,1425608
2024-05,All clients,Product A,CHN,GGY,1284602
2024-06,All clients,Product A,CHN,GGY,1205605
2024-07,All clients,Product A,CHN,GGY,1201519
2024-08,All clients,Product A,CHN,GGY,1679910
2024-09,All clients,Product A,CHN,GGY,1823975
2024-10,All clients,Product A,CHN,GGY,2000085
2024-11,All clients,Product A,CHN,GGY,2010011
2024-12,All clients,Product A,CHN,GGY,2321298
2025-01,All clients,Product A,CHN,GGY,2028285
2025-02,All clients,Product A,CHN,GGY,2249172
2025-03,All clients,Product A,CHN,GGY,1518047
2025-04,All clients,Product A,CHN,GGY,1477527
2025-05,All clients,Product A,CHN,GGY,1424852
2025-06,All clients,Product A,CHN,GGY,1303740
2025-07,All clients,Product A,CHN,GGY,1465237
2025-08,All clients,Product A,CHN,GGY,1656474
2025-09,All clients,Product A,CHN,GGY,1811089
2025-10,All clients,Product A,CHN,GGY,2130667
2025-11,All clients,Product A,CHN,GGY,2370068
2025-12,All clients,Product A,CHN,GGY,2376416
2026-01,All clients,Product A,CHN,GGY,2720865
2026-02,All clients,Product A,CHN,GGY,1965441
2026-03,All clients,Product A,CHN,GGY,1741557
2026-04,All clients,Product A,CHN,GGY,1563283
2026-05,All clients,Product A,CHN,GGY,1607441
2026-06,All clients,Product A,CHN,GGY,1293254
2024-01,All clients,Product A,DEU,KOR,1289115
2024-02,All clients,Product A,DEU,KOR,1230299
2024-03,All clients,Product A,DEU,KOR,1447343
2024-04,All clients,Product A,DEU,KOR,1298501
2024-05,All clients,Product A,DEU,KOR,1827277
2024-06,All clients,Product A,DEU,KOR,1775074
2024-07,All clients,Product A,DEU,KOR,1749134
2024-08,All clients,Product A,DEU,KOR,1960569
2024-09,All clients,Product A,DEU,KOR,2036310
2024-10,All clients,Product A,DEU,KOR,1554135
2024-11,All clients,Product A,DEU,KOR,1601929
2024-12,All clients,Product A,DEU,KOR,1167507
2025-01,All clients,Product A,DEU,KOR,1176479
2025-02,All clients,Product A,DEU,KOR,1142533
2025-03,All clients,Product A,DEU,KOR,1448653
2025-04,All clients,Product A,DEU,KOR,1433974
2025-05,All clients,Product A,DEU,KOR,1680775
2025-06,All clients,Product A,DEU,KOR,1640756
2025-07,All clients,Product A,DEU,KOR,1989655
2025-08,All clients,Product A,DEU,KOR,1600992
2025-09,All clients,Product A,DEU,KOR,2012997
2025-10,All clients,Product A,DEU,KOR,1711318
2025-11,All clients,Product A,DEU,KOR,1478025
2025-12,All clients,Product A,DEU,KOR,1180549
2026-01,All clients,Product A,DEU,KOR,1118440
2026-02,All clients,Product A,DEU,KOR,1064251
2026-03,All clients,Product A,DEU,KOR,1259065
2026-04,All clients,Product A,DEU,KOR,1449092
2026-05,All clients,Product A,DEU,KOR,1347459
2026-06,All clients,Product A,DEU,KOR,1618467
2024-01,All clients,Product A,DEU,LUX,3790283
2024-02,All clients,Product A,DEU,LUX,3144890
2024-03,All clients,Product A,DEU,LUX,2971427
2024-04,All clients,Product A,DEU,LUX,2771575
2024-05,All clients,Product A,DEU,LUX,2169881
2024-06,All clients,Product A,DEU,LUX,2326236
2024-07,All clients,Product A,DEU,LUX,3091159
2024-08,All clients,Product A,DEU,LUX,2622574
2024-09,All clients,Product A,DEU,LUX,2191434
2024-10,All clients,Product A,DEU,LUX,2475166
2024-11,All clients,Product A,DEU,LUX,2701271
2024-12,All clients,Product A,DEU,LUX,3458546
2025-01,All clients,Product A,DEU,LUX,3461208
2025-02,All clients,Product A,DEU,LUX,3760067
2025-03,All clients,Product A,DEU,LUX,3638980
2025-04,All clients,Product A,DEU,LUX,3390180
2025-05,All clients,Product A,DEU,LUX,3004401
2025-06,All clients,Product A,DEU,LUX,2244284
2025-07,All clients,Product A,DEU,LUX,2054967
2025-08,All clients,Product A,DEU,LUX,2736043
2025-09,All clients,Product A,DEU,LUX,3157267
2025-10,All clients,Product A,DEU,LUX,2215370
2025-11,All clients,Product A,DEU,LUX,2395357
2025-12,All clients,Product A,DEU,LUX,3661902
2026-01,All clients,Product A,DEU,LUX,3495572
2026-02,All clients,Product A,DEU,LUX,3807392
2026-03,All clients,Product A,DEU,LUX,2895272
2026-04,All clients,Product A,DEU,LUX,3036543
2026-05,All clients,Product A,DEU,LUX,2493976
2026-06,All clients,Product A,DEU,LUX,2763098
2024-01,All clients,Product A,ESP,CHN,567261
2024-02,All clients,Product A,ESP,CHN,451275
2024-03,All clients,Product A,ESP,CHN,402067
2024-04,All clients,Product A,ESP,CHN,356671
2024-05,All clients,Product A,ESP,CHN,387705
2024-06,All clients,Product A,ESP,CHN,335865
2024-07,All clients,Product A,ESP,CHN,362428
2024-08,All clients,Product A,ESP,CHN,560762
2024-09,All clients,Product A,ESP,CHN,519362
2024-10,All clients,Product A,ESP,CHN,660780
2024-11,All clients,Product A,ESP,CHN,678992
2024-12,All clients,Product A,ESP,CHN,719659
2025-01,All clients,Product A,ESP,CHN,640234
2025-02,All clients,Product A,ESP,CHN,601205
2025-03,All clients,Product A,ESP,CHN,528099
2025-04,All clients,Product A,ESP,CHN,376862
2025-05,All clients,Product A,ESP,CHN,342379
2025-06,All clients,Product A,ESP,CHN,346874
2025-07,All clients,Product A,ESP,CHN,427869
2025-08,All clients,Product A,ESP,CHN,554959
2025-09,All clients,Product A,ESP,CHN,572684
2025-10,All clients,Product A,ESP,CHN,781174
2025-11,All clients,Product A,ESP,CHN,742528
2025-12,All clients,Product A,ESP,CHN,693873
2026-01,All clients,Product A,ESP,CHN,588702
2026-02,All clients,Product A,ESP,CHN,652491
2026-03,All clients,Product A,ESP,CHN,460874
2026-04,All clients,Product A,ESP,CHN,401849
2026-05,All clients,Product A,ESP,CHN,353800
2026-06,All clients,Product A,ESP,CHN,373699
2024-01,All clients,Product A,ESP,IMN,1744303
2024-02,All clients,Product A,ESP,IMN,1466277
2024-03,All clients,Product A,ESP,IMN,1500952
2024-04,All clients,Product A,ESP,IMN,1218570
2024-05,All clients,Product A,ESP,IMN,1204367
2024-06,All clients,Product A,ESP,IMN,1346856
2024-07,All clients,Product A,ESP,IMN,1587243
2024-08,All clients,Product A,ESP,IMN,1890137
2024-09,All clients,Product A,ESP,IMN,1813996
2024-10,All clients,Product A,ESP,IMN,1880375
2024-11,All clients,Product A,ESP,IMN,2086662
2024-12,All clients,Product A,ESP,IMN,2207928
2025-01,All clients,Product A,ESP,IMN,1722273
2025-02,All clients,Product A,ESP,IMN,1728175
2025-03,All clients,Product A,ESP,IMN,1411177
2025-04,All clients,Product A,ESP,IMN,1312396
2025-05,All clients,Product A,ESP,IMN,1183775
2025-06,All clients,Product A,ESP,IMN,1447145
2025-07,All clients,Product A,ESP,IMN,1482846
2025-08,All clients,Product A,ESP,IMN,1959601
2025-09,All clients,Product A,ESP,IMN,2058700
2025-10,All clients,Product A,ESP,IMN,1903309
2025-11,All clients,Product A,ESP,IMN,2065178
2025-12,All clients,Product A,ESP,IMN,2136282
2026-01,All clients,Product A,ESP,IMN,2053375
2026-02,All clients,Product A,ESP,IMN,1743872
2026-03,All clients,Product A,ESP,IMN,1430752
2026-04,All clients,Product A,ESP,IMN,1283757
2026-05,All clients,Product A,ESP,IMN,1452869
2026-06,All clients,Product A,ESP,IMN,1371863
2024-01,All clients,Product A,ESP,MEX,238479
2024-02,All clients,Product A,ESP,MEX,241040
2024-03,All clients,Product A,ESP,MEX,167291
2024-04,All clients,Product A,ESP,MEX,162795
2024-05,All clients,Product A,ESP,MEX,126114
2024-06,All clients,Product A,ESP,MEX,114027
2024-07,All clients,Product A,ESP,MEX,105540
2024-08,All clients,Product A,ESP,MEX,104108
2024-09,All clients,Product A,ESP,MEX,144682
2024-10,All clients,Product A,ESP,MEX,155667
2024-11,All clients,Product A,ESP,MEX,210403
2024-12,All clients,Product A,ESP,MEX,207785
2025-01,All clients,Product A,ESP,MEX,222338
2025-02,All clients,Product A,ESP,MEX,212302
2025-03,All clients,Product A,ESP,MEX,154863
2025-04,All clients,Product A,ESP,MEX,126024
2025-05,All clients,Product A,ESP,MEX,107004
2025-06,All clients,Product A,ESP,MEX,107094
2025-07,All clients,Product A,ESP,MEX,95706
2025-08,All clients,Product A,ESP,MEX,112685
2025-09,All clients,Product A,ESP,MEX,125165
2025-10,All clients,Product A,ESP,MEX,172057
2025-11,All clients,Product A,ESP,MEX,193523
2025-12,All clients,Product A,ESP,MEX,213207
2026-01,All clients,Product A,ESP,MEX,205304
2026-02,All clients,Product A,ESP,MEX,186540
2026-03,All clients,Product A,ESP,MEX,155347
2026-04,All clients,Product A,ESP,MEX,128477
2026-05,All clients,Product A,ESP,MEX,115373
2026-06,All clients,Product A,ESP,MEX,90175
2024-01,All clients,Product A,ESP,VNM,164349
2024-02,All clients,Product A,ESP,VNM,153955
2024-03,All clients,Product A,ESP,VNM,164541
2024-04,All clients,Product A,ESP,VNM,173538
2024-05,All clients,Product A,ESP,VNM,141828
2024-06,All clients,Product A,ESP,VNM,183083
2024-07,All clients,Product A,ESP,VNM,206951
2024-08,All clients,Product A,ESP,VNM,209962
2024-09,All clients,Product A,ESP,VNM,205194
2024-10,All clients,Product A,ESP,VNM,208105
2024-11,All clients,Product A,ESP,VNM,205634
2024-12,All clients,Product A,ESP,VNM,213096
2025-01,All clients,Product A,ESP,VNM,197409
2025-02,All clients,Product A,ESP,VNM,192745
2025-03,All clients,Product A,ESP,VNM,197988
2025-04,All clients,Product A,ESP,VNM,170184
2025-05,All clients,Product A,ESP,VNM,173908
2025-06,All clients,Product A,ESP,VNM,200524
2025-07,All clients,Product A,ESP,VNM,231919
2025-08,All clients,Product A,ESP,VNM,211644
2025-09,All clients,Product A,ESP,VNM,239249
2025-10,All clients,Product A,ESP,VNM,242264
2025-11,All clients,Product A,ESP,VNM,254034
2025-12,All clients,Product A,ESP,VNM,220867
2026-01,All clients,Product A,ESP,VNM,217877
2026-02,All clients,Product A,ESP,VNM,191580
2026-03,All clients,Product A,ESP,VNM,181949
2026-04,All clients,Product A,ESP,VNM,201036
2026-05,All clients,Product A,ESP,VNM,177132
2026-06,All clients,Product A,ESP,VNM,252821
2024-01,All clients,Product A,GBR,FIN,789951
2024-02,All clients,Product A,GBR,FIN,918581
2024-03,All clients,Product A,GBR,FIN,1141067
2024-04,All clients,Product A,GBR,FIN,1391753
2024-05,All clients,Product A,GBR,FIN,1720262
2024-06,All clients,Product A,GBR,FIN,1455729
2024-07,All clients,Product A,GBR,FIN,1240318
2024-08,All clients,Product A,GBR,FIN,1319297
2024-09,All clients,Product A,GBR,FIN,947134
2024-10,All clients,Product A,GBR,FIN,886108
2024-11,All clients,Product A,GBR,FIN,716094
2024-12,All clients,Product A,GBR,FIN,613099
2025-01,All clients,Product A,GBR,FIN,861785
2025-02,All clients,Product A,GBR,FIN,854689
2025-03,All clients,Product A,GBR,FIN,1166529
2025-04,All clients,Product A,GBR,FIN,1165405
2025-05,All clients,Product A,GBR,FIN,1349132
2025-06,All clients,Product A,GBR,FIN,1292166
2025-07,All clients,Product A,GBR,FIN,1505266
2025-08,All clients,Product A,GBR,FIN,1153530
2025-09,All clients,Product A,GBR,FIN,1059815
2025-10,All clients,Product A,GBR,FIN,933396
2025-11,All clients,Product A,GBR,FIN,761982
2025-12,All clients,Product A,GBR,FIN,713676
2026-01,All clients,Product A,GBR,FIN,760010
2026-02,All clients,Product A,GBR,FIN,854057
2026-03,All clients,Product A,GBR,FIN,986177
2026-04,All clients,Product A,GBR,FIN,1344489
2026-05,All clients,Product A,GBR,FIN,1391389
2026-06,All clients,Product A,GBR,FIN,1352865
2024-01,All clients,Product A,HKG,AUT,410040
2024-02,All clients,Product A,HKG,AUT,458116
2024-03,All clients,Product A,HKG,AUT,445375
2024-04,All clients,Product A,HKG,AUT,518505
2024-05,All clients,Product A,HKG,AUT,487591
2024-06,All clients,Product A,HKG,AUT,594675
2024-07,All clients,Product A,HKG,AUT,596005
2024-08,All clients,Product A,HKG,AUT,575085
2024-09,All clients,Product A,HKG,AUT,603734
2024-10,All clients,Product A,HKG,AUT,554753
2024-11,All clients,Product A,HKG,AUT,458677
2024-12,All clients,Product A,HKG,AUT,404304
2025-01,All clients,Product A,HKG,AUT,456334
2025-02,All clients,Product A,HKG,AUT,379425
2025-03,All clients,Product A,HKG,AUT,421050
2025-04,All clients,Product A,HKG,AUT,487054
2025-05,All clients,Product A,HKG,AUT,481411
2025-06,All clients,Product A,HKG,AUT,532369
2025-07,All clients,Product A,HKG,AUT,507906
2025-08,All clients,Product A,HKG,AUT,603428
2025-09,All clients,Product A,HKG,AUT,586640
2025-10,All clients,Product A,HKG,AUT,548759
2025-11,All clients,Product A,HKG,AUT,499990
2025-12,All clients,Product A,HKG,AUT,483518
2026-01,All clients,Product A,HKG,AUT,356941
2026-02,All clients,Product A,HKG,AUT,422686
2026-03,All clients,Product A,HKG,AUT,460307
2026-04,All clients,Product A,HKG,AUT,447293
2026-05,All clients,Product A,HKG,AUT,437101
2026-06,All clients,Product A,HKG,AUT,529779
2024-01,All clients,Product A,HKG,IRL,733855
2024-02,All clients,Product A,HKG,IRL,671547
2024-03,All clients,Product A,HKG,IRL,698690
2024-04,All clients,Product A,HKG,IRL,664736
2024-05,All clients,Product A,HKG,IRL,704646
2024-06,All clients,Product A,HKG,IRL,857850
2024-07,All clients,Product A,HKG,IRL,845835
2024-08,All clients,Product A,HKG,IRL,1038182
2024-09,All clients,Product A,HKG,IRL,992744
2024-10,All clients,Product A,HKG,IRL,1045151
2024-11,All clients,Product A,HKG,IRL,1042594
2024-12,All clients,Product A,HKG,IRL,968213
2025-01,All clients,Product A,HKG,IRL,780232
2025-02,All clients,Product A,HKG,IRL,717149
2025-03,All clients,Product A,HKG,IRL,710811
2025-04,All clients,Product A,HKG,IRL,683811
2025-05,All clients,Product A,HKG,IRL,786649
2025-06,All clients,Product A,HKG,IRL,757955
2025-07,All clients,Product A,HKG,IRL,925176
2025-08,All clients,Product A,HKG,IRL,924884
2025-09,All clients,Product A,HKG,IRL,1064052
2025-10,All clients,Product A,HKG,IRL,1009678
2025-11,All clients,Product A,HKG,IRL,921618
2025-12,All clients,Product A,HKG,IRL,967558
2026-01,All clients,Product A,HKG,IRL,834367
2026-02,All clients,Product A,HKG,IRL,633392
2026-03,All clients,Product A,HKG,IRL,618896
2026-04,All clients,Product A,HKG,IRL,742706
2026-05,All clients,Product A,HKG,IRL,722986
2026-06,All clients,Product A,HKG,IRL,743655
2024-01,All clients,Product A,HKG,QAT,1382803
2024-02,All clients,Product A,HKG,QAT,1362816
2024-03,All clients,Product A,HKG,QAT,1748582
2024-04,All clients,Product A,HKG,QAT,1700627
2024-05,All clients,Product A,HKG,QAT,1036401
2024-06,All clients,Product A,HKG,QAT,1232685
2024-07,All clients,Product A,HKG,QAT,1452406
2024-08,All clients,Product A,HKG,QAT,957816
2024-09,All clients,Product A,HKG,QAT,1082857
2024-10,All clients,Product A,HKG,QAT,599558
2024-11,All clients,Product A,HKG,QAT,1012042
2024-12,All clients,Product A,HKG,QAT,758091
2025-01,All clients,Product A,HKG,QAT,1343324
2025-02,All clients,Product A,HKG,QAT,1190931
2025-03,All clients,Product A,HKG,QAT,1482220
2025-04,All clients,Product A,HKG,QAT,1338167
2025-05,All clients,Product A,HKG,QAT,1413082
2025-06,All clients,Product A,HKG,QAT,1398555
2025-07,All clients,Product A,HKG,QAT,1027037
2025-08,All clients,Product A,HKG,QAT,868731
2025-09,All clients,Product A,HKG,QAT,911490
2025-10,All clients,Product A,HKG,QAT,700183
2025-11,All clients,Product A,HKG,QAT,651502
2025-12,All clients,Product A,HKG,QAT,1008382
2026-01,All clients,Product A,HKG,QAT,1115266
2026-02,All clients,Product A,HKG,QAT,1512421
2026-03,All clients,Product A,HKG,QAT,1114676
2026-04,All clients,Product A,HKG,QAT,1740367
2026-05,All clients,Product A,HKG,QAT,1205967
2026-06,All clients,Product A,HKG,QAT,1280173
2024-01,All clients,Product A,HKG,USA,447889
2024-02,All clients,Product A,HKG,USA,665835
2024-03,All clients,Product A,HKG,USA,451170
2024-04,All clients,Product A,HKG,USA,811394
2024-05,All clients,Product A,HKG,USA,698930
2024-06,All clients,Product A,HKG,USA,510092
2024-07,All clients,Product A,HKG,USA,693706
2024-08,All clients,Product A,HKG,USA,558317
2024-09,All clients,Product A,HKG,USA,465150
2024-10,All clients,Product A,HKG,USA,374521
2024-11,All clients,Product A,HKG,USA,357750
2024-12,All clients,Product A,HKG,USA,455885
2025-01,All clients,Product A,HKG,USA,623745
2025-02,All clients,Product A,HKG,USA,565825
2025-03,All clients,Product A,HKG,USA,656533
2025-04,All clients,Product A,HKG,USA,633988
2025-05,All clients,Product A,HKG,USA,933423
2025-06,All clients,Product A,HKG,USA,836111
2025-07,All clients,Product A,HKG,USA,626018
2025-08,All clients,Product A,HKG,USA,647644
2025-09,All clients,Product A,HKG,USA,611324
2025-10,All clients,Product A,HKG,USA,442158
2025-11,All clients,Product A,HKG,USA,456462
2025-12,All clients,Product A,HKG,USA,557557
2026-01,All clients,Product A,HKG,USA,637898
2026-02,All clients,Product A,HKG,USA,707916
2026-03,All clients,Product A,HKG,USA,687508
2026-04,All clients,Product A,HKG,USA,694791
2026-05,All clients,Product A,HKG,USA,638351
2026-06,All clients,Product A,HKG,USA,738907
2024-01,All clients,Product A,IND,ARE,884491
2024-02,All clients,Product A,IND,ARE,645635
2024-03,All clients,Product A,IND,ARE,1272361
2024-04,All clients,Product A,IND,ARE,1032458
2024-05,All clients,Product A,IND,ARE,1543153
2024-06,All clients,Product A,IND,ARE,1636165
2024-07,All clients,Product A,IND,ARE,1701446
2024-08,All clients,Product A,IND,ARE,1530900
2024-09,All clients,Product A,IND,ARE,1667792
2024-10,All clients,Product A,IND,ARE,1756737
2024-11,All clients,Product A,IND,ARE,1389760
2024-12,All clients,Product A,IND,ARE,1258407
2025-01,All clients,Product A,IND,ARE,871940
2025-02,All clients,Product A,IND,ARE,914564
2025-03,All clients,Product A,IND,ARE,928749
2025-04,All clients,Product A,IND,ARE,1194819
2025-05,All clients,Product A,IND,ARE,1751245
2025-06,All clients,Product A,IND,ARE,1752458
2025-07,All clients,Product A,IND,ARE,2554677
2025-08,All clients,Product A,IND,ARE,2510638
2025-09,All clients,Product A,IND,ARE,2451215
2025-10,All clients,Product A,IND,ARE,1812485
2025-11,All clients,Product A,IND,ARE,1555917
2025-12,All clients,Product A,IND,ARE,1470519
2026-01,All clients,Product A,IND,ARE,1061739
2026-02,All clients,Product A,IND,ARE,1054970
2026-03,All clients,Product A,IND,ARE,1306438
2026-04,All clients,Product A,IND,ARE,1500929
2026-05,All clients,Product A,IND,ARE,1614735
2026-06,All clients,Product A,IND,ARE,2165595
2024-01,All clients,Product A,IND,HKG,891558
2024-02,All clients,Product A,IND,HKG,691188
2024-03,All clients,Product A,IND,HKG,692699
2024-04,All clients,Product A,IND,HKG,817953
2024-05,All clients,Product A,IND,HKG,837511
2024-06,All clients,Product A,IND,HKG,987450
2024-07,All clients,Product A,IND,HKG,774657
2024-08,All clients,Product A,IND,HKG,957133
2024-09,All clients,Product A,IND,HKG,1051199
2024-10,All clients,Product A,IND,HKG,636673
2024-11,All clients,Product A,IND,HKG,660410
2024-12,All clients,Product A,IND,HKG,742703
2025-01,All clients,Product A,IND,HKG,841926
2025-02,All clients,Product A,IND,HKG,982746
2025-03,All clients,Product A,IND,HKG,669674
2025-04,All clients,Product A,IND,HKG,956990
2025-05,All clients,Product A,IND,HKG,623208
2025-06,All clients,Product A,IND,HKG,945356
2025-07,All clients,Product A,IND,HKG,1064921
2025-08,All clients,Product A,IND,HKG,875027
2025-09,All clients,Product A,IND,HKG,691854
2025-10,All clients,Product A,IND,HKG,758876
2025-11,All clients,Product A,IND,HKG,830307
2025-12,All clients,Product A,IND,HKG,713048
2026-01,All clients,Product A,IND,HKG,650385
2026-02,All clients,Product A,IND,HKG,952837
2026-03,All clients,Product A,IND,HKG,1035056
2026-04,All clients,Product A,IND,HKG,846237
2026-05,All clients,Product A,IND,HKG,965806
2026-06,All clients,Product A,IND,HKG,867152
2024-01,All clients,Product A,IND,KOR,1548084
2024-02,All clients,Product A,IND,KOR,2307370
2024-03,All clients,Product A,IND,KOR,1902503
2024-04,All clients,Product A,IND,KOR,1799477
2024-05,All clients,Product A,IND,KOR,1719928
2024-06,All clients,Product A,IND,KOR,2132624
2024-07,All clients,Product A,IND,KOR,2021415
2024-08,All clients,Product A,IND,KOR,1496922
2024-09,All clients,Product A,IND,KOR,2632214
2024-10,All clients,Product A,IND,KOR,1967067
2024-11,All clients,Product A,IND,KOR,2197866
2024-12,All clients,Product A,IND,KOR,1438406
2025-01,All clients,Product A,IND,KOR,1284444
2025-02,All clients,Product A,IND,KOR,1951288
2025-03,All clients,Product A,IND,KOR,1582048
2025-04,All clients,Product A,IND,KOR,1503815
2025-05,All clients,Product A,IND,KOR,1912172
2025-06,All clients,Product A,IND,KOR,2537090
2025-07,All clients,Product A,IND,KOR,2006751
2025-08,All clients,Product A,IND,KOR,2653999
2025-09,All clients,Product A,IND,KOR,2512481
2025-10,All clients,Product A,IND,KOR,2200651
2025-11,All clients,Product A,IND,KOR,1965701
2025-12,All clients,Product A,IND,KOR,1605469
2026-01,All clients,Product A,IND,KOR,1666877
2026-02,All clients,Product A,IND,KOR,1982266
2026-03,All clients,Product A,IND,KOR,1612315
2026-04,All clients,Product A,IND,KOR,1640132
2026-05,All clients,Product A,IND,KOR,2671076
2026-06,All clients,Product A,IND,KOR,2503342
2024-01,All clients,Product A,JPN,NLD,7208086
2024-02,All clients,Product A,JPN,NLD,8617502
2024-03,All clients,Product A,JPN,NLD,11142582
2024-04,All clients,Product A,JPN,NLD,7285770
2024-05,All clients,Product A,JPN,NLD,9503174
2024-06,All clients,Product A,JPN,NLD,6403983
2024-07,All clients,Product A,JPN,NLD,8358066
2024-08,All clients,Product A,JPN,NLD,7131353
2024-09,All clients,Product A,JPN,NLD,7549427
2024-10,All clients,Product A,JPN,NLD,8393633
2024-11,All clients,Product A,JPN,NLD,8228084
2024-12,All clients,Product A,JPN,NLD,9860990
2025-01,All clients,Product A,JPN,NLD,6908656
2025-02,All clients,Product A,JPN,NLD,8894392
2025-03,All clients,Product A,JPN,NLD,10713412
2025-04,All clients,Product A,JPN,NLD,9021449
2025-05,All clients,Product A,JPN,NLD,6861034
2025-06,All clients,Product A,JPN,NLD,8264099
2025-07,All clients,Product A,JPN,NLD,7556954
2025-08,All clients,Product A,JPN,NLD,7468808
2025-09,All clients,Product A,JPN,NLD,5114000
2025-10,All clients,Product A,JPN,NLD,7391238
2025-11,All clients,Product A,JPN,NLD,5822725
2025-12,All clients,Product A,JPN,NLD,7081084
2026-01,All clients,Product A,JPN,NLD,8701600
2026-02,All clients,Product A,JPN,NLD,6425982
2026-03,All clients,Product A,JPN,NLD,7393698
2026-04,All clients,Product A,JPN,NLD,8916645
2026-05,All clients,Product A,JPN,NLD,9540604
2026-06,All clients,Product A,JPN,NLD,6314222
2024-01,All clients,Product A,JPN,PAN,607104
2024-02,All clients,Product A,JPN,PAN,508426
2024-03,All clients,Product A,JPN,PAN,543006
2024-04,All clients,Product A,JPN,PAN,457045
2024-05,All clients,Product A,JPN,PAN,392645
2024-06,All clients,Product A,JPN,PAN,338628
2024-07,All clients,Product A,JPN,PAN,410726
2024-08,All clients,Product A,JPN,PAN,478992
2024-09,All clients,Product A,JPN,PAN,579373
2024-10,All clients,Product A,JPN,PAN,717784
2024-11,All clients,Product A,JPN,PAN,726650
2024-12,All clients,Product A,JPN,PAN,791052
2025-01,All clients,Product A,JPN,PAN,678117
2025-02,All clients,Product A,JPN,PAN,681614
2025-03,All clients,Product A,JPN,PAN,527292
2025-04,All clients,Product A,JPN,PAN,528832
2025-05,All clients,Product A,JPN,PAN,469967
2025-06,All clients,Product A,JPN,PAN,483049
2025-07,All clients,Product A,JPN,PAN,488536
2025-08,All clients,Product A,JPN,PAN,544476
2025-09,All clients,Product A,JPN,PAN,658904
2025-10,All clients,Product A,JPN,PAN,672651
2025-11,All clients,Product A,JPN,PAN,867302
2025-12,All clients,Product A,JPN,PAN,804282
2026-01,All clients,Product A,JPN,PAN,752745
2026-02,All clients,Product A,JPN,PAN,740871
2026-03,All clients,Product A,JPN,PAN,730213
2026-04,All clients,Product A,JPN,PAN,549620
2026-05,All clients,Product A,JPN,PAN,509658
2026-06,All clients,Product A,JPN,PAN,487674
2024-01,All clients,Product A,NLD,THA,1450590
2024-02,All clients,Product A,NLD,THA,1615872
2024-03,All clients,Product A,NLD,THA,1820133
2024-04,All clients,Product A,NLD,THA,2134139
2024-05,All clients,Product A,NLD,THA,2287628
2024-06,All clients,Product A,NLD,THA,2322013
2024-07,All clients,Product A,NLD,THA,2574895
2024-08,All clients,Product A,NLD,THA,3231437
2024-09,All clients,Product A,NLD,THA,3154570
2024-10,All clients,Product A,NLD,THA,2777518
2024-11,All clients,Product A,NLD,THA,2255393
2024-12,All clients,Product A,NLD,THA,1882041
2025-01,All clients,Product A,NLD,THA,1868689
2025-02,All clients,Product A,NLD,THA,1803984
2025-03,All clients,Product A,NLD,THA,1707662
2025-04,All clients,Product A,NLD,THA,2249631
2025-05,All clients,Product A,NLD,THA,2663003
2025-06,All clients,Product A,NLD,THA,2579950
2025-07,All clients,Product A,NLD,THA,3178731
2025-08,All clients,Product A,NLD,THA,2973618
2025-09,All clients,Product A,NLD,THA,3200918
2025-10,All clients,Product A,NLD,THA,2563880
2025-11,All clients,Product A,NLD,THA,2149316
2025-12,All clients,Product A,NLD,THA,1949820
2026-01,All clients,Product A,NLD,THA,1711885
2026-02,All clients,Product A,NLD,THA,1646237
2026-03,All clients,Product A,NLD,THA,2225501
2026-04,All clients,Product A,NLD,THA,2093657
2026-05,All clients,Product A,NLD,THA,2908611
2026-06,All clients,Product A,NLD,THA,3329818
2024-01,All clients,Product A,POL,NGA,233555
2024-02,All clients,Product A,POL,NGA,182150
2024-03,All clients,Product A,POL,NGA,202560
2024-04,All clients,Product A,POL,NGA,220956
2024-05,All clients,Product A,POL,NGA,221045
2024-06,All clients,Product A,POL,NGA,301898
2024-07,All clients,Product A,POL,NGA,304952
2024-08,All clients,Product A,POL,NGA,325496
2024-09,All clients,Product A,POL,NGA,374649
2024-10,All clients,Product A,POL,NGA,296319
2024-11,All clients,Product A,POL,NGA,284355
2024-12,All clients,Product A,POL,NGA,238860
2025-01,All clients,Product A,POL,NGA,234570
2025-02,All clients,Product A,POL,NGA,201450
2025-03,All clients,Product A,POL,NGA,259905
2025-04,All clients,Product A,POL,NGA,265455
2025-05,All clients,Product A,POL,NGA,287228
2025-06,All clients,Product A,POL,NGA,282025
2025-07,All clients,Product A,POL,NGA,352726
2025-08,All clients,Product A,POL,NGA,418972
2025-09,All clients,Product A,POL,NGA,433125
2025-10,All clients,Product A,POL,NGA,381680
2025-11,All clients,Product A,POL,NGA,343643
2025-12,All clients,Product A,POL,NGA,302915
2026-01,All clients,Product A,POL,NGA,276556
2026-02,All clients,Product A,POL,NGA,279276
2026-03,All clients,Product A,POL,NGA,254584
2026-04,All clients,Product A,POL,NGA,272476
2026-05,All clients,Product A,POL,NGA,349024
2026-06,All clients,Product A,POL,NGA,331509
2024-01,All clients,Product A,USA,CHN,1819306
2024-02,All clients,Product A,USA,CHN,2656565
2024-03,All clients,Product A,USA,CHN,2390742
2024-04,All clients,Product A,USA,CHN,2951701
2024-05,All clients,Product A,USA,CHN,3367557
2024-06,All clients,Product A,USA,CHN,4135571
2024-07,All clients,Product A,USA,CHN,3362868
2024-08,All clients,Product A,USA,CHN,3556998
2024-09,All clients,Product A,USA,CHN,2196483
2024-10,All clients,Product A,USA,CHN,1831041
2024-11,All clients,Product A,USA,CHN,1597585
2024-12,All clients,Product A,USA,CHN,1720049
2025-01,All clients,Product A,USA,CHN,1734462
2025-02,All clients,Product A,USA,CHN,2094616
2025-03,All clients,Product A,USA,CHN,3505945
2025-04,All clients,Product A,USA,CHN,3247336
2025-05,All clients,Product A,USA,CHN,2956489
2025-06,All clients,Product A,USA,CHN,2803166
2025-07,All clients,Product A,USA,CHN,3285674
2025-08,All clients,Product A,USA,CHN,2763955
2025-09,All clients,Product A,USA,CHN,2493632
2025-10,All clients,Product A,USA,CHN,1331540
2025-11,All clients,Product A,USA,CHN,1515679
2025-12,All clients,Product A,USA,CHN,1636506
2026-01,All clients,Product A,USA,CHN,1889861
2026-02,All clients,Product A,USA,CHN,2284632
2026-03,All clients,Product A,USA,CHN,3647342
2026-04,All clients,Product A,USA,CHN,4496145
2026-05,All clients,Product A,USA,CHN,3475084
2026-06,All clients,Product A,USA,CHN,3624496
2024-01,All clients,Product A,USA,NGA,2991182
2024-02,All clients,Product A,USA,NGA,2123572
2024-03,All clients,Product A,USA,NGA,2581936
2024-04,All clients,Product A,USA,NGA,1768503
2024-05,All clients,Product A,USA,NGA,1579130
2024-06,All clients,Product A,USA,NGA,2285783
2024-07,All clients,Product A,USA,NGA,1891361
2024-08,All clients,Product A,USA,NGA,2608166
2024-09,All clients,Product A,USA,NGA,2968659
2024-10,All clients,Product A,USA,NGA,2040585
2024-11,All clients,Product A,USA,NGA,2470967
2024-12,All clients,Product A,USA,NGA,2756948
2025-01,All clients,Product A,USA,NGA,2299257
2025-02,All clients,Product A,USA,NGA,2356477
2025-03,All clients,Product A,USA,NGA,1822703
2025-04,All clients,Product A,USA,NGA,1746886
2025-05,All clients,Product A,USA,NGA,1916062
2025-06,All clients,Product A,USA,NGA,2150803
2025-07,All clients,Product A,USA,NGA,2229055
2025-08,All clients,Product A,USA,NGA,2935530
2025-09,All clients,Product A,USA,NGA,3691477
2025-10,All clients,Product A,USA,NGA,3102334
2025-11,All clients,Product A,USA,NGA,3454914
2025-12,All clients,Product A,USA,NGA,2286351
2026-01,All clients,Product A,USA,NGA,2462942
2026-02,All clients,Product A,USA,NGA,2217744
2026-03,All clients,Product A,USA,NGA,1942730
2026-04,All clients,Product A,USA,NGA,2271705
2026-05,All clients,Product A,USA,NGA,2247196
2026-06,All clients,Product A,USA,NGA,2164687
2024-01,All clients,Product A,USA,THA,1751357
2024-02,All clients,Product A,USA,THA,1852054
2024-03,All clients,Product A,USA,THA,1632820
2024-04,All clients,Product A,USA,THA,1698566
2024-05,All clients,Product A,USA,THA,2359289
2024-06,All clients,Product A,USA,THA,1977443
2024-07,All clients,Product A,USA,THA,2516338
2024-08,All clients,Product A,USA,THA,2405148
2024-09,All clients,Product A,USA,THA,2701966
2024-10,All clients,Product A,USA,THA,2662836
2024-11,All clients,Product A,USA,THA,2179486
2024-12,All clients,Product A,USA,THA,2391244
2025-01,All clients,Product A,USA,THA,2224789
2025-02,All clients,Product A,USA,THA,1953708
2025-03,All clients,Product A,USA,THA,2234059
2025-04,All clients,Product A,USA,THA,2206221
2025-05,All clients,Product A,USA,THA,2422222
2025-06,All clients,Product A,USA,THA,2216618
2025-07,All clients,Product A,USA,THA,2923251
2025-08,All clients,Product A,USA,THA,2840249
2025-09,All clients,Product A,USA,THA,3161556
2025-10,All clients,Product A,USA,THA,2984537
2025-11,All clients,Product A,USA,THA,2809428
2025-12,All clients,Product A,USA,THA,2473554
2026-01,All clients,Product A,USA,THA,2258108
2026-02,All clients,Product A,USA,THA,2222881
2026-03,All clients,Product A,USA,THA,2146512
2026-04,All clients,Product A,USA,THA,2475246
2026-05,All clients,Product A,USA,THA,2715780
2026-06,All clients,Product A,USA,THA,2884338
2024-01,All clients,Product A,ZAF,BHR,1477196
2024-02,All clients,Product A,ZAF,BHR,1894275
2024-03,All clients,Product A,ZAF,BHR,1815237
2024-04,All clients,Product A,ZAF,BHR,1364670
2024-05,All clients,Product A,ZAF,BHR,1407120
2024-06,All clients,Product A,ZAF,BHR,1370558
2024-07,All clients,Product A,ZAF,BHR,1052674
2024-08,All clients,Product A,ZAF,BHR,1001890
2024-09,All clients,Product A,ZAF,BHR,1189377
2024-10,All clients,Product A,ZAF,BHR,1313397
2024-11,All clients,Product A,ZAF,BHR,1471524
2024-12,All clients,Product A,ZAF,BHR,1543736
2025-01,All clients,Product A,ZAF,BHR,1812620
2025-02,All clients,Product A,ZAF,BHR,1548348
2025-03,All clients,Product A,ZAF,BHR,1414710
2025-04,All clients,Product A,ZAF,BHR,1516725
2025-05,All clients,Product A,ZAF,BHR,1166753
2025-06,All clients,Product A,ZAF,BHR,983661
2025-07,All clients,Product A,ZAF,BHR,941637
2025-08,All clients,Product A,ZAF,BHR,964801
2025-09,All clients,Product A,ZAF,BHR,963482
2025-10,All clients,Product A,ZAF,BHR,1171050
2025-11,All clients,Product A,ZAF,BHR,1272300
2025-12,All clients,Product A,ZAF,BHR,1503199
2026-01,All clients,Product A,ZAF,BHR,1707519
2026-02,All clients,Product A,ZAF,BHR,1664001
2026-03,All clients,Product A,ZAF,BHR,1644235
2026-04,All clients,Product A,ZAF,BHR,1467888
2026-05,All clients,Product A,ZAF,BHR,1092478
2026-06,All clients,Product A,ZAF,BHR,1151208
2024-01,All clients,Product B,AUS,GBR,2217350
2024-02,All clients,Product B,AUS,GBR,1535988
2024-03,All clients,Product B,AUS,GBR,2764643
2024-04,All clients,Product B,AUS,GBR,2691251
2024-05,All clients,Product B,AUS,GBR,2754447
2024-06,All clients,Product B,AUS,GBR,2893130
2024-07,All clients,Product B,AUS,GBR,3753353
2024-08,All clients,Product B,AUS,GBR,3725328
2024-09,All clients,Product B,AUS,GBR,3305190
2024-10,All clients,Product B,AUS,GBR,3085094
2024-11,All clients,Product B,AUS,GBR,2616482
2024-12,All clients,Product B,AUS,GBR,1657429
2025-01,All clients,Product B,AUS,GBR,2124621
2025-02,All clients,Product B,AUS,GBR,2206964
2025-03,All clients,Product B,AUS,GBR,3354386
2025-04,All clients,Product B,AUS,GBR,2228369
2025-05,All clients,Product B,AUS,GBR,3807906
2025-06,All clients,Product B,AUS,GBR,3100899
2025-07,All clients,Product B,AUS,GBR,3486825
2025-08,All clients,Product B,AUS,GBR,3148678
2025-09,All clients,Product B,AUS,GBR,3449390
2025-10,All clients,Product B,AUS,GBR,2111249
2025-11,All clients,Product B,AUS,GBR,1681308
2025-12,All clients,Product B,AUS,GBR,2547680
2026-01,All clients,Product B,AUS,GBR,2379470
2026-02,All clients,Product B,AUS,GBR,2088742
2026-03,All clients,Product B,AUS,GBR,2317538
2026-04,All clients,Product B,AUS,GBR,3100334
2026-05,All clients,Product B,AUS,GBR,4177069
2026-06,All clients,Product B,AUS,GBR,3199903
2024-01,All clients,Product B,AUS,LUX,2502294
2024-02,All clients,Product B,AUS,LUX,1693691
2024-03,All clients,Product B,AUS,LUX,1979145
2024-04,All clients,Product B,AUS,LUX,1904255
2024-05,All clients,Product B,AUS,LUX,2673513
2024-06,All clients,Product B,AUS,LUX,2999054
2024-07,All clients,Product B,AUS,LUX,3150875
2024-08,All clients,Product B,AUS,LUX,2613074
2024-09,All clients,Product B,AUS,LUX,3091278
2024-10,All clients,Product B,AUS,LUX,2703180
2024-11,All clients,Product B,AUS,LUX,2001256
2024-12,All clients,Product B,AUS,LUX,2678238
2025-01,All clients,Product B,AUS,LUX,2436055
2025-02,All clients,Product B,AUS,LUX,3034617
2025-03,All clients,Product B,AUS,LUX,2584642
2025-04,All clients,Product B,AUS,LUX,2096271
2025-05,All clients,Product B,AUS,LUX,1827797
2025-06,All clients,Product B,AUS,LUX,2370223
2025-07,All clients,Product B,AUS,LUX,2975237
2025-08,All clients,Product B,AUS,LUX,2356380
2025-09,All clients,Product B,AUS,LUX,3065705
2025-10,All clients,Product B,AUS,LUX,1976229
2025-11,All clients,Product B,AUS,LUX,2317182
2025-12,All clients,Product B,AUS,LUX,2346379
2026-01,All clients,Product B,AUS,LUX,2481539
2026-02,All clients,Product B,AUS,LUX,1790508
2026-03,All clients,Product B,AUS,LUX,2687240
2026-04,All clients,Product B,AUS,LUX,2680905
2026-05,All clients,Product B,AUS,LUX,2540282
2026-06,All clients,Product B,AUS,LUX,2441415
2024-01,All clients,Product B,BRA,SGP,241891
2024-02,All clients,Product B,BRA,SGP,332608
2024-03,All clients,Product B,BRA,SGP,378530
2024-04,All clients,Product B,BRA,SGP,392945
2024-05,All clients,Product B,BRA,SGP,403519
2024-06,All clients,Product B,BRA,SGP,444546
2024-07,All clients,Product B,BRA,SGP,404918
2024-08,All clients,Product B,BRA,SGP,437150
2024-09,All clients,Product B,BRA,SGP,331025
2024-10,All clients,Product B,BRA,SGP,304062
2024-11,All clients,Product B,BRA,SGP,298201
2024-12,All clients,Product B,BRA,SGP,265518
2025-01,All clients,Product B,BRA,SGP,245695
2025-02,All clients,Product B,BRA,SGP,354749
2025-03,All clients,Product B,BRA,SGP,394345
2025-04,All clients,Product B,BRA,SGP,402716
2025-05,All clients,Product B,BRA,SGP,458934
2025-06,All clients,Product B,BRA,SGP,505638
2025-07,All clients,Product B,BRA,SGP,404765
2025-08,All clients,Product B,BRA,SGP,359135
2025-09,All clients,Product B,BRA,SGP,315046
2025-10,All clients,Product B,BRA,SGP,306266
2025-11,All clients,Product B,BRA,SGP,241941
2025-12,All clients,Product B,BRA,SGP,238410
2026-01,All clients,Product B,BRA,SGP,267319
2026-02,All clients,Product B,BRA,SGP,315776
2026-03,All clients,Product B,BRA,SGP,372126
2026-04,All clients,Product B,BRA,SGP,435899
2026-05,All clients,Product B,BRA,SGP,509295
2026-06,All clients,Product B,BRA,SGP,417969
2024-01,All clients,Product B,CHE,NOR,1073075
2024-02,All clients,Product B,CHE,NOR,1520383
2024-03,All clients,Product B,CHE,NOR,1632592
2024-04,All clients,Product B,CHE,NOR,2113261
2024-05,All clients,Product B,CHE,NOR,2050056
2024-06,All clients,Product B,CHE,NOR,2166211
2024-07,All clients,Product B,CHE,NOR,2461848
2024-08,All clients,Product B,CHE,NOR,2068480
2024-09,All clients,Product B,CHE,NOR,1792078
2024-10,All clients,Product B,CHE,NOR,1406111
2024-11,All clients,Product B,CHE,NOR,1300383
2024-12,All clients,Product B,CHE,NOR,1291935
2025-01,All clients,Product B,CHE,NOR,1513260
2025-02,All clients,Product B,CHE,NOR,1961605
2025-03,All clients,Product B,CHE,NOR,2416709
2025-04,All clients,Product B,CHE,NOR,2265811
2025-05,All clients,Product B,CHE,NOR,2365121
2025-06,All clients,Product B,CHE,NOR,2589444
2025-07,All clients,Product B,CHE,NOR,2487317
2025-08,All clients,Product B,CHE,NOR,1956391
2025-09,All clients,Product B,CHE,NOR,1616570
2025-10,All clients,Product B,CHE,NOR,1511423
2025-11,All clients,Product B,CHE,NOR,1517264
2025-12,All clients,Product B,CHE,NOR,1564881
2026-01,All clients,Product B,CHE,NOR,1864146
2026-02,All clients,Product B,CHE,NOR,2035491
2026-03,All clients,Product B,CHE,NOR,2284620
2026-04,All clients,Product B,CHE,NOR,3070734
2026-05,All clients,Product B,CHE,NOR,3387310
2026-06,All clients,Product B,CHE,NOR,3316608
2024-01,All clients,Product B,CHN,BHR,370191
2024-02,All clients,Product B,CHN,BHR,285502
2024-03,All clients,Product B,CHN,BHR,371893
2024-04,All clients,Product B,CHN,BHR,397392
2024-05,All clients,Product B,CHN,BHR,422260
2024-06,All clients,Product B,CHN,BHR,575678
2024-07,All clients,Product B,CHN,BHR,619088
2024-08,All clients,Product B,CHN,BHR,675626
2024-09,All clients,Product B,CHN,BHR,515914
2024-10,All clients,Product B,CHN,BHR,462362
2024-11,All clients,Product B,CHN,BHR,427983
2024-12,All clients,Product B,CHN,BHR,341560
2025-01,All clients,Product B,CHN,BHR,328317
2025-02,All clients,Product B,CHN,BHR,333749
2025-03,All clients,Product B,CHN,BHR,304736
2025-04,All clients,Product B,CHN,BHR,353631
2025-05,All clients,Product B,CHN,BHR,413630
2025-06,All clients,Product B,CHN,BHR,580261
2025-07,All clients,Product B,CHN,BHR,605151
2025-08,All clients,Product B,CHN,BHR,548026
2025-09,All clients,Product B,CHN,BHR,496427
2025-10,All clients,Product B,CHN,BHR,478926
2025-11,All clients,Product B,CHN,BHR,383557
2025-12,All clients,Product B,CHN,BHR,361350
2026-01,All clients,Product B,CHN,BHR,284017
2026-02,All clients,Product B,CHN,BHR,254900
2026-03,All clients,Product B,CHN,BHR,267011
2026-04,All clients,Product B,CHN,BHR,310311
2026-05,All clients,Product B,CHN,BHR,416744
2026-06,All clients,Product B,CHN,BHR,479688
2024-01,All clients,Product B,DEU,GBR,1200643
2024-02,All clients,Product B,DEU,GBR,1542770
2024-03,All clients,Product B,DEU,GBR,870225
2024-04,All clients,Product B,DEU,GBR,777740
2024-05,All clients,Product B,DEU,GBR,724263
2024-06,All clients,Product B,DEU,GBR,820737
2024-07,All clients,Product B,DEU,GBR,731817
2024-08,All clients,Product B,DEU,GBR,599482
2024-09,All clients,Product B,DEU,GBR,966736
2024-10,All clients,Product B,DEU,GBR,1321629
2024-11,All clients,Product B,DEU,GBR,1113491
2024-12,All clients,Product B,DEU,GBR,1123437
2025-01,All clients,Product B,DEU,GBR,1563564
2025-02,All clients,Product B,DEU,GBR,1594388
2025-03,All clients,Product B,DEU,GBR,1363911
2025-04,All clients,Product B,DEU,GBR,900224
2025-05,All clients,Product B,DEU,GBR,962006
2025-06,All clients,Product B,DEU,GBR,641640
2025-07,All clients,Product B,DEU,GBR,809049
2025-08,All clients,Product B,DEU,GBR,832551
2025-09,All clients,Product B,DEU,GBR,756508
2025-10,All clients,Product B,DEU,GBR,1290165
2025-11,All clients,Product B,DEU,GBR,1698910
2025-12,All clients,Product B,DEU,GBR,2005310
2026-01,All clients,Product B,DEU,GBR,1557208
2026-02,All clients,Product B,DEU,GBR,1439623
2026-03,All clients,Product B,DEU,GBR,1558709
2026-04,All clients,Product B,DEU,GBR,1491136
2026-05,All clients,Product B,DEU,GBR,1245924
2026-06,All clients,Product B,DEU,GBR,1043730
2024-01,All clients,Product B,DEU,TUR,2756893
2024-02,All clients,Product B,DEU,TUR,2323312
2024-03,All clients,Product B,DEU,TUR,1841384
2024-04,All clients,Product B,DEU,TUR,1474731
2024-05,All clients,Product B,DEU,TUR,1464062
2024-06,All clients,Product B,DEU,TUR,1059653
2024-07,All clients,Product B,DEU,TUR,2032270
2024-08,All clients,Product B,DEU,TUR,2389429
2024-09,All clients,Product B,DEU,TUR,2812479
2024-10,All clients,Product B,DEU,TUR,2954743
2024-11,All clients,Product B,DEU,TUR,3483730
2024-12,All clients,Product B,DEU,TUR,2644634
2025-01,All clients,Product B,DEU,TUR,2488898
2025-02,All clients,Product B,DEU,TUR,3043141
2025-03,All clients,Product B,DEU,TUR,1865139
2025-04,All clients,Product B,DEU,TUR,1994154
2025-05,All clients,Product B,DEU,TUR,1393043
2025-06,All clients,Product B,DEU,TUR,1650147
2025-07,All clients,Product B,DEU,TUR,2200648
2025-08,All clients,Product B,DEU,TUR,2890101
2025-09,All clients,Product B,DEU,TUR,4319392
2025-10,All clients,Product B,DEU,TUR,3772712
2025-11,All clients,Product B,DEU,TUR,4632894
2025-12,All clients,Product B,DEU,TUR,4383462
2026-01,All clients,Product B,DEU,TUR,2199773
2026-02,All clients,Product B,DEU,TUR,2480833
2026-03,All clients,Product B,DEU,TUR,2687292
2026-04,All clients,Product B,DEU,TUR,1745517
2026-05,All clients,Product B,DEU,TUR,1600407
2026-06,All clients,Product B,DEU,TUR,1603521
2024-01,All clients,Product B,ESP,BEL,1693996
2024-02,All clients,Product B,ESP,BEL,1807935
2024-03,All clients,Product B,ESP,BEL,1601445
2024-04,All clients,Product B,ESP,BEL,1603998
2024-05,All clients,Product B,ESP,BEL,1496581
2024-06,All clients,Product B,ESP,BEL,1091476
2024-07,All clients,Product B,ESP,BEL,908755
2024-08,All clients,Product B,ESP,BEL,903147
2024-09,All clients,Product B,ESP,BEL,907367
2024-10,All clients,Product B,ESP,BEL,1080227
2024-11,All clients,Product B,ESP,BEL,1494428
2024-12,All clients,Product B,ESP,BEL,1479480
2025-01,All clients,Product B,ESP,BEL,1961551
2025-02,All clients,Product B,ESP,BEL,2181221
2025-03,All clients,Product B,ESP,BEL,2016366
2025-04,All clients,Product B,ESP,BEL,1657401
2025-05,All clients,Product B,ESP,BEL,1273656
2025-06,All clients,Product B,ESP,BEL,1282880
2025-07,All clients,Product B,ESP,BEL,1051782
2025-08,All clients,Product B,ESP,BEL,952310
2025-09,All clients,Product B,ESP,BEL,934401
2025-10,All clients,Product B,ESP,BEL,1345480
2025-11,All clients,Product B,ESP,BEL,1695460
2025-12,All clients,Product B,ESP,BEL,2072508
2026-01,All clients,Product B,ESP,BEL,2374043
2026-02,All clients,Product B,ESP,BEL,2213161
2026-03,All clients,Product B,ESP,BEL,1822988
2026-04,All clients,Product B,ESP,BEL,2108970
2026-05,All clients,Product B,ESP,BEL,1687095
2026-06,All clients,Product B,ESP,BEL,1226373
2024-01,All clients,Product B,ESP,LIE,1555768
2024-02,All clients,Product B,ESP,LIE,2088820
2024-03,All clients,Product B,ESP,LIE,2167137
2024-04,All clients,Product B,ESP,LIE,2315446
2024-05,All clients,Product B,ESP,LIE,2631066
2024-06,All clients,Product B,ESP,LIE,2865993
2024-07,All clients,Product B,ESP,LIE,2470928
2024-08,All clients,Product B,ESP,LIE,2529311
2024-09,All clients,Product B,ESP,LIE,2502098
2024-10,All clients,Product B,ESP,LIE,2070628
2024-11,All clients,Product B,ESP,LIE,1804046
2024-12,All clients,Product B,ESP,LIE,1762856
2025-01,All clients,Product B,ESP,LIE,1506225
2025-02,All clients,Product B,ESP,LIE,2119683
2025-03,All clients,Product B,ESP,LIE,2344915
2025-04,All clients,Product B,ESP,LIE,2534189
2025-05,All clients,Product B,ESP,LIE,2733741
2025-06,All clients,Product B,ESP,LIE,2436811
2025-07,All clients,Product B,ESP,LIE,2900017
2025-08,All clients,Product B,ESP,LIE,2723652
2025-09,All clients,Product B,ESP,LIE,2420691
2025-10,All clients,Product B,ESP,LIE,2049454
2025-11,All clients,Product B,ESP,LIE,1777487
2025-12,All clients,Product B,ESP,LIE,1475115
2026-01,All clients,Product B,ESP,LIE,1677479
2026-02,All clients,Product B,ESP,LIE,1617674
2026-03,All clients,Product B,ESP,LIE,2024340
2026-04,All clients,Product B,ESP,LIE,2620018
2026-05,All clients,Product B,ESP,LIE,2891949
2026-06,All clients,Product B,ESP,LIE,2392132
2024-01,All clients,Product B,FRA,NGA,5957528
2024-02,All clients,Product B,FRA,NGA,5333841
2024-03,All clients,Product B,FRA,NGA,6844249
2024-04,All clients,Product B,FRA,NGA,6126821
2024-05,All clients,Product B,FRA,NGA,6982760
2024-06,All clients,Product B,FRA,NGA,6831005
2024-07,All clients,Product B,FRA,NGA,5521562
2024-08,All clients,Product B,FRA,NGA,5785696
2024-09,All clients,Product B,FRA,NGA,5709289
2024-10,All clients,Product B,FRA,NGA,5404691
2024-11,All clients,Product B,FRA,NGA,5572387
2024-12,All clients,Product B,FRA,NGA,5927657
2025-01,All clients,Product B,FRA,NGA,5377369
2025-02,All clients,Product B,FRA,NGA,7903961
2025-03,All clients,Product B,FRA,NGA,8867750
2025-04,All clients,Product B,FRA,NGA,6950491
2025-05,All clients,Product B,FRA,NGA,6575309
2025-06,All clients,Product B,FRA,NGA,9238548
2025-07,All clients,Product B,FRA,NGA,6472816
2025-08,All clients,Product B,FRA,NGA,7236230
2025-09,All clients,Product B,FRA,NGA,7814627
2025-10,All clients,Product B,FRA,NGA,5048667
2025-11,All clients,Product B,FRA,NGA,4965093
2025-12,All clients,Product B,FRA,NGA,6154686
2026-01,All clients,Product B,FRA,NGA,8115670
2026-02,All clients,Product B,FRA,NGA,6252001
2026-03,All clients,Product B,FRA,NGA,8450214
2026-04,All clients,Product B,FRA,NGA,8592006
2026-05,All clients,Product B,FRA,NGA,6855904
2026-06,All clients,Product B,FRA,NGA,8644621
2024-01,All clients,Product B,FRA,PAN,975399
2024-02,All clients,Product B,FRA,PAN,1112958
2024-03,All clients,Product B,FRA,PAN,1212389
2024-04,All clients,Product B,FRA,PAN,951815
2024-05,All clients,Product B,FRA,PAN,998555
2024-06,All clients,Product B,FRA,PAN,859311
2024-07,All clients,Product B,FRA,PAN,728635
2024-08,All clients,Product B,FRA,PAN,766361
2024-09,All clients,Product B,FRA,PAN,867549
2024-10,All clients,Product B,FRA,PAN,873090
2024-11,All clients,Product B,FRA,PAN,978008
2024-12,All clients,Product B,FRA,PAN,1016077
2025-01,All clients,Product B,FRA,PAN,1092023
2025-02,All clients,Product B,FRA,PAN,1177049
2025-03,All clients,Product B,FRA,PAN,1347008
2025-04,All clients,Product B,FRA,PAN,1126524
2025-05,All clients,Product B,FRA,PAN,1150364
2025-06,All clients,Product B,FRA,PAN,1138649
2025-07,All clients,Product B,FRA,PAN,1031416
2025-08,All clients,Product B,FRA,PAN,1009258
2025-09,All clients,Product B,FRA,PAN,888888
2025-10,All clients,Product B,FRA,PAN,835686
2025-11,All clients,Product B,FRA,PAN,1006862
2025-12,All clients,Product B,FRA,PAN,1038262
2026-01,All clients,Product B,FRA,PAN,1317630
2026-02,All clients,Product B,FRA,PAN,1453053
2026-03,All clients,Product B,FRA,PAN,1515544
2026-04,All clients,Product B,FRA,PAN,1371919
2026-05,All clients,Product B,FRA,PAN,1272885
2026-06,All clients,Product B,FRA,PAN,1185826
2024-01,All clients,Product B,GBR,HKG,863372
2024-02,All clients,Product B,GBR,HKG,1398881
2024-03,All clients,Product B,GBR,HKG,1090494
2024-04,All clients,Product B,GBR,HKG,1986307
2024-05,All clients,Product B,GBR,HKG,1677273
2024-06,All clients,Product B,GBR,HKG,1452095
2024-07,All clients,Product B,GBR,HKG,1413690
2024-08,All clients,Product B,GBR,HKG,1192077
2024-09,All clients,Product B,GBR,HKG,908135
2024-10,All clients,Product B,GBR,HKG,580909
2024-11,All clients,Product B,GBR,HKG,684064
2024-12,All clients,Product B,GBR,HKG,1073081
2025-01,All clients,Product B,GBR,HKG,1505923
2025-02,All clients,Product B,GBR,HKG,1376160
2025-03,All clients,Product B,GBR,HKG,1532130
2025-04,All clients,Product B,GBR,HKG,1826808
2025-05,All clients,Product B,GBR,HKG,1851074
2025-06,All clients,Product B,GBR,HKG,2016705
2025-07,All clients,Product B,GBR,HKG,1755956
2025-08,All clients,Product B,GBR,HKG,1515768
2025-09,All clients,Product B,GBR,HKG,921704
2025-10,All clients,Product B,GBR,HKG,889937
2025-11,All clients,Product B,GBR,HKG,935996
2025-12,All clients,Product B,GBR,HKG,827294
2026-01,All clients,Product B,GBR,HKG,1240667
2026-02,All clients,Product B,GBR,HKG,1459030
2026-03,All clients,Product B,GBR,HKG,1919447
2026-04,All clients,Product B,GBR,HKG,1914370
2026-05,All clients,Product B,GBR,HKG,2596119
2026-06,All clients,Product B,GBR,HKG,1497087
2024-01,All clients,Product B,GBR,SWE,1397358
2024-02,All clients,Product B,GBR,SWE,1294975
2024-03,All clients,Product B,GBR,SWE,1599065
2024-04,All clients,Product B,GBR,SWE,1221298
2024-05,All clients,Product B,GBR,SWE,1050450
2024-06,All clients,Product B,GBR,SWE,1231501
2024-07,All clients,Product B,GBR,SWE,1223804
2024-08,All clients,Product B,GBR,SWE,1193536
2024-09,All clients,Product B,GBR,SWE,955641
2024-10,All clients,Product B,GBR,SWE,910428
2024-11,All clients,Product B,GBR,SWE,1084161
2024-12,All clients,Product B,GBR,SWE,1282835
2025-01,All clients,Product B,GBR,SWE,1481845
2025-02,All clients,Product B,GBR,SWE,1399409
2025-03,All clients,Product B,GBR,SWE,1180492
2025-04,All clients,Product B,GBR,SWE,1216576
2025-05,All clients,Product B,GBR,SWE,994600
2025-06,All clients,Product B,GBR,SWE,1240212
2025-07,All clients,Product B,GBR,SWE,1324843
2025-08,All clients,Product B,GBR,SWE,948669
2025-09,All clients,Product B,GBR,SWE,1127845
2025-10,All clients,Product B,GBR,SWE,893687
2025-11,All clients,Product B,GBR,SWE,1345619
2025-12,All clients,Product B,GBR,SWE,1201348
2026-01,All clients,Product B,GBR,SWE,1168467
2026-02,All clients,Product B,GBR,SWE,1270444
2026-03,All clients,Product B,GBR,SWE,1440513
2026-04,All clients,Product B,GBR,SWE,1455642
2026-05,All clients,Product B,GBR,SWE,1144916
2026-06,All clients,Product B,GBR,SWE,958799
2024-01,All clients,Product B,HKG,CYM,1643251
2024-02,All clients,Product B,HKG,CYM,1976763
2024-03,All clients,Product B,HKG,CYM,1130357
2024-04,All clients,Product B,HKG,CYM,1407529
2024-05,All clients,Product B,HKG,CYM,1560195
2024-06,All clients,Product B,HKG,CYM,1810060
2024-07,All clients,Product B,HKG,CYM,1396765
2024-08,All clients,Product B,HKG,CYM,1356859
2024-09,All clients,Product B,HKG,CYM,1191188
2024-10,All clients,Product B,HKG,CYM,1804203
2024-11,All clients,Product B,HKG,CYM,1868920
2024-12,All clients,Product B,HKG,CYM,1927315
2025-01,All clients,Product B,HKG,CYM,1325766
2025-02,All clients,Product B,HKG,CYM,1616910
2025-03,All clients,Product B,HKG,CYM,1378625
2025-04,All clients,Product B,HKG,CYM,1240758
2025-05,All clients,Product B,HKG,CYM,1333901
2025-06,All clients,Product B,HKG,CYM,1310351
2025-07,All clients,Product B,HKG,CYM,1461013
2025-08,All clients,Product B,HKG,CYM,1071223
2025-09,All clients,Product B,HKG,CYM,1543785
2025-10,All clients,Product B,HKG,CYM,1642080
2025-11,All clients,Product B,HKG,CYM,1360060
2025-12,All clients,Product B,HKG,CYM,1452428
2026-01,All clients,Product B,HKG,CYM,1544624
2026-02,All clients,Product B,HKG,CYM,1229518
2026-03,All clients,Product B,HKG,CYM,1784716
2026-04,All clients,Product B,HKG,CYM,1478908
2026-05,All clients,Product B,HKG,CYM,1350165
2026-06,All clients,Product B,HKG,CYM,1450919
2024-01,All clients,Product B,IND,CYM,6875570
2024-02,All clients,Product B,IND,CYM,7149960
2024-03,All clients,Product B,IND,CYM,4881637
2024-04,All clients,Product B,IND,CYM,6408660
2024-05,All clients,Product B,IND,CYM,6354669
2024-06,All clients,Product B,IND,CYM,6656041
2024-07,All clients,Product B,IND,CYM,7017286
2024-08,All clients,Product B,IND,CYM,6903491
2024-09,All clients,Product B,IND,CYM,7169811
2024-10,All clients,Product B,IND,CYM,6791046
2024-11,All clients,Product B,IND,CYM,4822073
2024-12,All clients,Product B,IND,CYM,5832554
2025-01,All clients,Product B,IND,CYM,4711105
2025-02,All clients,Product B,IND,CYM,5154411
2025-03,All clients,Product B,IND,CYM,7223898
2025-04,All clients,Product B,IND,CYM,9419213
2025-05,All clients,Product B,IND,CYM,7949335
2025-06,All clients,Product B,IND,CYM,8294260
2025-07,All clients,Product B,IND,CYM,9528422
2025-08,All clients,Product B,IND,CYM,8158325
2025-09,All clients,Product B,IND,CYM,7587186
2025-10,All clients,Product B,IND,CYM,6189773
2025-11,All clients,Product B,IND,CYM,5902775
2025-12,All clients,Product B,IND,CYM,5293218
2026-01,All clients,Product B,IND,CYM,4980767
2026-02,All clients,Product B,IND,CYM,9262060
2026-03,All clients,Product B,IND,CYM,8969621
2026-04,All clients,Product B,IND,CYM,6359439
2026-05,All clients,Product B,IND,CYM,6292340
2026-06,All clients,Product B,IND,CYM,8789524
2024-01,All clients,Product B,IND,KOR,8164964
2024-02,All clients,Product B,IND,KOR,8182513
2024-03,All clients,Product B,IND,KOR,11218709
2024-04,All clients,Product B,IND,KOR,7529647
2024-05,All clients,Product B,IND,KOR,7722315
2024-06,All clients,Product B,IND,KOR,7015736
2024-07,All clients,Product B,IND,KOR,7594924
2024-08,All clients,Product B,IND,KOR,7459420
2024-09,All clients,Product B,IND,KOR,6330509
2024-10,All clients,Product B,IND,KOR,6556132
2024-11,All clients,Product B,IND,KOR,5353566
2024-12,All clients,Product B,IND,KOR,6934075
2025-01,All clients,Product B,IND,KOR,7497949
2025-02,All clients,Product B,IND,KOR,7523474
2025-03,All clients,Product B,IND,KOR,9950756
2025-04,All clients,Product B,IND,KOR,6755374
2025-05,All clients,Product B,IND,KOR,7974940
2025-06,All clients,Product B,IND,KOR,7348630
2025-07,All clients,Product B,IND,KOR,9655343
2025-08,All clients,Product B,IND,KOR,5067955
2025-09,All clients,Product B,IND,KOR,6412839
2025-10,All clients,Product B,IND,KOR,6028616
2025-11,All clients,Product B,IND,KOR,5988548
2025-12,All clients,Product B,IND,KOR,6426674
2026-01,All clients,Product B,IND,KOR,8312700
2026-02,All clients,Product B,IND,KOR,8700478
2026-03,All clients,Product B,IND,KOR,6057906
2026-04,All clients,Product B,IND,KOR,9048812
2026-05,All clients,Product B,IND,KOR,8941332
2026-06,All clients,Product B,IND,KOR,6259155
2024-01,All clients,Product B,IRL,AUT,963497
2024-02,All clients,Product B,IRL,AUT,974721
2024-03,All clients,Product B,IRL,AUT,739470
2024-04,All clients,Product B,IRL,AUT,692426
2024-05,All clients,Product B,IRL,AUT,657925
2024-06,All clients,Product B,IRL,AUT,559993
2024-07,All clients,Product B,IRL,AUT,614847
2024-08,All clients,Product B,IRL,AUT,790699
2024-09,All clients,Product B,IRL,AUT,894251
2024-10,All clients,Product B,IRL,AUT,902127
2024-11,All clients,Product B,IRL,AUT,928528
2024-12,All clients,Product B,IRL,AUT,1024872
2025-01,All clients,Product B,IRL,AUT,857918
2025-02,All clients,Product B,IRL,AUT,800078
2025-03,All clients,Product B,IRL,AUT,832574
2025-04,All clients,Product B,IRL,AUT,770932
2025-05,All clients,Product B,IRL,AUT,682171
2025-06,All clients,Product B,IRL,AUT,575097
2025-07,All clients,Product B,IRL,AUT,745669
2025-08,All clients,Product B,IRL,AUT,820570
2025-09,All clients,Product B,IRL,AUT,776369
2025-10,All clients,Product B,IRL,AUT,940926
2025-11,All clients,Product B,IRL,AUT,1030177
2025-12,All clients,Product B,IRL,AUT,1023749
2026-01,All clients,Product B,IRL,AUT,1159945
2026-02,All clients,Product B,IRL,AUT,1067349
2026-03,All clients,Product B,IRL,AUT,793409
2026-04,All clients,Product B,IRL,AUT,756237
2026-05,All clients,Product B,IRL,AUT,686175
2026-06,All clients,Product B,IRL,AUT,698648
2024-01,All clients,Product B,IRL,CHE,4037070
2024-02,All clients,Product B,IRL,CHE,3410931
2024-03,All clients,Product B,IRL,CHE,2504918
2024-04,All clients,Product B,IRL,CHE,3511938
2024-05,All clients,Product B,IRL,CHE,3573642
2024-06,All clients,Product B,IRL,CHE,2381127
2024-07,All clients,Product B,IRL,CHE,3032776
2024-08,All clients,Product B,IRL,CHE,2087797
2024-09,All clients,Product B,IRL,CHE,2540336
2024-10,All clients,Product B,IRL,CHE,2898165
2024-11,All clients,Product B,IRL,CHE,2721644
2024-12,All clients,Product B,IRL,CHE,3578231
2025-01,All clients,Product B,IRL,CHE,2882248
2025-02,All clients,Product B,IRL,CHE,3735986
2025-03,All clients,Product B,IRL,CHE,3619421
2025-04,All clients,Product B,IRL,CHE,4125092
2025-05,All clients,Product B,IRL,CHE,3295601
2025-06,All clients,Product B,IRL,CHE,3073292
2025-07,All clients,Product B,IRL,CHE,2811110
2025-08,All clients,Product B,IRL,CHE,2688085
2025-09,All clients,Product B,IRL,CHE,1977297
2025-10,All clients,Product B,IRL,CHE,3166651
2025-11,All clients,Product B,IRL,CHE,3206937
2025-12,All clients,Product B,IRL,CHE,2866586
2026-01,All clients,Product B,IRL,CHE,3061327
2026-02,All clients,Product B,IRL,CHE,3898053
2026-03,All clients,Product B,IRL,CHE,3162260
2026-04,All clients,Product B,IRL,CHE,3758308
2026-05,All clients,Product B,IRL,CHE,2543478
2026-06,All clients,Product B,IRL,CHE,2206634
2024-01,All clients,Product B,ITA,NGA,730867
2024-02,All clients,Product B,ITA,NGA,678204
2024-03,All clients,Product B,ITA,NGA,578229
2024-04,All clients,Product B,ITA,NGA,697840
2024-05,All clients,Product B,ITA,NGA,759616
2024-06,All clients,Product B,ITA,NGA,618672
2024-07,All clients,Product B,ITA,NGA,803402
2024-08,All clients,Product B,ITA,NGA,773801
2024-09,All clients,Product B,ITA,NGA,733660
2024-10,All clients,Product B,ITA,NGA,733006
2024-11,All clients,Product B,ITA,NGA,686662
2024-12,All clients,Product B,ITA,NGA,657262
2025-01,All clients,Product B,ITA,NGA,734019
2025-02,All clients,Product B,ITA,NGA,735244
2025-03,All clients,Product B,ITA,NGA,754588
2025-04,All clients,Product B,ITA,NGA,639384
2025-05,All clients,Product B,ITA,NGA,711660
2025-06,All clients,Product B,ITA,NGA,700661
2025-07,All clients,Product B,ITA,NGA,822553
2025-08,All clients,Product B,ITA,NGA,912911
2025-09,All clients,Product B,ITA,NGA,880854
2025-10,All clients,Product B,ITA,NGA,778850
2025-11,All clients,Product B,ITA,NGA,902225
2025-12,All clients,Product B,ITA,NGA,892576
2026-01,All clients,Product B,ITA,NGA,723182
2026-02,All clients,Product B,ITA,NGA,798004
2026-03,All clients,Product B,ITA,NGA,807359
2026-04,All clients,Product B,ITA,NGA,663665
2026-05,All clients,Product B,ITA,NGA,736411
2026-06,All clients,Product B,ITA,NGA,924106
2024-01,All clients,Product B,KOR,POL,1208194
2024-02,All clients,Product B,KOR,POL,1101344
2024-03,All clients,Product B,KOR,POL,1351338
2024-04,All clients,Product B,KOR,POL,1249131
2024-05,All clients,Product B,KOR,POL,1291511
2024-06,All clients,Product B,KOR,POL,1437711
2024-07,All clients,Product B,KOR,POL,1389231
2024-08,All clients,Product B,KOR,POL,1587266
2024-09,All clients,Product B,KOR,POL,1592260
2024-10,All clients,Product B,KOR,POL,1257157
2024-11,All clients,Product B,KOR,POL,1357438
2024-12,All clients,Product B,KOR,POL,1164204
2025-01,All clients,Product B,KOR,POL,1022619
2025-02,All clients,Product B,KOR,POL,1206335
2025-03,All clients,Product B,KOR,POL,1151948
2025-04,All clients,Product B,KOR,POL,1246874
2025-05,All clients,Product B,KOR,POL,1242533
2025-06,All clients,Product B,KOR,POL,1314830
2025-07,All clients,Product B,KOR,POL,1431952
2025-08,All clients,Product B,KOR,POL,1546225
2025-09,All clients,Product B,KOR,POL,1518901
2025-10,All clients,Product B,KOR,POL,1522503
2025-11,All clients,Product B,KOR,POL,1295325
2025-12,All clients,Product B,KOR,POL,1011567
2026-01,All clients,Product B,KOR,POL,1104875
2026-02,All clients,Product B,KOR,POL,1172777
2026-03,All clients,Product B,KOR,POL,1059515
2026-04,All clients,Product B,KOR,POL,1127411
2026-05,All clients,Product B,KOR,POL,1307139
2026-06,All clients,Product B,KOR,POL,1178749
2024-01,All clients,Product B,POL,BRA,1782089
2024-02,All clients,Product B,POL,BRA,1495757
2024-03,All clients,Product B,POL,BRA,1411566
2024-04,All clients,Product B,POL,BRA,1533612
2024-05,All clients,Product B,POL,BRA,1919496
2024-06,All clients,Product B,POL,BRA,2087243
2024-07,All clients,Product B,POL,BRA,2850268
2024-08,All clients,Product B,POL,BRA,3198572
2024-09,All clients,Product B,POL,BRA,3321361
2024-10,All clients,Product B,POL,BRA,3745775
2024-11,All clients,Product B,POL,BRA,2881692
2024-12,All clients,Product B,POL,BRA,2463163
2025-01,All clients,Product B,POL,BRA,2145784
2025-02,All clients,Product B,POL,BRA,1693519
2025-03,All clients,Product B,POL,BRA,1555892
2025-04,All clients,Product B,POL,BRA,1619509
2025-05,All clients,Product B,POL,BRA,2436842
2025-06,All clients,Product B,POL,BRA,2553549
2025-07,All clients,Product B,POL,BRA,3423052
2025-08,All clients,Product B,POL,BRA,3742820
2025-09,All clients,Product B,POL,BRA,3631373
2025-10,All clients,Product B,POL,BRA,3519944
2025-11,All clients,Product B,POL,BRA,3050751
2025-12,All clients,Product B,POL,BRA,2637242
2026-01,All clients,Product B,POL,BRA,2072764
2026-02,All clients,Product B,POL,BRA,2243119
2026-03,All clients,Product B,POL,BRA,1679689
2026-04,All clients,Product B,POL,BRA,2124050
2026-05,All clients,Product B,POL,BRA,2517171
2026-06,All clients,Product B,POL,BRA,3084128
2024-01,All clients,Product B,SGP,ARE,2532052
2024-02,All clients,Product B,SGP,ARE,2990336
2024-03,All clients,Product B,SGP,ARE,2210441
2024-04,All clients,Product B,SGP,ARE,2436574
2024-05,All clients,Product B,SGP,ARE,1622229
2024-06,All clients,Product B,SGP,ARE,1673137
2024-07,All clients,Product B,SGP,ARE,1435591
2024-08,All clients,Product B,SGP,ARE,1780520
2024-09,All clients,Product B,SGP,ARE,2069242
2024-10,All clients,Product B,SGP,ARE,2453176
2024-11,All clients,Product B,SGP,ARE,2433256
2024-12,All clients,Product B,SGP,ARE,2171898
2025-01,All clients,Product B,SGP,ARE,3341771
2025-02,All clients,Product B,SGP,ARE,2895421
2025-03,All clients,Product B,SGP,ARE,2303883
2025-04,All clients,Product B,SGP,ARE,2573148
2025-05,All clients,Product B,SGP,ARE,1538444
2025-06,All clients,Product B,SGP,ARE,2071813
2025-07,All clients,Product B,SGP,ARE,1504962
2025-08,All clients,Product B,SGP,ARE,1924437
2025-09,All clients,Product B,SGP,ARE,1658715
2025-10,All clients,Product B,SGP,ARE,1872766
2025-11,All clients,Product B,SGP,ARE,2324102
2025-12,All clients,Product B,SGP,ARE,2920729
2026-01,All clients,Product B,SGP,ARE,2994901
2026-02,All clients,Product B,SGP,ARE,3187583
2026-03,All clients,Product B,SGP,ARE,3322179
2026-04,All clients,Product B,SGP,ARE,2172346
2026-05,All clients,Product B,SGP,ARE,2883401
2026-06,All clients,Product B,SGP,ARE,1511325
2024-01,All clients,Product B,SGP,LUX,1221457
2024-02,All clients,Product B,SGP,LUX,1104766
2024-03,All clients,Product B,SGP,LUX,1079936
2024-04,All clients,Product B,SGP,LUX,1460407
2024-05,All clients,Product B,SGP,LUX,1064257
2024-06,All clients,Product B,SGP,LUX,1036730
2024-07,All clients,Product B,SGP,LUX,927922
2024-08,All clients,Product B,SGP,LUX,1199425
2024-09,All clients,Product B,SGP,LUX,1103677
2024-10,All clients,Product B,SGP,LUX,1270587
2024-11,All clients,Product B,SGP,LUX,975891
2024-12,All clients,Product B,SGP,LUX,1196133
2025-01,All clients,Product B,SGP,LUX,1430688
2025-02,All clients,Product B,SGP,LUX,1379784
2025-03,All clients,Product B,SGP,LUX,1094066
2025-04,All clients,Product B,SGP,LUX,1314223
2025-05,All clients,Product B,SGP,LUX,1369000
2025-06,All clients,Product B,SGP,LUX,1245780
2025-07,All clients,Product B,SGP,LUX,985394
2025-08,All clients,Product B,SGP,LUX,1046148
2025-09,All clients,Product B,SGP,LUX,1212297
2025-10,All clients,Product B,SGP,LUX,1129632
2025-11,All clients,Product B,SGP,LUX,1180435
2025-12,All clients,Product B,SGP,LUX,1083094
2026-01,All clients,Product B,SGP,LUX,849037
2026-02,All clients,Product B,SGP,LUX,1176088
2026-03,All clients,Product B,SGP,LUX,1328242
2026-04,All clients,Product B,SGP,LUX,1217152
2026-05,All clients,Product B,SGP,LUX,1415608
2026-06,All clients,Product B,SGP,LUX,1293318
2024-01,All clients,Product B,SWE,JPN,1364385
2024-02,All clients,Product B,SWE,JPN,1569245
2024-03,All clients,Product B,SWE,JPN,2155789
2024-04,All clients,Product B,SWE,JPN,2208111
2024-05,All clients,Product B,SWE,JPN,2522768
2024-06,All clients,Product B,SWE,JPN,2480792
2024-07,All clients,Product B,SWE,JPN,1967972
2024-08,All clients,Product B,SWE,JPN,1674046
2024-09,All clients,Product B,SWE,JPN,1859727
2024-10,All clients,Product B,SWE,JPN,1351279
2024-11,All clients,Product B,SWE,JPN,1523888
2024-12,All clients,Product B,SWE,JPN,1727018
2025-01,All clients,Product B,SWE,JPN,1848867
2025-02,All clients,Product B,SWE,JPN,1937225
2025-03,All clients,Product B,SWE,JPN,2481740
2025-04,All clients,Product B,SWE,JPN,2219019
2025-05,All clients,Product B,SWE,JPN,2282568
2025-06,All clients,Product B,SWE,JPN,2591639
2025-07,All clients,Product B,SWE,JPN,2080807
2025-08,All clients,Product B,SWE,JPN,2114681
2025-09,All clients,Product B,SWE,JPN,1922798
2025-10,All clients,Product B,SWE,JPN,1652419
2025-11,All clients,Product B,SWE,JPN,1689196
2025-12,All clients,Product B,SWE,JPN,1900806
2026-01,All clients,Product B,SWE,JPN,1654585
2026-02,All clients,Product B,SWE,JPN,2006028
2026-03,All clients,Product B,SWE,JPN,2638162
2026-04,All clients,Product B,SWE,JPN,2611203
2026-05,All clients,Product B,SWE,JPN,2853562
2026-06,All clients,Product B,SWE,JPN,2740332
2024-01,All clients,Product B,SWE,PRT,185108
2024-02,All clients,Product B,SWE,PRT,255042
2024-03,All clients,Product B,SWE,PRT,234610
2024-04,All clients,Product B,SWE,PRT,212311
2024-05,All clients,Product B,SWE,PRT,214945
2024-06,All clients,Product B,SWE,PRT,139710
2024-07,All clients,Product B,SWE,PRT,142129
2024-08,All clients,Product B,SWE,PRT,109140
2024-09,All clients,Product B,SWE,PRT,109384
2024-10,All clients,Product B,SWE,PRT,142458
2024-11,All clients,Product B,SWE,PRT,191469
2024-12,All clients,Product B,SWE,PRT,193641
2025-01,All clients,Product B,SWE,PRT,242710
2025-02,All clients,Product B,SWE,PRT,264303
2025-03,All clients,Product B,SWE,PRT,264438
2025-04,All clients,Product B,SWE,PRT,271617
2025-05,All clients,Product B,SWE,PRT,196365
2025-06,All clients,Product B,SWE,PRT,184241
2025-07,All clients,Product B,SWE,PRT,137354
2025-08,All clients,Product B,SWE,PRT,132997
2025-09,All clients,Product B,SWE,PRT,121200
2025-10,All clients,Product B,SWE,PRT,175396
2025-11,All clients,Product B,SWE,PRT,189797
2025-12,All clients,Product B,SWE,PRT,240684
2026-01,All clients,Product B,SWE,PRT,318589
2026-02,All clients,Product B,SWE,PRT,352573
2026-03,All clients,Product B,SWE,PRT,306888
2026-04,All clients,Product B,SWE,PRT,288631
2026-05,All clients,Product B,SWE,PRT,267717
2026-06,All clients,Product B,SWE,PRT,220957
2024-01,All clients,Product B,USA,NGA,2962445
2024-02,All clients,Product B,USA,NGA,3486484
2024-03,All clients,Product B,USA,NGA,4117212
2024-04,All clients,Product B,USA,NGA,2646090
2024-05,All clients,Product B,USA,NGA,2187729
2024-06,All clients,Product B,USA,NGA,2270049
2024-07,All clients,Product B,USA,NGA,1698152
2024-08,All clients,Product B,USA,NGA,2421271
2024-09,All clients,Product B,USA,NGA,3013028
2024-10,All clients,Product B,USA,NGA,2801146
2024-11,All clients,Product B,USA,NGA,2744075
2024-12,All clients,Product B,USA,NGA,2412907
2025-01,All clients,Product B,USA,NGA,4277309
2025-02,All clients,Product B,USA,NGA,3666463
2025-03,All clients,Product B,USA,NGA,3064069
2025-04,All clients,Product B,USA,NGA,2503585
2025-05,All clients,Product B,USA,NGA,3323270
2025-06,All clients,Product B,USA,NGA,2214721
2025-07,All clients,Product B,USA,NGA,1901152
2025-08,All clients,Product B,USA,NGA,1719970
2025-09,All clients,Product B,USA,NGA,2542549
2025-10,All clients,Product B,USA,NGA,2717837
2025-11,All clients,Product B,USA,NGA,2588561
2025-12,All clients,Product B,USA,NGA,4602138
2026-01,All clients,Product B,USA,NGA,3210623
2026-02,All clients,Product B,USA,NGA,3692862
2026-03,All clients,Product B,USA,NGA,3405673
2026-04,All clients,Product B,USA,NGA,3401545
2026-05,All clients,Product B,USA,NGA,2906843
2026-06,All clients,Product B,USA,NGA,2377300
2024-01,All clients,Product B,USA,NLD,305743
2024-02,All clients,Product B,USA,NLD,258853
2024-03,All clients,Product B,USA,NLD,254148
2024-04,All clients,Product B,USA,NLD,232990
2024-05,All clients,Product B,USA,NLD,227143
2024-06,All clients,Product B,USA,NLD,164275
2024-07,All clients,Product B,USA,NLD,172377
2024-08,All clients,Product B,USA,NLD,205567
2024-09,All clients,Product B,USA,NLD,239359
2024-10,All clients,Product B,USA,NLD,209562
2024-11,All clients,Product B,USA,NLD,224657
2024-12,All clients,Product B,USA,NLD,274149
2025-01,All clients,Product B,USA,NLD,275253
2025-02,All clients,Product B,USA,NLD,237024
2025-03,All clients,Product B,USA,NLD,220063
2025-04,All clients,Product B,USA,NLD,208798
2025-05,All clients,Product B,USA,NLD,186050
2025-06,All clients,Product B,USA,NLD,166000
2025-07,All clients,Product B,USA,NLD,186115
2025-08,All clients,Product B,USA,NLD,196075
2025-09,All clients,Product B,USA,NLD,217432
2025-10,All clients,Product B,USA,NLD,259189
2025-11,All clients,Product B,USA,NLD,279747
2025-12,All clients,Product B,USA,NLD,256307
2026-01,All clients,Product B,USA,NLD,254610
2026-02,All clients,Product B,USA,NLD,271026
2026-03,All clients,Product B,USA,NLD,235310
2026-04,All clients,Product B,USA,NLD,201451
2026-05,All clients,Product B,USA,NLD,204139
2026-06,All clients,Product B,USA,NLD,161883
2024-01,All clients,Product B,ZAF,NLD,523592
2024-02,All clients,Product B,ZAF,NLD,509782
2024-03,All clients,Product B,ZAF,NLD,388156
2024-04,All clients,Product B,ZAF,NLD,414397
2024-05,All clients,Product B,ZAF,NLD,400818
2024-06,All clients,Product B,ZAF,NLD,330644
2024-07,All clients,Product B,ZAF,NLD,393671
2024-08,All clients,Product B,ZAF,NLD,491826
2024-09,All clients,Product B,ZAF,NLD,516788
2024-10,All clients,Product B,ZAF,NLD,706286
2024-11,All clients,Product B,ZAF,NLD,638313
2024-12,All clients,Product B,ZAF,NLD,642059
2025-01,All clients,Product B,ZAF,NLD,636888
2025-02,All clients,Product B,ZAF,NLD,627684
2025-03,All clients,Product B,ZAF,NLD,466566
2025-04,All clients,Product B,ZAF,NLD,417990
2025-05,All clients,Product B,ZAF,NLD,442027
2025-06,All clients,Product B,ZAF,NLD,410489
2025-07,All clients,Product B,ZAF,NLD,471898
2025-08,All clients,Product B,ZAF,NLD,594671
2025-09,All clients,Product B,ZAF,NLD,589000
2025-10,All clients,Product B,ZAF,NLD,711591
2025-11,All clients,Product B,ZAF,NLD,731042
2025-12,All clients,Product B,ZAF,NLD,698632
2026-01,All clients,Product B,ZAF,NLD,651340
2026-02,All clients,Product B,ZAF,NLD,555246
2026-03,All clients,Product B,ZAF,NLD,605445
2026-04,All clients,Product B,ZAF,NLD,550664
2026-05,All clients,Product B,ZAF,NLD,492844
2026-06,All clients,Product B,ZAF,NLD,517681
2024-01,All clients,Product C,ARE,CHN,1193778
2024-02,All clients,Product C,ARE,CHN,1374347
2024-03,All clients,Product C,ARE,CHN,1373448
2024-04,All clients,Product C,ARE,CHN,1645821
2024-05,All clients,Product C,ARE,CHN,2250272
2024-06,All clients,Product C,ARE,CHN,2115448
2024-07,All clients,Product C,ARE,CHN,2416620
2024-08,All clients,Product C,ARE,CHN,2379733
2024-09,All clients,Product C,ARE,CHN,2248530
2024-10,All clients,Product C,ARE,CHN,1669061
2024-11,All clients,Product C,ARE,CHN,1522671
2024-12,All clients,Product C,ARE,CHN,1417428
2025-01,All clients,Product C,ARE,CHN,1424600
2025-02,All clients,Product C,ARE,CHN,1596245
2025-03,All clients,Product C,ARE,CHN,1840885
2025-04,All clients,Product C,ARE,CHN,2226504
2025-05,All clients,Product C,ARE,CHN,2378329
2025-06,All clients,Product C,ARE,CHN,2336961
2025-07,All clients,Product C,ARE,CHN,2182275
2025-08,All clients,Product C,ARE,CHN,2072114
2025-09,All clients,Product C,ARE,CHN,2461536
2025-10,All clients,Product C,ARE,CHN,1611412
2025-11,All clients,Product C,ARE,CHN,1565211
2025-12,All clients,Product C,ARE,CHN,1401865
2026-01,All clients,Product C,ARE,CHN,1426908
2026-02,All clients,Product C,ARE,CHN,1342864
2026-03,All clients,Product C,ARE,CHN,1854425
2026-04,All clients,Product C,ARE,CHN,2040530
2026-05,All clients,Product C,ARE,CHN,2056091
2026-06,All clients,Product C,ARE,CHN,2415605
2024-01,All clients,Product C,ARE,DNK,2525775
2024-02,All clients,Product C,ARE,DNK,1982945
2024-03,All clients,Product C,ARE,DNK,1807984
2024-04,All clients,Product C,ARE,DNK,1371559
2024-05,All clients,Product C,ARE,DNK,1329067
2024-06,All clients,Product C,ARE,DNK,1467478
2024-07,All clients,Product C,ARE,DNK,1470024
2024-08,All clients,Product C,ARE,DNK,2150582
2024-09,All clients,Product C,ARE,DNK,2399998
2024-10,All clients,Product C,ARE,DNK,2578033
2024-11,All clients,Product C,ARE,DNK,2670413
2024-12,All clients,Product C,ARE,DNK,2655877
2025-01,All clients,Product C,ARE,DNK,2592170
2025-02,All clients,Product C,ARE,DNK,2024954
2025-03,All clients,Product C,ARE,DNK,1788776
2025-04,All clients,Product C,ARE,DNK,1717097
2025-05,All clients,Product C,ARE,DNK,1235000
2025-06,All clients,Product C,ARE,DNK,1611460
2025-07,All clients,Product C,ARE,DNK,1626279
2025-08,All clients,Product C,ARE,DNK,2144632
2025-09,All clients,Product C,ARE,DNK,2816181
2025-10,All clients,Product C,ARE,DNK,3157679
2025-11,All clients,Product C,ARE,DNK,3035149
2025-12,All clients,Product C,ARE,DNK,3620260
2026-01,All clients,Product C,ARE,DNK,3345250
2026-02,All clients,Product C,ARE,DNK,2208344
2026-03,All clients,Product C,ARE,DNK,2305897
2026-04,All clients,Product C,ARE,DNK,1844769
2026-05,All clients,Product C,ARE,DNK,1395043
2026-06,All clients,Product C,ARE,DNK,1609867
2024-01,All clients,Product C,ARE,NGA,1280507
2024-02,All clients,Product C,ARE,NGA,1585890
2024-03,All clients,Product C,ARE,NGA,1622784
2024-04,All clients,Product C,ARE,NGA,2520534
2024-05,All clients,Product C,ARE,NGA,2519159
2024-06,All clients,Product C,ARE,NGA,2460191
2024-07,All clients,Product C,ARE,NGA,2592063
2024-08,All clients,Product C,ARE,NGA,2251046
2024-09,All clients,Product C,ARE,NGA,2428289
2024-10,All clients,Product C,ARE,NGA,1716498
2024-11,All clients,Product C,ARE,NGA,1485398
2024-12,All clients,Product C,ARE,NGA,1214084
2025-01,All clients,Product C,ARE,NGA,1284139
2025-02,All clients,Product C,ARE,NGA,1547938
2025-03,All clients,Product C,ARE,NGA,1662437
2025-04,All clients,Product C,ARE,NGA,1987697
2025-05,All clients,Product C,ARE,NGA,2437208
2025-06,All clients,Product C,ARE,NGA,2435818
2025-07,All clients,Product C,ARE,NGA,2354714
2025-08,All clients,Product C,ARE,NGA,2594486
2025-09,All clients,Product C,ARE,NGA,2173498
2025-10,All clients,Product C,ARE,NGA,1537851
2025-11,All clients,Product C,ARE,NGA,1569047
2025-12,All clients,Product C,ARE,NGA,1262120
2026-01,All clients,Product C,ARE,NGA,1203088
2026-02,All clients,Product C,ARE,NGA,1237446
2026-03,All clients,Product C,ARE,NGA,1469261
2026-04,All clients,Product C,ARE,NGA,1772937
2026-05,All clients,Product C,ARE,NGA,2417513
2026-06,All clients,Product C,ARE,NGA,2791198
2024-01,All clients,Product C,AUS,GGY,2230699
2024-02,All clients,Product C,AUS,GGY,2374550
2024-03,All clients,Product C,AUS,GGY,2420995
2024-04,All clients,Product C,AUS,GGY,2063865
2024-05,All clients,Product C,AUS,GGY,2092222
2024-06,All clients,Product C,AUS,GGY,2122792
2024-07,All clients,Product C,AUS,GGY,2092634
2024-08,All clients,Product C,AUS,GGY,1651272
2024-09,All clients,Product C,AUS,GGY,1876928
2024-10,All clients,Product C,AUS,GGY,1983306
2024-11,All clients,Product C,AUS,GGY,2179477
2024-12,All clients,Product C,AUS,GGY,2743117
2025-01,All clients,Product C,AUS,GGY,2714411
2025-02,All clients,Product C,AUS,GGY,2519893
2025-03,All clients,Product C,AUS,GGY,2621440
2025-04,All clients,Product C,AUS,GGY,2769032
2025-05,All clients,Product C,AUS,GGY,2311984
2025-06,All clients,Product C,AUS,GGY,2456489
2025-07,All clients,Product C,AUS,GGY,2277755
2025-08,All clients,Product C,AUS,GGY,2218488
2025-09,All clients,Product C,AUS,GGY,2009876
2025-10,All clients,Product C,AUS,GGY,2528969
2025-11,All clients,Product C,AUS,GGY,2766503
2025-12,All clients,Product C,AUS,GGY,2825670
2026-01,All clients,Product C,AUS,GGY,3407724
2026-02,All clients,Product C,AUS,GGY,3534579
2026-03,All clients,Product C,AUS,GGY,3052688
2026-04,All clients,Product C,AUS,GGY,2956975
2026-05,All clients,Product C,AUS,GGY,2918895
2026-06,All clients,Product C,AUS,GGY,2461131
2024-01,All clients,Product C,AUS,MLT,3546927
2024-02,All clients,Product C,AUS,MLT,4675901
2024-03,All clients,Product C,AUS,MLT,3330208
2024-04,All clients,Product C,AUS,MLT,4588615
2024-05,All clients,Product C,AUS,MLT,5118940
2024-06,All clients,Product C,AUS,MLT,4139405
2024-07,All clients,Product C,AUS,MLT,3402964
2024-08,All clients,Product C,AUS,MLT,3254001
2024-09,All clients,Product C,AUS,MLT,1926494
2024-10,All clients,Product C,AUS,MLT,2566004
2024-11,All clients,Product C,AUS,MLT,2072725
2024-12,All clients,Product C,AUS,MLT,2598455
2025-01,All clients,Product C,AUS,MLT,2950548
2025-02,All clients,Product C,AUS,MLT,2651640
2025-03,All clients,Product C,AUS,MLT,4116636
2025-04,All clients,Product C,AUS,MLT,5005518
2025-05,All clients,Product C,AUS,MLT,6353470
2025-06,All clients,Product C,AUS,MLT,3558804
2025-07,All clients,Product C,AUS,MLT,3695380
2025-08,All clients,Product C,AUS,MLT,2804300
2025-09,All clients,Product C,AUS,MLT,3064384
2025-10,All clients,Product C,AUS,MLT,2848881
2025-11,All clients,Product C,AUS,MLT,1982969
2025-12,All clients,Product C,AUS,MLT,2751468
2026-01,All clients,Product C,AUS,MLT,2947432
2026-02,All clients,Product C,AUS,MLT,4300811
2026-03,All clients,Product C,AUS,MLT,4298354
2026-04,All clients,Product C,AUS,MLT,4016359
2026-05,All clients,Product C,AUS,MLT,4742831
2026-06,All clients,Product C,AUS,MLT,3960798
2024-01,All clients,Product C,AUS,NGA,1765643
2024-02,All clients,Product C,AUS,NGA,1508937
2024-03,All clients,Product C,AUS,NGA,1578670
2024-04,All clients,Product C,AUS,NGA,1607133
2024-05,All clients,Product C,AUS,NGA,1663255
2024-06,All clients,Product C,AUS,NGA,1699840
2024-07,All clients,Product C,AUS,NGA,2023932
2024-08,All clients,Product C,AUS,NGA,2071454
2024-09,All clients,Product C,AUS,NGA,2137805
2024-10,All clients,Product C,AUS,NGA,2127819
2024-11,All clients,Product C,AUS,NGA,2362347
2024-12,All clients,Product C,AUS,NGA,1741552
2025-01,All clients,Product C,AUS,NGA,1977580
2025-02,All clients,Product C,AUS,NGA,1687904
2025-03,All clients,Product C,AUS,NGA,1542433
2025-04,All clients,Product C,AUS,NGA,1483691
2025-05,All clients,Product C,AUS,NGA,1647983
2025-06,All clients,Product C,AUS,NGA,1939005
2025-07,All clients,Product C,AUS,NGA,1741659
2025-08,All clients,Product C,AUS,NGA,1996215
2025-09,All clients,Product C,AUS,NGA,2281488
2025-10,All clients,Product C,AUS,NGA,2255192
2025-11,All clients,Product C,AUS,NGA,2371659
2025-12,All clients,Product C,AUS,NGA,2395911
2026-01,All clients,Product C,AUS,NGA,2050575
2026-02,All clients,Product C,AUS,NGA,2105040
2026-03,All clients,Product C,AUS,NGA,1653675
2026-04,All clients,Product C,AUS,NGA,1982135
2026-05,All clients,Product C,AUS,NGA,1683897
2026-06,All clients,Product C,AUS,NGA,2131215
2024-01,All clients,Product C,CAN,GBR,3411612
2024-02,All clients,Product C,CAN,GBR,4680475
2024-03,All clients,Product C,CAN,GBR,4062577
2024-04,All clients,Product C,CAN,GBR,4025837
2024-05,All clients,Product C,CAN,GBR,5114298
2024-06,All clients,Product C,CAN,GBR,4462887
2024-07,All clients,Product C,CAN,GBR,4630127
2024-08,All clients,Product C,CAN,GBR,3792042
2024-09,All clients,Product C,CAN,GBR,3061186
2024-10,All clients,Product C,CAN,GBR,3152727
2024-11,All clients,Product C,CAN,GBR,3838471
2024-12,All clients,Product C,CAN,GBR,4690785
2025-01,All clients,Product C,CAN,GBR,3878627
2025-02,All clients,Product C,CAN,GBR,5077626
2025-03,All clients,Product C,CAN,GBR,4036198
2025-04,All clients,Product C,CAN,GBR,3262689
2025-05,All clients,Product C,CAN,GBR,4847006
2025-06,All clients,Product C,CAN,GBR,4448888
2025-07,All clients,Product C,CAN,GBR,4857132
2025-08,All clients,Product C,CAN,GBR,3969906
2025-09,All clients,Product C,CAN,GBR,4199450
2025-10,All clients,Product C,CAN,GBR,3857206
2025-11,All clients,Product C,CAN,GBR,2425469
2025-12,All clients,Product C,CAN,GBR,3296148
2026-01,All clients,Product C,CAN,GBR,4406765
2026-02,All clients,Product C,CAN,GBR,3908825
2026-03,All clients,Product C,CAN,GBR,2895760
2026-04,All clients,Product C,CAN,GBR,4938480
2026-05,All clients,Product C,CAN,GBR,3953328
2026-06,All clients,Product C,CAN,GBR,3408354
2024-01,All clients,Product C,CHE,ARE,1836668
2024-02,All clients,Product C,CHE,ARE,1476094
2024-03,All clients,Product C,CHE,ARE,1224765
2024-04,All clients,Product C,CHE,ARE,1387166
2024-05,All clients,Product C,CHE,ARE,1190290
2024-06,All clients,Product C,CHE,ARE,924077
2024-07,All clients,Product C,CHE,ARE,696296
2024-08,All clients,Product C,CHE,ARE,1155207
2024-09,All clients,Product C,CHE,ARE,886163
2024-10,All clients,Product C,CHE,ARE,1322839
2024-11,All clients,Product C,CHE,ARE,1405153
2024-12,All clients,Product C,CHE,ARE,1447027
2025-01,All clients,Product C,CHE,ARE,1364325
2025-02,All clients,Product C,CHE,ARE,1624111
2025-03,All clients,Product C,CHE,ARE,1347468
2025-04,All clients,Product C,CHE,ARE,1322562
2025-05,All clients,Product C,CHE,ARE,1086905
2025-06,All clients,Product C,CHE,ARE,1116573
2025-07,All clients,Product C,CHE,ARE,1009258
2025-08,All clients,Product C,CHE,ARE,1069555
2025-09,All clients,Product C,CHE,ARE,947653
2025-10,All clients,Product C,CHE,ARE,1106565
2025-11,All clients,Product C,CHE,ARE,1248256
2025-12,All clients,Product C,CHE,ARE,1075695
2026-01,All clients,Product C,CHE,ARE,1597808
2026-02,All clients,Product C,CHE,ARE,1493406
2026-03,All clients,Product C,CHE,ARE,1645976
2026-04,All clients,Product C,CHE,ARE,1342497
2026-05,All clients,Product C,CHE,ARE,936347
2026-06,All clients,Product C,CHE,ARE,1085315
2024-01,All clients,Product C,CHE,CHN,1485160
2024-02,All clients,Product C,CHE,CHN,1735051
2024-03,All clients,Product C,CHE,CHN,1809970
2024-04,All clients,Product C,CHE,CHN,2622607
2024-05,All clients,Product C,CHE,CHN,2525873
2024-06,All clients,Product C,CHE,CHN,2851142
2024-07,All clients,Product C,CHE,CHN,2758097
2024-08,All clients,Product C,CHE,CHN,2668401
2024-09,All clients,Product C,CHE,CHN,2177612
2024-10,All clients,Product C,CHE,CHN,1699211
2024-11,All clients,Product C,CHE,CHN,1674084
2024-12,All clients,Product C,CHE,CHN,1410717
2025-01,All clients,Product C,CHE,CHN,1694678
2025-02,All clients,Product C,CHE,CHN,1569958
2025-03,All clients,Product C,CHE,CHN,2170437
2025-04,All clients,Product C,CHE,CHN,2641893
2025-05,All clients,Product C,CHE,CHN,2985489
2025-06,All clients,Product C,CHE,CHN,3156094
2025-07,All clients,Product C,CHE,CHN,2944115
2025-08,All clients,Product C,CHE,CHN,2593963
2025-09,All clients,Product C,CHE,CHN,2409087
2025-10,All clients,Product C,CHE,CHN,1896977
2025-11,All clients,Product C,CHE,CHN,1813376
2025-12,All clients,Product C,CHE,CHN,1542241
2026-01,All clients,Product C,CHE,CHN,1668847
2026-02,All clients,Product C,CHE,CHN,2053049
2026-03,All clients,Product C,CHE,CHN,1946530
2026-04,All clients,Product C,CHE,CHN,2652535
2026-05,All clients,Product C,CHE,CHN,2603350
2026-06,All clients,Product C,CHE,CHN,2688163
2024-01,All clients,Product C,CHE,SGP,1970402
2024-02,All clients,Product C,CHE,SGP,2301822
2024-03,All clients,Product C,CHE,SGP,1632847
2024-04,All clients,Product C,CHE,SGP,1798053
2024-05,All clients,Product C,CHE,SGP,1789242
2024-06,All clients,Product C,CHE,SGP,1972495
2024-07,All clients,Product C,CHE,SGP,1548829
2024-08,All clients,Product C,CHE,SGP,2275615
2024-09,All clients,Product C,CHE,SGP,1884926
2024-10,All clients,Product C,CHE,SGP,2033341
2024-11,All clients,Product C,CHE,SGP,1944119
2024-12,All clients,Product C,CHE,SGP,1687400
2025-01,All clients,Product C,CHE,SGP,2479705
2025-02,All clients,Product C,CHE,SGP,2677282
2025-03,All clients,Product C,CHE,SGP,2365738
2025-04,All clients,Product C,CHE,SGP,3152104
2025-05,All clients,Product C,CHE,SGP,3108141
2025-06,All clients,Product C,CHE,SGP,1832493
2025-07,All clients,Product C,CHE,SGP,2743179
2025-08,All clients,Product C,CHE,SGP,2303026
2025-09,All clients,Product C,CHE,SGP,1855365
2025-10,All clients,Product C,CHE,SGP,2367253
2025-11,All clients,Product C,CHE,SGP,2125533
2025-12,All clients,Product C,CHE,SGP,2865140
2026-01,All clients,Product C,CHE,SGP,3490576
2026-02,All clients,Product C,CHE,SGP,2988352
2026-03,All clients,Product C,CHE,SGP,2552780
2026-04,All clients,Product C,CHE,SGP,3820735
2026-05,All clients,Product C,CHE,SGP,2986174
2026-06,All clients,Product C,CHE,SGP,2755072
2024-01,All clients,Product C,DEU,AUS,2436268
2024-02,All clients,Product C,DEU,AUS,2641828
2024-03,All clients,Product C,DEU,AUS,2427216
2024-04,All clients,Product C,DEU,AUS,2489265
2024-05,All clients,Product C,DEU,AUS,2326337
2024-06,All clients,Product C,DEU,AUS,2292954
2024-07,All clients,Product C,DEU,AUS,1841375
2024-08,All clients,Product C,DEU,AUS,1470825
2024-09,All clients,Product C,DEU,AUS,1492803
2024-10,All clients,Product C,DEU,AUS,1587673
2024-11,All clients,Product C,DEU,AUS,2464162
2024-12,All clients,Product C,DEU,AUS,2990997
2025-01,All clients,Product C,DEU,AUS,2253255
2025-02,All clients,Product C,DEU,AUS,3063631
2025-03,All clients,Product C,DEU,AUS,2786381
2025-04,All clients,Product C,DEU,AUS,2027794
2025-05,All clients,Product C,DEU,AUS,2512450
2025-06,All clients,Product C,DEU,AUS,1558770
2025-07,All clients,Product C,DEU,AUS,1574106
2025-08,All clients,Product C,DEU,AUS,2131118
2025-09,All clients,Product C,DEU,AUS,1978616
2025-10,All clients,Product C,DEU,AUS,2544181
2025-11,All clients,Product C,DEU,AUS,1825297
2025-12,All clients,Product C,DEU,AUS,2841330
2026-01,All clients,Product C,DEU,AUS,3123981
2026-02,All clients,Product C,DEU,AUS,2388402
2026-03,All clients,Product C,DEU,AUS,2479422
2026-04,All clients,Product C,DEU,AUS,2884805
2026-05,All clients,Product C,DEU,AUS,2817850
2026-06,All clients,Product C,DEU,AUS,1899267
2024-01,All clients,Product C,FRA,NGA,3087990
2024-02,All clients,Product C,FRA,NGA,2053984
2024-03,All clients,Product C,FRA,NGA,2555263
2024-04,All clients,Product C,FRA,NGA,1945657
2024-05,All clients,Product C,FRA,NGA,2205435
2024-06,All clients,Product C,FRA,NGA,1812027
2024-07,All clients,Product C,FRA,NGA,2360025
2024-08,All clients,Product C,FRA,NGA,1625263
2024-09,All clients,Product C,FRA,NGA,1995750
2024-10,All clients,Product C,FRA,NGA,2438650
2024-11,All clients,Product C,FRA,NGA,2225860
2024-12,All clients,Product C,FRA,NGA,3222409
2025-01,All clients,Product C,FRA,NGA,3635461
2025-02,All clients,Product C,FRA,NGA,3375133
2025-03,All clients,Product C,FRA,NGA,2412990
2025-04,All clients,Product C,FRA,NGA,1863995
2025-05,All clients,Product C,FRA,NGA,2461633
2025-06,All clients,Product C,FRA,NGA,2746848
2025-07,All clients,Product C,FRA,NGA,2181761
2025-08,All clients,Product C,FRA,NGA,2142049
2025-09,All clients,Product C,FRA,NGA,2763859
2025-10,All clients,Product C,FRA,NGA,2771427
2025-11,All clients,Product C,FRA,NGA,2794033
2025-12,All clients,Product C,FRA,NGA,2598382
2026-01,All clients,Product C,FRA,NGA,3558468
2026-02,All clients,Product C,FRA,NGA,3447081
2026-03,All clients,Product C,FRA,NGA,3661181
2026-04,All clients,Product C,FRA,NGA,2125918
2026-05,All clients,Product C,FRA,NGA,2776443
2026-06,All clients,Product C,FRA,NGA,2928368
2024-01,All clients,Product C,FRA,POL,1808683
2024-02,All clients,Product C,FRA,POL,1244495
2024-03,All clients,Product C,FRA,POL,1437893
2024-04,All clients,Product C,FRA,POL,1575641
2024-05,All clients,Product C,FRA,POL,1175383
2024-06,All clients,Product C,FRA,POL,902710
2024-07,All clients,Product C,FRA,POL,1270985
2024-08,All clients,Product C,FRA,POL,837450
2024-09,All clients,Product C,FRA,POL,955566
2024-10,All clients,Product C,FRA,POL,902818
2024-11,All clients,Product C,FRA,POL,1306638
2024-12,All clients,Product C,FRA,POL,1341123
2025-01,All clients,Product C,FRA,POL,1162604
2025-02,All clients,Product C,FRA,POL,1647096
2025-03,All clients,Product C,FRA,POL,1751760
2025-04,All clients,Product C,FRA,POL,1629993
2025-05,All clients,Product C,FRA,POL,1462112
2025-06,All clients,Product C,FRA,POL,906211
2025-07,All clients,Product C,FRA,POL,868778
2025-08,All clients,Product C,FRA,POL,1044049
2025-09,All clients,Product C,FRA,POL,1057645
2025-10,All clients,Product C,FRA,POL,1079326
2025-11,All clients,Product C,FRA,POL,1219902
2025-12,All clients,Product C,FRA,POL,1154900
2026-01,All clients,Product C,FRA,POL,1205323
2026-02,All clients,Product C,FRA,POL,1411696
2026-03,All clients,Product C,FRA,POL,1078565
2026-04,All clients,Product C,FRA,POL,1324688
2026-05,All clients,Product C,FRA,POL,916806
2026-06,All clients,Product C,FRA,POL,716165
2024-01,All clients,Product C,GBR,LUX,1418533
2024-02,All clients,Product C,GBR,LUX,2294172
2024-03,All clients,Product C,GBR,LUX,2522992
2024-04,All clients,Product C,GBR,LUX,2659251
2024-05,All clients,Product C,GBR,LUX,1902956
2024-06,All clients,Product C,GBR,LUX,1511982
2024-07,All clients,Product C,GBR,LUX,1991397
2024-08,All clients,Product C,GBR,LUX,1641547
2024-09,All clients,Product C,GBR,LUX,1752574
2024-10,All clients,Product C,GBR,LUX,1655263
2024-11,All clients,Product C,GBR,LUX,1801197
2024-12,All clients,Product C,GBR,LUX,1641146
2025-01,All clients,Product C,GBR,LUX,1868714
2025-02,All clients,Product C,GBR,LUX,1724544
2025-03,All clients,Product C,GBR,LUX,1955079
2025-04,All clients,Product C,GBR,LUX,1950260
2025-05,All clients,Product C,GBR,LUX,1681198
2025-06,All clients,Product C,GBR,LUX,1764847
2025-07,All clients,Product C,GBR,LUX,1377200
2025-08,All clients,Product C,GBR,LUX,1265558
2025-09,All clients,Product C,GBR,LUX,1142172
2025-10,All clients,Product C,GBR,LUX,1540171
2025-11,All clients,Product C,GBR,LUX,1596744
2025-12,All clients,Product C,GBR,LUX,1104767
2026-01,All clients,Product C,GBR,LUX,1286051
2026-02,All clients,Product C,GBR,LUX,1460589
2026-03,All clients,Product C,GBR,LUX,1923040
2026-04,All clients,Product C,GBR,LUX,1516043
2026-05,All clients,Product C,GBR,LUX,1962992
2026-06,All clients,Product C,GBR,LUX,1532778
2024-01,All clients,Product C,GBR,MLT,2351577
2024-02,All clients,Product C,GBR,MLT,2178260
2024-03,All clients,Product C,GBR,MLT,1833920
2024-04,All clients,Product C,GBR,MLT,1860580
2024-05,All clients,Product C,GBR,MLT,992266
2024-06,All clients,Product C,GBR,MLT,1006868
2024-07,All clients,Product C,GBR,MLT,860082
2024-08,All clients,Product C,GBR,MLT,1608268
2024-09,All clients,Product C,GBR,MLT,1493907
2024-10,All clients,Product C,GBR,MLT,2266614
2024-11,All clients,Product C,GBR,MLT,2129911
2024-12,All clients,Product C,GBR,MLT,2111304
2025-01,All clients,Product C,GBR,MLT,2208417
2025-02,All clients,Product C,GBR,MLT,1851727
2025-03,All clients,Product C,GBR,MLT,1717565
2025-04,All clients,Product C,GBR,MLT,1357085
2025-05,All clients,Product C,GBR,MLT,1159366
2025-06,All clients,Product C,GBR,MLT,920658
2025-07,All clients,Product C,GBR,MLT,1108587
2025-08,All clients,Product C,GBR,MLT,1655430
2025-09,All clients,Product C,GBR,MLT,1181009
2025-10,All clients,Product C,GBR,MLT,2577179
2025-11,All clients,Product C,GBR,MLT,2763143
2025-12,All clients,Product C,GBR,MLT,2431434
2026-01,All clients,Product C,GBR,MLT,2504073
2026-02,All clients,Product C,GBR,MLT,2683112
2026-03,All clients,Product C,GBR,MLT,1507612
2026-04,All clients,Product C,GBR,MLT,1754140
2026-05,All clients,Product C,GBR,MLT,1153923
2026-06,All clients,Product C,GBR,MLT,954646
2024-01,All clients,Product C,HKG,AUS,859375
2024-02,All clients,Product C,HKG,AUS,1162237
2024-03,All clients,Product C,HKG,AUS,1241640
2024-04,All clients,Product C,HKG,AUS,1344092
2024-05,All clients,Product C,HKG,AUS,1090446
2024-06,All clients,Product C,HKG,AUS,1163078
2024-07,All clients,Product C,HKG,AUS,1046259
2024-08,All clients,Product C,HKG,AUS,802223
2024-09,All clients,Product C,HKG,AUS,768376
2024-10,All clients,Product C,HKG,AUS,637813
2024-11,All clients,Product C,HKG,AUS,550964
2024-12,All clients,Product C,HKG,AUS,617442
2025-01,All clients,Product C,HKG,AUS,803466
2025-02,All clients,Product C,HKG,AUS,1064253
2025-03,All clients,Product C,HKG,AUS,1151023
2025-04,All clients,Product C,HKG,AUS,1186232
2025-05,All clients,Product C,HKG,AUS,1070874
2025-06,All clients,Product C,HKG,AUS,1398564
2025-07,All clients,Product C,HKG,AUS,1036586
2025-08,All clients,Product C,HKG,AUS,985105
2025-09,All clients,Product C,HKG,AUS,622806
2025-10,All clients,Product C,HKG,AUS,526033
2025-11,All clients,Product C,HKG,AUS,703038
2025-12,All clients,Product C,HKG,AUS,624097
2026-01,All clients,Product C,HKG,AUS,571478
2026-02,All clients,Product C,HKG,AUS,832159
2026-03,All clients,Product C,HKG,AUS,895259
2026-04,All clients,Product C,HKG,AUS,1442000
2026-05,All clients,Product C,HKG,AUS,1205748
2026-06,All clients,Product C,HKG,AUS,1308242
2024-01,All clients,Product C,HKG,CHN,1040510
2024-02,All clients,Product C,HKG,CHN,748007
2024-03,All clients,Product C,HKG,CHN,1082367
2024-04,All clients,Product C,HKG,CHN,1180760
2024-05,All clients,Product C,HKG,CHN,783023
2024-06,All clients,Product C,HKG,CHN,1202696
2024-07,All clients,Product C,HKG,CHN,943538
2024-08,All clients,Product C,HKG,CHN,876966
2024-09,All clients,Product C,HKG,CHN,1017739
2024-10,All clients,Product C,HKG,CHN,965506
2024-11,All clients,Product C,HKG,CHN,725237
2024-12,All clients,Product C,HKG,CHN,923813
2025-01,All clients,Product C,HKG,CHN,869055
2025-02,All clients,Product C,HKG,CHN,1165543
2025-03,All clients,Product C,HKG,CHN,1182529
2025-04,All clients,Product C,HKG,CHN,1066118
2025-05,All clients,Product C,HKG,CHN,1131470
2025-06,All clients,Product C,HKG,CHN,1139671
2025-07,All clients,Product C,HKG,CHN,1206429
2025-08,All clients,Product C,HKG,CHN,1319389
2025-09,All clients,Product C,HKG,CHN,892033
2025-10,All clients,Product C,HKG,CHN,1009719
2025-11,All clients,Product C,HKG,CHN,959525
2025-12,All clients,Product C,HKG,CHN,1276036
2026-01,All clients,Product C,HKG,CHN,1346712
2026-02,All clients,Product C,HKG,CHN,1111742
2026-03,All clients,Product C,HKG,CHN,1290195
2026-04,All clients,Product C,HKG,CHN,1371310
2026-05,All clients,Product C,HKG,CHN,1804987
2026-06,All clients,Product C,HKG,CHN,1436582
2024-01,All clients,Product C,HKG,SWE,1047528
2024-02,All clients,Product C,HKG,SWE,1029343
2024-03,All clients,Product C,HKG,SWE,1164966
2024-04,All clients,Product C,HKG,SWE,1286412
2024-05,All clients,Product C,HKG,SWE,1284318
2024-06,All clients,Product C,HKG,SWE,1107649
2024-07,All clients,Product C,HKG,SWE,744062
2024-08,All clients,Product C,HKG,SWE,936629
2024-09,All clients,Product C,HKG,SWE,527853
2024-10,All clients,Product C,HKG,SWE,554000
2024-11,All clients,Product C,HKG,SWE,871173
2024-12,All clients,Product C,HKG,SWE,1025631
2025-01,All clients,Product C,HKG,SWE,1442085
2025-02,All clients,Product C,HKG,SWE,1588289
2025-03,All clients,Product C,HKG,SWE,1217742
2025-04,All clients,Product C,HKG,SWE,1586588
2025-05,All clients,Product C,HKG,SWE,1454215
2025-06,All clients,Product C,HKG,SWE,1080935
2025-07,All clients,Product C,HKG,SWE,718574
2025-08,All clients,Product C,HKG,SWE,635381
2025-09,All clients,Product C,HKG,SWE,585794
2025-10,All clients,Product C,HKG,SWE,656822
2025-11,All clients,Product C,HKG,SWE,682038
2025-12,All clients,Product C,HKG,SWE,1036023
2026-01,All clients,Product C,HKG,SWE,1198243
2026-02,All clients,Product C,HKG,SWE,1408482
2026-03,All clients,Product C,HKG,SWE,1759689
2026-04,All clients,Product C,HKG,SWE,1557179
2026-05,All clients,Product C,HKG,SWE,1374135
2026-06,All clients,Product C,HKG,SWE,1330547
2024-01,All clients,Product C,IND,CHN,7469676
2024-02,All clients,Product C,IND,CHN,7176535
2024-03,All clients,Product C,IND,CHN,7563338
2024-04,All clients,Product C,IND,CHN,7254807
2024-05,All clients,Product C,IND,CHN,9248605
2024-06,All clients,Product C,IND,CHN,6364753
2024-07,All clients,Product C,IND,CHN,6294909
2024-08,All clients,Product C,IND,CHN,4973811
2024-09,All clients,Product C,IND,CHN,4979357
2024-10,All clients,Product C,IND,CHN,6418076
2024-11,All clients,Product C,IND,CHN,4867483
2024-12,All clients,Product C,IND,CHN,6378695
2025-01,All clients,Product C,IND,CHN,8094677
2025-02,All clients,Product C,IND,CHN,7690265
2025-03,All clients,Product C,IND,CHN,8294745
2025-04,All clients,Product C,IND,CHN,10006595
2025-05,All clients,Product C,IND,CHN,9066742
2025-06,All clients,Product C,IND,CHN,6241465
2025-07,All clients,Product C,IND,CHN,5697864
2025-08,All clients,Product C,IND,CHN,5439899
2025-09,All clients,Product C,IND,CHN,5356361
2025-10,All clients,Product C,IND,CHN,5415815
2025-11,All clients,Product C,IND,CHN,5799447
2025-12,All clients,Product C,IND,CHN,7415609
2026-01,All clients,Product C,IND,CHN,9349980
2026-02,All clients,Product C,IND,CHN,7990401
2026-03,All clients,Product C,IND,CHN,9242728
2026-04,All clients,Product C,IND,CHN,6971583
2026-05,All clients,Product C,IND,CHN,10967665
2026-06,All clients,Product C,IND,CHN,9707062
2024-01,All clients,Product C,IND,HKG,1508932
2024-02,All clients,Product C,IND,HKG,1693882
2024-03,All clients,Product C,IND,HKG,1679260
2024-04,All clients,Product C,IND,HKG,1959030
2024-05,All clients,Product C,IND,HKG,1998133
2024-06,All clients,Product C,IND,HKG,1296394
2024-07,All clients,Product C,IND,HKG,1629641
2024-08,All clients,Product C,IND,HKG,1256577
2024-09,All clients,Product C,IND,HKG,1115155
2024-10,All clients,Product C,IND,HKG,1475591
2024-11,All clients,Product C,IND,HKG,1937089
2024-12,All clients,Product C,IND,HKG,2259793
2025-01,All clients,Product C,IND,HKG,1782451
2025-02,All clients,Product C,IND,HKG,2210573
2025-03,All clients,Product C,IND,HKG,1642578
2025-04,All clients,Product C,IND,HKG,1503314
2025-05,All clients,Product C,IND,HKG,1321224
2025-06,All clients,Product C,IND,HKG,1235541
2025-07,All clients,Product C,IND,HKG,1398497
2025-08,All clients,Product C,IND,HKG,1242569
2025-09,All clients,Product C,IND,HKG,1375730
2025-10,All clients,Product C,IND,HKG,1243055
2025-11,All clients,Product C,IND,HKG,1594851
2025-12,All clients,Product C,IND,HKG,1902915
2026-01,All clients,Product C,IND,HKG,1171729
2026-02,All clients,Product C,IND,HKG,1769408
2026-03,All clients,Product C,IND,HKG,1905232
2026-04,All clients,Product C,IND,HKG,1200390
2026-05,All clients,Product C,IND,HKG,1020706
2026-06,All clients,Product C,IND,HKG,1362102
2024-01,All clients,Product C,IND,LUX,3269772
2024-02,All clients,Product C,IND,LUX,2451624
2024-03,All clients,Product C,IND,LUX,2993963
2024-04,All clients,Product C,IND,LUX,3570417
2024-05,All clients,Product C,IND,LUX,5910212
2024-06,All clients,Product C,IND,LUX,6694877
2024-07,All clients,Product C,IND,LUX,5212063
2024-08,All clients,Product C,IND,LUX,5140909
2024-09,All clients,Product C,IND,LUX,7386828
2024-10,All clients,Product C,IND,LUX,4703259
2024-11,All clients,Product C,IND,LUX,5383457
2024-12,All clients,Product C,IND,LUX,4022333
2025-01,All clients,Product C,IND,LUX,3491054
2025-02,All clients,Product C,IND,LUX,3552964
2025-03,All clients,Product C,IND,LUX,3582135
2025-04,All clients,Product C,IND,LUX,3991564
2025-05,All clients,Product C,IND,LUX,4904197
2025-06,All clients,Product C,IND,LUX,5567542
2025-07,All clients,Product C,IND,LUX,6751524
2025-08,All clients,Product C,IND,LUX,7083263
2025-09,All clients,Product C,IND,LUX,6428495
2025-10,All clients,Product C,IND,LUX,6920559
2025-11,All clients,Product C,IND,LUX,5455130
2025-12,All clients,Product C,IND,LUX,4256826
2026-01,All clients,Product C,IND,LUX,2773692
2026-02,All clients,Product C,IND,LUX,3594733
2026-03,All clients,Product C,IND,LUX,4224046
2026-04,All clients,Product C,IND,LUX,4344665
2026-05,All clients,Product C,IND,LUX,6112380
2026-06,All clients,Product C,IND,LUX,4964661
2024-01,All clients,Product C,IND,POL,1071648
2024-02,All clients,Product C,IND,POL,1270231
2024-03,All clients,Product C,IND,POL,1011608
2024-04,All clients,Product C,IND,POL,889205
2024-05,All clients,Product C,IND,POL,1061494
2024-06,All clients,Product C,IND,POL,796902
2024-07,All clients,Product C,IND,POL,1219091
2024-08,All clients,Product C,IND,POL,1089511
2024-09,All clients,Product C,IND,POL,1149229
2024-10,All clients,Product C,IND,POL,1407720
2024-11,All clients,Product C,IND,POL,940054
2024-12,All clients,Product C,IND,POL,1409432
2025-01,All clients,Product C,IND,POL,1489458
2025-02,All clients,Product C,IND,POL,1076118
2025-03,All clients,Product C,IND,POL,1108571
2025-04,All clients,Product C,IND,POL,1373259
2025-05,All clients,Product C,IND,POL,1145914
2025-06,All clients,Product C,IND,POL,1028538
2025-07,All clients,Product C,IND,POL,1326882
2025-08,All clients,Product C,IND,POL,1486583
2025-09,All clients,Product C,IND,POL,1302875
2025-10,All clients,Product C,IND,POL,1093541
2025-11,All clients,Product C,IND,POL,1453462
2025-12,All clients,Product C,IND,POL,1350434
2026-01,All clients,Product C,IND,POL,1703572
2026-02,All clients,Product C,IND,POL,1631395
2026-03,All clients,Product C,IND,POL,1628794
2026-04,All clients,Product C,IND,POL,2070993
2026-05,All clients,Product C,IND,POL,1118236
2026-06,All clients,Product C,IND,POL,1548206
2024-01,All clients,Product C,IND,SWE,1190624
2024-02,All clients,Product C,IND,SWE,1192682
2024-03,All clients,Product C,IND,SWE,1398244
2024-04,All clients,Product C,IND,SWE,1307978
2024-05,All clients,Product C,IND,SWE,1346091
2024-06,All clients,Product C,IND,SWE,885689
2024-07,All clients,Product C,IND,SWE,696525
2024-08,All clients,Product C,IND,SWE,645735
2024-09,All clients,Product C,IND,SWE,764911
2024-10,All clients,Product C,IND,SWE,713718
2024-11,All clients,Product C,IND,SWE,1527298
2024-12,All clients,Product C,IND,SWE,1800027
2025-01,All clients,Product C,IND,SWE,1433937
2025-02,All clients,Product C,IND,SWE,1623580
2025-03,All clients,Product C,IND,SWE,1795786
2025-04,All clients,Product C,IND,SWE,1569725
2025-05,All clients,Product C,IND,SWE,1201447
2025-06,All clients,Product C,IND,SWE,930709
2025-07,All clients,Product C,IND,SWE,877757
2025-08,All clients,Product C,IND,SWE,1073473
2025-09,All clients,Product C,IND,SWE,1194993
2025-10,All clients,Product C,IND,SWE,892995
2025-11,All clients,Product C,IND,SWE,1153221
2025-12,All clients,Product C,IND,SWE,1907419
2026-01,All clients,Product C,IND,SWE,1917212
2026-02,All clients,Product C,IND,SWE,1777174
2026-03,All clients,Product C,IND,SWE,1504864
2026-04,All clients,Product C,IND,SWE,1206161
2026-05,All clients,Product C,IND,SWE,1592642
2026-06,All clients,Product C,IND,SWE,1228832
2024-01,All clients,Product C,IRL,AUS,2959427
2024-02,All clients,Product C,IRL,AUS,3276185
2024-03,All clients,Product C,IRL,AUS,3107379
2024-04,All clients,Product C,IRL,AUS,2362669
2024-05,All clients,Product C,IRL,AUS,2840612
2024-06,All clients,Product C,IRL,AUS,2037907
2024-07,All clients,Product C,IRL,AUS,1375681
2024-08,All clients,Product C,IRL,AUS,1262829
2024-09,All clients,Product C,IRL,AUS,1352709
2024-10,All clients,Product C,IRL,AUS,1271746
2024-11,All clients,Product C,IRL,AUS,2010663
2024-12,All clients,Product C,IRL,AUS,2841809
2025-01,All clients,Product C,IRL,AUS,2524498
2025-02,All clients,Product C,IRL,AUS,2778739
2025-03,All clients,Product C,IRL,AUS,3268263
2025-04,All clients,Product C,IRL,AUS,3586972
2025-05,All clients,Product C,IRL,AUS,2573572
2025-06,All clients,Product C,IRL,AUS,1831048
2025-07,All clients,Product C,IRL,AUS,2068983
2025-08,All clients,Product C,IRL,AUS,1352890
2025-09,All clients,Product C,IRL,AUS,1584401
2025-10,All clients,Product C,IRL,AUS,1836518
2025-11,All clients,Product C,IRL,AUS,2271032
2025-12,All clients,Product C,IRL,AUS,2972277
2026-01,All clients,Product C,IRL,AUS,3947422
2026-02,All clients,Product C,IRL,AUS,2952705
2026-03,All clients,Product C,IRL,AUS,4757361
2026-04,All clients,Product C,IRL,AUS,2574795
2026-05,All clients,Product C,IRL,AUS,3465394
2026-06,All clients,Product C,IRL,AUS,1996433
2024-01,All clients,Product C,IRL,MEX,1910947
2024-02,All clients,Product C,IRL,MEX,1619243
2024-03,All clients,Product C,IRL,MEX,1639377
2024-04,All clients,Product C,IRL,MEX,1291869
2024-05,All clients,Product C,IRL,MEX,1104365
2024-06,All clients,Product C,IRL,MEX,2345652
2024-07,All clients,Product C,IRL,MEX,2123451
2024-08,All clients,Product C,IRL,MEX,2297282
2024-09,All clients,Product C,IRL,MEX,3249653
2024-10,All clients,Product C,IRL,MEX,2983772
2024-11,All clients,Product C,IRL,MEX,2180688
2024-12,All clients,Product C,IRL,MEX,2122216
2025-01,All clients,Product C,IRL,MEX,1540798
2025-02,All clients,Product C,IRL,MEX,1754518
2025-03,All clients,Product C,IRL,MEX,1147655
2025-04,All clients,Product C,IRL,MEX,1276598
2025-05,All clients,Product C,IRL,MEX,1302988
2025-06,All clients,Product C,IRL,MEX,1670916
2025-07,All clients,Product C,IRL,MEX,2033127
2025-08,All clients,Product C,IRL,MEX,2084600
2025-09,All clients,Product C,IRL,MEX,2760087
2025-10,All clients,Product C,IRL,MEX,3620321
2025-11,All clients,Product C,IRL,MEX,2329576
2025-12,All clients,Product C,IRL,MEX,2080934
2026-01,All clients,Product C,IRL,MEX,1548890
2026-02,All clients,Product C,IRL,MEX,1108500
2026-03,All clients,Product C,IRL,MEX,1408518
2026-04,All clients,Product C,IRL,MEX,959337
2026-05,All clients,Product C,IRL,MEX,1264533
2026-06,All clients,Product C,IRL,MEX,1567945
2024-01,All clients,Product C,ITA,BRA,2166674
2024-02,All clients,Product C,ITA,BRA,2309929
2024-03,All clients,Product C,ITA,BRA,2199893
2024-04,All clients,Product C,ITA,BRA,1906228
2024-05,All clients,Product C,ITA,BRA,1666171
2024-06,All clients,Product C,ITA,BRA,1209302
2024-07,All clients,Product C,ITA,BRA,1576954
2024-08,All clients,Product C,ITA,BRA,1448943
2024-09,All clients,Product C,ITA,BRA,1714220
2024-10,All clients,Product C,ITA,BRA,2541496
2024-11,All clients,Product C,ITA,BRA,2377609
2024-12,All clients,Product C,ITA,BRA,2662996
2025-01,All clients,Product C,ITA,BRA,3058603
2025-02,All clients,Product C,ITA,BRA,2168282
2025-03,All clients,Product C,ITA,BRA,2075590
2025-04,All clients,Product C,ITA,BRA,1866729
2025-05,All clients,Product C,ITA,BRA,1464571
2025-06,All clients,Product C,ITA,BRA,1544395
2025-07,All clients,Product C,ITA,BRA,1645382
2025-08,All clients,Product C,ITA,BRA,1585466
2025-09,All clients,Product C,ITA,BRA,1959723
2025-10,All clients,Product C,ITA,BRA,2289855
2025-11,All clients,Product C,ITA,BRA,2597400
2025-12,All clients,Product C,ITA,BRA,3286362
2026-01,All clients,Product C,ITA,BRA,2697485
2026-02,All clients,Product C,ITA,BRA,2509884
2026-03,All clients,Product C,ITA,BRA,2196155
2026-04,All clients,Product C,ITA,BRA,1929973
2026-05,All clients,Product C,ITA,BRA,1862797
2026-06,All clients,Product C,ITA,BRA,1564863
2024-01,All clients,Product C,ITA,NLD,205186
2024-02,All clients,Product C,ITA,NLD,201706
2024-03,All clients,Product C,ITA,NLD,148310
2024-04,All clients,Product C,ITA,NLD,148784
2024-05,All clients,Product C,ITA,NLD,179901
2024-06,All clients,Product C,ITA,NLD,231914
2024-07,All clients,Product C,ITA,NLD,231246
2024-08,All clients,Product C,ITA,NLD,242288
2024-09,All clients,Product C,ITA,NLD,304136
2024-10,All clients,Product C,ITA,NLD,302197
2024-11,All clients,Product C,ITA,NLD,225514
2024-12,All clients,Product C,ITA,NLD,205230
2025-01,All clients,Product C,ITA,NLD,229431
2025-02,All clients,Product C,ITA,NLD,197687
2025-03,All clients,Product C,ITA,NLD,174177
2025-04,All clients,Product C,ITA,NLD,151726
2025-05,All clients,Product C,ITA,NLD,190818
2025-06,All clients,Product C,ITA,NLD,189909
2025-07,All clients,Product C,ITA,NLD,258308
2025-08,All clients,Product C,ITA,NLD,275264
2025-09,All clients,Product C,ITA,NLD,307323
2025-10,All clients,Product C,ITA,NLD,249633
2025-11,All clients,Product C,ITA,NLD,234909
2025-12,All clients,Product C,ITA,NLD,221124
2026-01,All clients,Product C,ITA,NLD,195841
2026-02,All clients,Product C,ITA,NLD,189262
2026-03,All clients,Product C,ITA,NLD,164532
2026-04,All clients,Product C,ITA,NLD,163059
2026-05,All clients,Product C,ITA,NLD,200203
2026-06,All clients,Product C,ITA,NLD,206936
2024-01,All clients,Product C,JPN,BRA,3712565
2024-02,All clients,Product C,JPN,BRA,6217522
2024-03,All clients,Product C,JPN,BRA,4934740
2024-04,All clients,Product C,JPN,BRA,6010246
2024-05,All clients,Product C,JPN,BRA,6494557
2024-06,All clients,Product C,JPN,BRA,6099665
2024-07,All clients,Product C,JPN,BRA,4336077
2024-08,All clients,Product C,JPN,BRA,4366051
2024-09,All clients,Product C,JPN,BRA,3826907
2024-10,All clients,Product C,JPN,BRA,5429645
2024-11,All clients,Product C,JPN,BRA,3879398
2024-12,All clients,Product C,JPN,BRA,4868153
2025-01,All clients,Product C,JPN,BRA,5841797
2025-02,All clients,Product C,JPN,BRA,5540520
2025-03,All clients,Product C,JPN,BRA,4973280
2025-04,All clients,Product C,JPN,BRA,5255024
2025-05,All clients,Product C,JPN,BRA,5612849
2025-06,All clients,Product C,JPN,BRA,4081192
2025-07,All clients,Product C,JPN,BRA,3160851
2025-08,All clients,Product C,JPN,BRA,3289998
2025-09,All clients,Product C,JPN,BRA,3242211
2025-10,All clients,Product C,JPN,BRA,3825019
2025-11,All clients,Product C,JPN,BRA,3741590
2025-12,All clients,Product C,JPN,BRA,3269763
2026-01,All clients,Product C,JPN,BRA,5425041
2026-02,All clients,Product C,JPN,BRA,4960368
2026-03,All clients,Product C,JPN,BRA,3437448
2026-04,All clients,Product C,JPN,BRA,4216491
2026-05,All clients,Product C,JPN,BRA,5528469
2026-06,All clients,Product C,JPN,BRA,3432858
2024-01,All clients,Product C,JPN,CHN,1859561
2024-02,All clients,Product C,JPN,CHN,1743670
2024-03,All clients,Product C,JPN,CHN,2058235
2024-04,All clients,Product C,JPN,CHN,2546391
2024-05,All clients,Product C,JPN,CHN,2223915
2024-06,All clients,Product C,JPN,CHN,3145963
2024-07,All clients,Product C,JPN,CHN,2124110
2024-08,All clients,Product C,JPN,CHN,2388521
2024-09,All clients,Product C,JPN,CHN,2538958
2024-10,All clients,Product C,JPN,CHN,2965380
2024-11,All clients,Product C,JPN,CHN,1440051
2024-12,All clients,Product C,JPN,CHN,2104848
2025-01,All clients,Product C,JPN,CHN,1505982
2025-02,All clients,Product C,JPN,CHN,1380371
2025-03,All clients,Product C,JPN,CHN,1919196
2025-04,All clients,Product C,JPN,CHN,2065236
2025-05,All clients,Product C,JPN,CHN,3314632
2025-06,All clients,Product C,JPN,CHN,3470833
2025-07,All clients,Product C,JPN,CHN,2659644
2025-08,All clients,Product C,JPN,CHN,3766203
2025-09,All clients,Product C,JPN,CHN,2815555
2025-10,All clients,Product C,JPN,CHN,1560008
2025-11,All clients,Product C,JPN,CHN,1566508
2025-12,All clients,Product C,JPN,CHN,1647461
2026-01,All clients,Product C,JPN,CHN,1100362
2026-02,All clients,Product C,JPN,CHN,1336103
2026-03,All clients,Product C,JPN,CHN,1539611
2026-04,All clients,Product C,JPN,CHN,1924853
2026-05,All clients,Product C,JPN,CHN,2171171
2026-06,All clients,Product C,JPN,CHN,2825057
2024-01,All clients,Product C,JPN,CYM,2714227
2024-02,All clients,Product C,JPN,CYM,2756187
2024-03,All clients,Product C,JPN,CYM,3980900
2024-04,All clients,Product C,JPN,CYM,2910190
2024-05,All clients,Product C,JPN,CYM,2438640
2024-06,All clients,Product C,JPN,CYM,2647906
2024-07,All clients,Product C,JPN,CYM,2102433
2024-08,All clients,Product C,JPN,CYM,1659674
2024-09,All clients,Product C,JPN,CYM,1699991
2024-10,All clients,Product C,JPN,CYM,2118863
2024-11,All clients,Product C,JPN,CYM,1410350
2024-12,All clients,Product C,JPN,CYM,1872030
2025-01,All clients,Product C,JPN,CYM,2751379
2025-02,All clients,Product C,JPN,CYM,2840846
2025-03,All clients,Product C,JPN,CYM,3377268
2025-04,All clients,Product C,JPN,CYM,2482718
2025-05,All clients,Product C,JPN,CYM,2865177
2025-06,All clients,Product C,JPN,CYM,2448259
2025-07,All clients,Product C,JPN,CYM,1759242
2025-08,All clients,Product C,JPN,CYM,1513980
2025-09,All clients,Product C,JPN,CYM,2065610
2025-10,All clients,Product C,JPN,CYM,2185311
2025-11,All clients,Product C,JPN,CYM,1730300
2025-12,All clients,Product C,JPN,CYM,1723739
2026-01,All clients,Product C,JPN,CYM,1960011
2026-02,All clients,Product C,JPN,CYM,2261046
2026-03,All clients,Product C,JPN,CYM,3668474
2026-04,All clients,Product C,JPN,CYM,2283826
2026-05,All clients,Product C,JPN,CYM,2343980
2026-06,All clients,Product C,JPN,CYM,1887226
2024-01,All clients,Product C,JPN,ZAF,709718
2024-02,All clients,Product C,JPN,ZAF,1069435
2024-03,All clients,Product C,JPN,ZAF,1059364
2024-04,All clients,Product C,JPN,ZAF,1027555
2024-05,All clients,Product C,JPN,ZAF,1383294
2024-06,All clients,Product C,JPN,ZAF,1825643
2024-07,All clients,Product C,JPN,ZAF,1700451
2024-08,All clients,Product C,JPN,ZAF,1591228
2024-09,All clients,Product C,JPN,ZAF,1776476
2024-10,All clients,Product C,JPN,ZAF,1402899
2024-11,All clients,Product C,JPN,ZAF,1185829
2024-12,All clients,Product C,JPN,ZAF,1144021
2025-01,All clients,Product C,JPN,ZAF,1323417
2025-02,All clients,Product C,JPN,ZAF,1104725
2025-03,All clients,Product C,JPN,ZAF,927000
2025-04,All clients,Product C,JPN,ZAF,1588170
2025-05,All clients,Product C,JPN,ZAF,1767940
2025-06,All clients,Product C,JPN,ZAF,2213137
2025-07,All clients,Product C,JPN,ZAF,2144291
2025-08,All clients,Product C,JPN,ZAF,2273897
2025-09,All clients,Product C,JPN,ZAF,1839863
2025-10,All clients,Product C,JPN,ZAF,2241781
2025-11,All clients,Product C,JPN,ZAF,1401563
2025-12,All clients,Product C,JPN,ZAF,1326219
2026-01,All clients,Product C,JPN,ZAF,982365
2026-02,All clients,Product C,JPN,ZAF,1027554
2026-03,All clients,Product C,JPN,ZAF,1175641
2026-04,All clients,Product C,JPN,ZAF,1995890
2026-05,All clients,Product C,JPN,ZAF,1636669
2026-06,All clients,Product C,JPN,ZAF,2406875
2024-01,All clients,Product C,NLD,CYM,2531526
2024-02,All clients,Product C,NLD,CYM,2826799
2024-03,All clients,Product C,NLD,CYM,3120358
2024-04,All clients,Product C,NLD,CYM,2568348
2024-05,All clients,Product C,NLD,CYM,2731203
2024-06,All clients,Product C,NLD,CYM,2070852
2024-07,All clients,Product C,NLD,CYM,2127396
2024-08,All clients,Product C,NLD,CYM,1550590
2024-09,All clients,Product C,NLD,CYM,1470598
2024-10,All clients,Product C,NLD,CYM,1726460
2024-11,All clients,Product C,NLD,CYM,1820784
2024-12,All clients,Product C,NLD,CYM,2122898
2025-01,All clients,Product C,NLD,CYM,2959205
2025-02,All clients,Product C,NLD,CYM,3428737
2025-03,All clients,Product C,NLD,CYM,3727152
2025-04,All clients,Product C,NLD,CYM,3041077
2025-05,All clients,Product C,NLD,CYM,3110964
2025-06,All clients,Product C,NLD,CYM,2887252
2025-07,All clients,Product C,NLD,CYM,2258273
2025-08,All clients,Product C,NLD,CYM,1914417
2025-09,All clients,Product C,NLD,CYM,1731740
2025-10,All clients,Product C,NLD,CYM,1780455
2025-11,All clients,Product C,NLD,CYM,1893954
2025-12,All clients,Product C,NLD,CYM,2871233
2026-01,All clients,Product C,NLD,CYM,2666941
2026-02,All clients,Product C,NLD,CYM,3473719
2026-03,All clients,Product C,NLD,CYM,4002368
2026-04,All clients,Product C,NLD,CYM,3208539
2026-05,All clients,Product C,NLD,CYM,3136708
2026-06,All clients,Product C,NLD,CYM,2967170
2024-01,All clients,Product C,POL,JPN,308210
2024-02,All clients,Product C,POL,JPN,299216
2024-03,All clients,Product C,POL,JPN,312828
2024-04,All clients,Product C,POL,JPN,247777
2024-05,All clients,Product C,POL,JPN,254160
2024-06,All clients,Product C,POL,JPN,214030
2024-07,All clients,Product C,POL,JPN,166421
2024-08,All clients,Product C,POL,JPN,144223
2024-09,All clients,Product C,POL,JPN,185614
2024-10,All clients,Product C,POL,JPN,197895
2024-11,All clients,Product C,POL,JPN,285351
2024-12,All clients,Product C,POL,JPN,268400
2025-01,All clients,Product C,POL,JPN,307853
2025-02,All clients,Product C,POL,JPN,333562
2025-03,All clients,Product C,POL,JPN,331567
2025-04,All clients,Product C,POL,JPN,319726
2025-05,All clients,Product C,POL,JPN,249752
2025-06,All clients,Product C,POL,JPN,192019
2025-07,All clients,Product C,POL,JPN,188216
2025-08,All clients,Product C,POL,JPN,164294
2025-09,All clients,Product C,POL,JPN,206720
2025-10,All clients,Product C,POL,JPN,215997
2025-11,All clients,Product C,POL,JPN,268110
2025-12,All clients,Product C,POL,JPN,348479
2026-01,All clients,Product C,POL,JPN,349041
2026-02,All clients,Product C,POL,JPN,424437
2026-03,All clients,Product C,POL,JPN,409063
2026-04,All clients,Product C,POL,JPN,313631
2026-05,All clients,Product C,POL,JPN,309961
2026-06,All clients,Product C,POL,JPN,262051
2024-01,All clients,Product C,SGP,GBR,1510549
2024-02,All clients,Product C,SGP,GBR,1545441
2024-03,All clients,Product C,SGP,GBR,1870314
2024-04,All clients,Product C,SGP,GBR,1923154
2024-05,All clients,Product C,SGP,GBR,2716028
2024-06,All clients,Product C,SGP,GBR,2916684
2024-07,All clients,Product C,SGP,GBR,2829918
2024-08,All clients,Product C,SGP,GBR,2991413
2024-09,All clients,Product C,SGP,GBR,2861533
2024-10,All clients,Product C,SGP,GBR,2120924
2024-11,All clients,Product C,SGP,GBR,2028674
2024-12,All clients,Product C,SGP,GBR,1344560
2025-01,All clients,Product C,SGP,GBR,1186777
2025-02,All clients,Product C,SGP,GBR,1274015
2025-03,All clients,Product C,SGP,GBR,1785298
2025-04,All clients,Product C,SGP,GBR,2066574
2025-05,All clients,Product C,SGP,GBR,2427436
2025-06,All clients,Product C,SGP,GBR,3222485
2025-07,All clients,Product C,SGP,GBR,3140194
2025-08,All clients,Product C,SGP,GBR,3035153
2025-09,All clients,Product C,SGP,GBR,2529042
2025-10,All clients,Product C,SGP,GBR,2012723
2025-11,All clients,Product C,SGP,GBR,1669923
2025-12,All clients,Product C,SGP,GBR,1641134
2026-01,All clients,Product C,SGP,GBR,1369629
2026-02,All clients,Product C,SGP,GBR,1593253
2026-03,All clients,Product C,SGP,GBR,1557710
2026-04,All clients,Product C,SGP,GBR,1966353
2026-05,All clients,Product C,SGP,GBR,2967646
2026-06,All clients,Product C,SGP,GBR,3161066
2024-01,All clients,Product C,SGP,JPN,1703510
2024-02,All clients,Product C,SGP,JPN,1081254
2024-03,All clients,Product C,SGP,JPN,1892815
2024-04,All clients,Product C,SGP,JPN,1511059
2024-05,All clients,Product C,SGP,JPN,1485867
2024-06,All clients,Product C,SGP,JPN,1472103
2024-07,All clients,Product C,SGP,JPN,1490217
2024-08,All clients,Product C,SGP,JPN,1359332
2024-09,All clients,Product C,SGP,JPN,2181835
2024-10,All clients,Product C,SGP,JPN,1632487
2024-11,All clients,Product C,SGP,JPN,1171204
2024-12,All clients,Product C,SGP,JPN,1646155
2025-01,All clients,Product C,SGP,JPN,1296002
2025-02,All clients,Product C,SGP,JPN,958767
2025-03,All clients,Product C,SGP,JPN,1230460
2025-04,All clients,Product C,SGP,JPN,1533811
2025-05,All clients,Product C,SGP,JPN,1364730
2025-06,All clients,Product C,SGP,JPN,1529526
2025-07,All clients,Product C,SGP,JPN,1260154
2025-08,All clients,Product C,SGP,JPN,1207091
2025-09,All clients,Product C,SGP,JPN,1493206
2025-10,All clients,Product C,SGP,JPN,1298498
2025-11,All clients,Product C,SGP,JPN,1516424
2025-12,All clients,Product C,SGP,JPN,1010154
2026-01,All clients,Product C,SGP,JPN,847523
2026-02,All clients,Product C,SGP,JPN,1120444
2026-03,All clients,Product C,SGP,JPN,1309505
2026-04,All clients,Product C,SGP,JPN,927127
2026-05,All clients,Product C,SGP,JPN,1200860
2026-06,All clients,Product C,SGP,JPN,1651596
2024-01,All clients,Product C,SGP,SWE,1341030
2024-02,All clients,Product C,SGP,SWE,1350338
2024-03,All clients,Product C,SGP,SWE,988491
2024-04,All clients,Product C,SGP,SWE,1411247
2024-05,All clients,Product C,SGP,SWE,1038042
2024-06,All clients,Product C,SGP,SWE,775759
2024-07,All clients,Product C,SGP,SWE,862325
2024-08,All clients,Product C,SGP,SWE,817719
2024-09,All clients,Product C,SGP,SWE,1492173
2024-10,All clients,Product C,SGP,SWE,1179318
2024-11,All clients,Product C,SGP,SWE,1055698
2024-12,All clients,Product C,SGP,SWE,1447744
2025-01,All clients,Product C,SGP,SWE,1363381
2025-02,All clients,Product C,SGP,SWE,1355263
2025-03,All clients,Product C,SGP,SWE,1046358
2025-04,All clients,Product C,SGP,SWE,963871
2025-05,All clients,Product C,SGP,SWE,754770
2025-06,All clients,Product C,SGP,SWE,805668
2025-07,All clients,Product C,SGP,SWE,1017468
2025-08,All clients,Product C,SGP,SWE,1233099
2025-09,All clients,Product C,SGP,SWE,1148991
2025-10,All clients,Product C,SGP,SWE,788996
2025-11,All clients,Product C,SGP,SWE,1066659
2025-12,All clients,Product C,SGP,SWE,1303575
2026-01,All clients,Product C,SGP,SWE,1013589
2026-02,All clients,Product C,SGP,SWE,832212
2026-03,All clients,Product C,SGP,SWE,837725
2026-04,All clients,Product C,SGP,SWE,920368
2026-05,All clients,Product C,SGP,SWE,812540
2026-06,All clients,Product C,SGP,SWE,592038
2024-01,All clients,Product C,SGP,USA,1119122
2024-02,All clients,Product C,SGP,USA,1139699
2024-03,All clients,Product C,SGP,USA,1045556
2024-04,All clients,Product C,SGP,USA,1165887
2024-05,All clients,Product C,SGP,USA,820513
2024-06,All clients,Product C,SGP,USA,803409
2024-07,All clients,Product C,SGP,USA,914372
2024-08,All clients,Product C,SGP,USA,1278157
2024-09,All clients,Product C,SGP,USA,1220545
2024-10,All clients,Product C,SGP,USA,1371012
2024-11,All clients,Product C,SGP,USA,1815152
2024-12,All clients,Product C,SGP,USA,1800666
2025-01,All clients,Product C,SGP,USA,2363120
2025-02,All clients,Product C,SGP,USA,1941204
2025-03,All clients,Product C,SGP,USA,1373171
2025-04,All clients,Product C,SGP,USA,1130723
2025-05,All clients,Product C,SGP,USA,1220341
2025-06,All clients,Product C,SGP,USA,905194
2025-07,All clients,Product C,SGP,USA,1455558
2025-08,All clients,Product C,SGP,USA,1454507
2025-09,All clients,Product C,SGP,USA,2458993
2025-10,All clients,Product C,SGP,USA,1782947
2025-11,All clients,Product C,SGP,USA,2360332
2025-12,All clients,Product C,SGP,USA,1626714
2026-01,All clients,Product C,SGP,USA,1896264
2026-02,All clients,Product C,SGP,USA,1321019
2026-03,All clients,Product C,SGP,USA,1973520
2026-04,All clients,Product C,SGP,USA,1087966
2026-05,All clients,Product C,SGP,USA,1049356
2026-06,All clients,Product C,SGP,USA,1608638
2024-01,All clients,Product C,USA,AUS,1180733
2024-02,All clients,Product C,USA,AUS,1146613
2024-03,All clients,Product C,USA,AUS,1248589
2024-04,All clients,Product C,USA,AUS,966934
2024-05,All clients,Product C,USA,AUS,927984
2024-06,All clients,Product C,USA,AUS,888208
2024-07,All clients,Product C,USA,AUS,790403
2024-08,All clients,Product C,USA,AUS,1105475
2024-09,All clients,Product C,USA,AUS,1140668
2024-10,All clients,Product C,USA,AUS,1460970
2024-11,All clients,Product C,USA,AUS,1713974
2024-12,All clients,Product C,USA,AUS,1597326
2025-01,All clients,Product C,USA,AUS,1967774
2025-02,All clients,Product C,USA,AUS,2328712
2025-03,All clients,Product C,USA,AUS,1408691
2025-04,All clients,Product C,USA,AUS,1725589
2025-05,All clients,Product C,USA,AUS,1370196
2025-06,All clients,Product C,USA,AUS,949805
2025-07,All clients,Product C,USA,AUS,979184
2025-08,All clients,Product C,USA,AUS,1404617
2025-09,All clients,Product C,USA,AUS,1323676
2025-10,All clients,Product C,USA,AUS,1315135
2025-11,All clients,Product C,USA,AUS,2376706
2025-12,All clients,Product C,USA,AUS,1728686
2026-01,All clients,Product C,USA,AUS,1738772
2026-02,All clients,Product C,USA,AUS,1942289
2026-03,All clients,Product C,USA,AUS,2106967
2026-04,All clients,Product C,USA,AUS,1922507
2026-05,All clients,Product C,USA,AUS,1431101
2026-06,All clients,Product C,USA,AUS,1172098
2024-01,All clients,Product C,USA,JEY,2567161
2024-02,All clients,Product C,USA,JEY,2449034
2024-03,All clients,Product C,USA,JEY,2208272
2024-04,All clients,Product C,USA,JEY,1954336
2024-05,All clients,Product C,USA,JEY,1597155
2024-06,All clients,Product C,USA,JEY,1833595
2024-07,All clients,Product C,USA,JEY,1817649
2024-08,All clients,Product C,USA,JEY,2137030
2024-09,All clients,Product C,USA,JEY,3001357
2024-10,All clients,Product C,USA,JEY,3154928
2024-11,All clients,Product C,USA,JEY,3523763
2024-12,All clients,Product C,USA,JEY,3410140
2025-01,All clients,Product C,USA,JEY,3141878
2025-02,All clients,Product C,USA,JEY,2956831
2025-03,All clients,Product C,USA,JEY,2461674
2025-04,All clients,Product C,USA,JEY,1985225
2025-05,All clients,Product C,USA,JEY,1877049
2025-06,All clients,Product C,USA,JEY,2079249
2025-07,All clients,Product C,USA,JEY,2109448
2025-08,All clients,Product C,USA,JEY,2417714
2025-09,All clients,Product C,USA,JEY,3480235
2025-10,All clients,Product C,USA,JEY,3001031
2025-11,All clients,Product C,USA,JEY,3516441
2025-12,All clients,Product C,USA,JEY,3778314
2026-01,All clients,Product C,USA,JEY,3778255
2026-02,All clients,Product C,USA,JEY,2929487
2026-03,All clients,Product C,USA,JEY,2620639
2026-04,All clients,Product C,USA,JEY,2408773
2026-05,All clients,Product C,USA,JEY,2059370
2026-06,All clients,Product C,USA,JEY,2190287
2024-01,All clients,Product C,USA,LUX,3276174
2024-02,All clients,Product C,USA,LUX,2738964
2024-03,All clients,Product C,USA,LUX,2966281
2024-04,All clients,Product C,USA,LUX,2005516
2024-05,All clients,Product C,USA,LUX,2655052
2024-06,All clients,Product C,USA,LUX,2986041
2024-07,All clients,Product C,USA,LUX,3069568
2024-08,All clients,Product C,USA,LUX,3743951
2024-09,All clients,Product C,USA,LUX,3622493
2024-10,All clients,Product C,USA,LUX,3267812
2024-11,All clients,Product C,USA,LUX,3577407
2024-12,All clients,Product C,USA,LUX,3333391
2025-01,All clients,Product C,USA,LUX,2727070
2025-02,All clients,Product C,USA,LUX,2597216
2025-03,All clients,Product C,USA,LUX,2680536
2025-04,All clients,Product C,USA,LUX,2332933
2025-05,All clients,Product C,USA,LUX,2561187
2025-06,All clients,Product C,USA,LUX,2991171
2025-07,All clients,Product C,USA,LUX,2315721
2025-08,All clients,Product C,USA,LUX,2360967
2025-09,All clients,Product C,USA,LUX,3903495
2025-10,All clients,Product C,USA,LUX,3122570
2025-11,All clients,Product C,USA,LUX,2707307
2025-12,All clients,Product C,USA,LUX,3775412
2026-01,All clients,Product C,USA,LUX,3112303
2026-02,All clients,Product C,USA,LUX,2695489
2026-03,All clients,Product C,USA,LUX,2797346
2026-04,All clients,Product C,USA,LUX,2484059
2026-05,All clients,Product C,USA,LUX,2234230
2026-06,All clients,Product C,USA,LUX,3087334
2024-01,All clients,Product C,ZAF,USA,727733
2024-02,All clients,Product C,ZAF,USA,853578
2024-03,All clients,Product C,ZAF,USA,831118
2024-04,All clients,Product C,ZAF,USA,954885
2024-05,All clients,Product C,ZAF,USA,1004154
2024-06,All clients,Product C,ZAF,USA,1045898
2024-07,All clients,Product C,ZAF,USA,1390333
2024-08,All clients,Product C,ZAF,USA,1288263
2024-09,All clients,Product C,ZAF,USA,1046932
2024-10,All clients,Product C,ZAF,USA,1112387
2024-11,All clients,Product C,ZAF,USA,1105590
2024-12,All clients,Product C,ZAF,USA,950575
2025-01,All clients,Product C,ZAF,USA,794271
2025-02,All clients,Product C,ZAF,USA,902902
2025-03,All clients,Product C,ZAF,USA,829244
2025-04,All clients,Product C,ZAF,USA,991356
2025-05,All clients,Product C,ZAF,USA,1175660
2025-06,All clients,Product C,ZAF,USA,1163239
2025-07,All clients,Product C,ZAF,USA,1321652
2025-08,All clients,Product C,ZAF,USA,1249477
2025-09,All clients,Product C,ZAF,USA,1148468
2025-10,All clients,Product C,ZAF,USA,1310500
2025-11,All clients,Product C,ZAF,USA,961278
2025-12,All clients,Product C,ZAF,USA,956419
2026-01,All clients,Product C,ZAF,USA,906402
2026-02,All clients,Product C,ZAF,USA,866337
2026-03,All clients,Product C,ZAF,USA,1087324
2026-04,All clients,Product C,ZAF,USA,1155745
2026-05,All clients,Product C,ZAF,USA,1146162
2026-06,All clients,Product C,ZAF,USA,1553570
2024-01,All clients,Product D,AUS,ARE,1727175
2024-02,All clients,Product D,AUS,ARE,1462046
2024-03,All clients,Product D,AUS,ARE,1626884
2024-04,All clients,Product D,AUS,ARE,1949377
2024-05,All clients,Product D,AUS,ARE,1682065
2024-06,All clients,Product D,AUS,ARE,2887554
2024-07,All clients,Product D,AUS,ARE,3829104
2024-08,All clients,Product D,AUS,ARE,2730809
2024-09,All clients,Product D,AUS,ARE,2853083
2024-10,All clients,Product D,AUS,ARE,1953537
2024-11,All clients,Product D,AUS,ARE,2321826
2024-12,All clients,Product D,AUS,ARE,2007738
2025-01,All clients,Product D,AUS,ARE,1376322
2025-02,All clients,Product D,AUS,ARE,1303913
2025-03,All clients,Product D,AUS,ARE,1708165
2025-04,All clients,Product D,AUS,ARE,1942103
2025-05,All clients,Product D,AUS,ARE,2094570
2025-06,All clients,Product D,AUS,ARE,3267011
2025-07,All clients,Product D,AUS,ARE,2907214
2025-08,All clients,Product D,AUS,ARE,2671625
2025-09,All clients,Product D,AUS,ARE,2542728
2025-10,All clients,Product D,AUS,ARE,2200236
2025-11,All clients,Product D,AUS,ARE,1978774
2025-12,All clients,Product D,AUS,ARE,2017294
2026-01,All clients,Product D,AUS,ARE,1975067
2026-02,All clients,Product D,AUS,ARE,1339388
2026-03,All clients,Product D,AUS,ARE,1120242
2026-04,All clients,Product D,AUS,ARE,1765694
2026-05,All clients,Product D,AUS,ARE,1614304
2026-06,All clients,Product D,AUS,ARE,2600269
2024-01,All clients,Product D,AUS,BMU,2143945
2024-02,All clients,Product D,AUS,BMU,2234064
2024-03,All clients,Product D,AUS,BMU,2655290
2024-04,All clients,Product D,AUS,BMU,2231098
2024-05,All clients,Product D,AUS,BMU,2108933
2024-06,All clients,Product D,AUS,BMU,2139850
2024-07,All clients,Product D,AUS,BMU,2149729
2024-08,All clients,Product D,AUS,BMU,1967833
2024-09,All clients,Product D,AUS,BMU,1846372
2024-10,All clients,Product D,AUS,BMU,1897913
2024-11,All clients,Product D,AUS,BMU,2140114
2024-12,All clients,Product D,AUS,BMU,2472229
2025-01,All clients,Product D,AUS,BMU,2709607
2025-02,All clients,Product D,AUS,BMU,2995970
2025-03,All clients,Product D,AUS,BMU,2774587
2025-04,All clients,Product D,AUS,BMU,3037810
2025-05,All clients,Product D,AUS,BMU,2260998
2025-06,All clients,Product D,AUS,BMU,2337815
2025-07,All clients,Product D,AUS,BMU,2121712
2025-08,All clients,Product D,AUS,BMU,2324012
2025-09,All clients,Product D,AUS,BMU,2432279
2025-10,All clients,Product D,AUS,BMU,1977116
2025-11,All clients,Product D,AUS,BMU,2358725
2025-12,All clients,Product D,AUS,BMU,2545673
2026-01,All clients,Product D,AUS,BMU,2705657
2026-02,All clients,Product D,AUS,BMU,2872848
2026-03,All clients,Product D,AUS,BMU,3122079
2026-04,All clients,Product D,AUS,BMU,2696115
2026-05,All clients,Product D,AUS,BMU,2598069
2026-06,All clients,Product D,AUS,BMU,2421829
2024-01,All clients,Product D,AUS,NLD,4058495
2024-02,All clients,Product D,AUS,NLD,6617674
2024-03,All clients,Product D,AUS,NLD,6387487
2024-04,All clients,Product D,AUS,NLD,4746359
2024-05,All clients,Product D,AUS,NLD,4772341
2024-06,All clients,Product D,AUS,NLD,3941279
2024-07,All clients,Product D,AUS,NLD,2429335
2024-08,All clients,Product D,AUS,NLD,2016241
2024-09,All clients,Product D,AUS,NLD,1674130
2024-10,All clients,Product D,AUS,NLD,2440831
2024-11,All clients,Product D,AUS,NLD,3654531
2024-12,All clients,Product D,AUS,NLD,4529478
2025-01,All clients,Product D,AUS,NLD,4056153
2025-02,All clients,Product D,AUS,NLD,4485221
2025-03,All clients,Product D,AUS,NLD,4775166
2025-04,All clients,Product D,AUS,NLD,4583671
2025-05,All clients,Product D,AUS,NLD,3746573
2025-06,All clients,Product D,AUS,NLD,4345069
2025-07,All clients,Product D,AUS,NLD,4101556
2025-08,All clients,Product D,AUS,NLD,2571515
2025-09,All clients,Product D,AUS,NLD,2590509
2025-10,All clients,Product D,AUS,NLD,3364171
2025-11,All clients,Product D,AUS,NLD,3367316
2025-12,All clients,Product D,AUS,NLD,3524681
2026-01,All clients,Product D,AUS,NLD,4334427
2026-02,All clients,Product D,AUS,NLD,5605819
2026-03,All clients,Product D,AUS,NLD,4089906
2026-04,All clients,Product D,AUS,NLD,4186351
2026-05,All clients,Product D,AUS,NLD,3101351
2026-06,All clients,Product D,AUS,NLD,2391814
2024-01,All clients,Product D,CHE,CHN,406068
2024-02,All clients,Product D,CHE,CHN,543094
2024-03,All clients,Product D,CHE,CHN,520775
2024-04,All clients,Product D,CHE,CHN,648761
2024-05,All clients,Product D,CHE,CHN,788894
2024-06,All clients,Product D,CHE,CHN,949325
2024-07,All clients,Product D,CHE,CHN,776705
2024-08,All clients,Product D,CHE,CHN,940297
2024-09,All clients,Product D,CHE,CHN,704303
2024-10,All clients,Product D,CHE,CHN,672290
2024-11,All clients,Product D,CHE,CHN,686171
2024-12,All clients,Product D,CHE,CHN,527941
2025-01,All clients,Product D,CHE,CHN,627773
2025-02,All clients,Product D,CHE,CHN,591539
2025-03,All clients,Product D,CHE,CHN,677367
2025-04,All clients,Product D,CHE,CHN,817402
2025-05,All clients,Product D,CHE,CHN,976010
2025-06,All clients,Product D,CHE,CHN,954126
2025-07,All clients,Product D,CHE,CHN,952406
2025-08,All clients,Product D,CHE,CHN,1059718
2025-09,All clients,Product D,CHE,CHN,973107
2025-10,All clients,Product D,CHE,CHN,910507
2025-11,All clients,Product D,CHE,CHN,725746
2025-12,All clients,Product D,CHE,CHN,740305
2026-01,All clients,Product D,CHE,CHN,675285
2026-02,All clients,Product D,CHE,CHN,666087
2026-03,All clients,Product D,CHE,CHN,751524
2026-04,All clients,Product D,CHE,CHN,884843
2026-05,All clients,Product D,CHE,CHN,1125384
2026-06,All clients,Product D,CHE,CHN,1110167
2024-01,All clients,Product D,CHE,GBR,4628442
2024-02,All clients,Product D,CHE,GBR,3369218
2024-03,All clients,Product D,CHE,GBR,2968661
2024-04,All clients,Product D,CHE,GBR,2236564
2024-05,All clients,Product D,CHE,GBR,2460870
2024-06,All clients,Product D,CHE,GBR,2991100
2024-07,All clients,Product D,CHE,GBR,3043798
2024-08,All clients,Product D,CHE,GBR,2535140
2024-09,All clients,Product D,CHE,GBR,5162807
2024-10,All clients,Product D,CHE,GBR,3877464
2024-11,All clients,Product D,CHE,GBR,5959593
2024-12,All clients,Product D,CHE,GBR,4576441
2025-01,All clients,Product D,CHE,GBR,5965105
2025-02,All clients,Product D,CHE,GBR,4352868
2025-03,All clients,Product D,CHE,GBR,3913142
2025-04,All clients,Product D,CHE,GBR,3477228
2025-05,All clients,Product D,CHE,GBR,3101445
2025-06,All clients,Product D,CHE,GBR,3874635
2025-07,All clients,Product D,CHE,GBR,2883032
2025-08,All clients,Product D,CHE,GBR,2995782
2025-09,All clients,Product D,CHE,GBR,4447318
2025-10,All clients,Product D,CHE,GBR,3718035
2025-11,All clients,Product D,CHE,GBR,4593529
2025-12,All clients,Product D,CHE,GBR,5382426
2026-01,All clients,Product D,CHE,GBR,5152903
2026-02,All clients,Product D,CHE,GBR,3476032
2026-03,All clients,Product D,CHE,GBR,3163429
2026-04,All clients,Product D,CHE,GBR,3401742
2026-05,All clients,Product D,CHE,GBR,3459157
2026-06,All clients,Product D,CHE,GBR,3784711
2024-01,All clients,Product D,CHN,SWE,1548847
2024-02,All clients,Product D,CHN,SWE,1277676
2024-03,All clients,Product D,CHN,SWE,1170994
2024-04,All clients,Product D,CHN,SWE,894711
2024-05,All clients,Product D,CHN,SWE,888169
2024-06,All clients,Product D,CHN,SWE,756673
2024-07,All clients,Product D,CHN,SWE,1057033
2024-08,All clients,Product D,CHN,SWE,1034555
2024-09,All clients,Product D,CHN,SWE,1298421
2024-10,All clients,Product D,CHN,SWE,1323192
2024-11,All clients,Product D,CHN,SWE,1702524
2024-12,All clients,Product D,CHN,SWE,1609044
2025-01,All clients,Product D,CHN,SWE,1285646
2025-02,All clients,Product D,CHN,SWE,1312075
2025-03,All clients,Product D,CHN,SWE,920515
2025-04,All clients,Product D,CHN,SWE,900946
2025-05,All clients,Product D,CHN,SWE,820214
2025-06,All clients,Product D,CHN,SWE,822035
2025-07,All clients,Product D,CHN,SWE,763088
2025-08,All clients,Product D,CHN,SWE,1004096
2025-09,All clients,Product D,CHN,SWE,1036986
2025-10,All clients,Product D,CHN,SWE,1360680
2025-11,All clients,Product D,CHN,SWE,1265972
2025-12,All clients,Product D,CHN,SWE,1490525
2026-01,All clients,Product D,CHN,SWE,1295006
2026-02,All clients,Product D,CHN,SWE,1207538
2026-03,All clients,Product D,CHN,SWE,1041666
2026-04,All clients,Product D,CHN,SWE,705184
2026-05,All clients,Product D,CHN,SWE,813094
2026-06,All clients,Product D,CHN,SWE,676616
2024-01,All clients,Product D,FRA,VGB,2206525
2024-02,All clients,Product D,FRA,VGB,2135178
2024-03,All clients,Product D,FRA,VGB,1912596
2024-04,All clients,Product D,FRA,VGB,1654708
2024-05,All clients,Product D,FRA,VGB,1437461
2024-06,All clients,Product D,FRA,VGB,1156033
2024-07,All clients,Product D,FRA,VGB,1073080
2024-08,All clients,Product D,FRA,VGB,1141641
2024-09,All clients,Product D,FRA,VGB,1361071
2024-10,All clients,Product D,FRA,VGB,1707325
2024-11,All clients,Product D,FRA,VGB,2103947
2024-12,All clients,Product D,FRA,VGB,1873618
2025-01,All clients,Product D,FRA,VGB,2049176
2025-02,All clients,Product D,FRA,VGB,1984364
2025-03,All clients,Product D,FRA,VGB,1717076
2025-04,All clients,Product D,FRA,VGB,1834651
2025-05,All clients,Product D,FRA,VGB,1488013
2025-06,All clients,Product D,FRA,VGB,1462604
2025-07,All clients,Product D,FRA,VGB,1272143
2025-08,All clients,Product D,FRA,VGB,1162080
2025-09,All clients,Product D,FRA,VGB,1569870
2025-10,All clients,Product D,FRA,VGB,1893627
2025-11,All clients,Product D,FRA,VGB,2268514
2025-12,All clients,Product D,FRA,VGB,2341639
2026-01,All clients,Product D,FRA,VGB,2544406
2026-02,All clients,Product D,FRA,VGB,2406687
2026-03,All clients,Product D,FRA,VGB,2370080
2026-04,All clients,Product D,FRA,VGB,2082951
2026-05,All clients,Product D,FRA,VGB,1463826
2026-06,All clients,Product D,FRA,VGB,1560865
2024-01,All clients,Product D,GBR,AUS,1120652
2024-02,All clients,Product D,GBR,AUS,1645340
2024-03,All clients,Product D,GBR,AUS,1676394
2024-04,All clients,Product D,GBR,AUS,1280446
2024-05,All clients,Product D,GBR,AUS,1764688
2024-06,All clients,Product D,GBR,AUS,1390112
2024-07,All clients,Product D,GBR,AUS,995365
2024-08,All clients,Product D,GBR,AUS,1174774
2024-09,All clients,Product D,GBR,AUS,1089432
2024-10,All clients,Product D,GBR,AUS,1059606
2024-11,All clients,Product D,GBR,AUS,896129
2024-12,All clients,Product D,GBR,AUS,759017
2025-01,All clients,Product D,GBR,AUS,1206870
2025-02,All clients,Product D,GBR,AUS,990666
2025-03,All clients,Product D,GBR,AUS,1755804
2025-04,All clients,Product D,GBR,AUS,1610865
2025-05,All clients,Product D,GBR,AUS,1377013
2025-06,All clients,Product D,GBR,AUS,1758697
2025-07,All clients,Product D,GBR,AUS,1150735
2025-08,All clients,Product D,GBR,AUS,997513
2025-09,All clients,Product D,GBR,AUS,930029
2025-10,All clients,Product D,GBR,AUS,871133
2025-11,All clients,Product D,GBR,AUS,958085
2025-12,All clients,Product D,GBR,AUS,894259
2026-01,All clients,Product D,GBR,AUS,1085819
2026-02,All clients,Product D,GBR,AUS,1031796
2026-03,All clients,Product D,GBR,AUS,1321662
2026-04,All clients,Product D,GBR,AUS,1396023
2026-05,All clients,Product D,GBR,AUS,1561085
2026-06,All clients,Product D,GBR,AUS,1218534
2024-01,All clients,Product D,GBR,TUR,2178833
2024-02,All clients,Product D,GBR,TUR,1837399
2024-03,All clients,Product D,GBR,TUR,2011447
2024-04,All clients,Product D,GBR,TUR,2341201
2024-05,All clients,Product D,GBR,TUR,2585933
2024-06,All clients,Product D,GBR,TUR,2137837
2024-07,All clients,Product D,GBR,TUR,1896772
2024-08,All clients,Product D,GBR,TUR,1947015
2024-09,All clients,Product D,GBR,TUR,2049273
2024-10,All clients,Product D,GBR,TUR,1346364
2024-11,All clients,Product D,GBR,TUR,2234318
2024-12,All clients,Product D,GBR,TUR,1823530
2025-01,All clients,Product D,GBR,TUR,2592462
2025-02,All clients,Product D,GBR,TUR,2161145
2025-03,All clients,Product D,GBR,TUR,1716908
2025-04,All clients,Product D,GBR,TUR,2705857
2025-05,All clients,Product D,GBR,TUR,2980972
2025-06,All clients,Product D,GBR,TUR,2146743
2025-07,All clients,Product D,GBR,TUR,2243395
2025-08,All clients,Product D,GBR,TUR,1540647
2025-09,All clients,Product D,GBR,TUR,1564051
2025-10,All clients,Product D,GBR,TUR,1741265
2025-11,All clients,Product D,GBR,TUR,1659953
2025-12,All clients,Product D,GBR,TUR,2422571
2026-01,All clients,Product D,GBR,TUR,2205326
2026-02,All clients,Product D,GBR,TUR,3251478
2026-03,All clients,Product D,GBR,TUR,3501908
2026-04,All clients,Product D,GBR,TUR,2527608
2026-05,All clients,Product D,GBR,TUR,3050628
2026-06,All clients,Product D,GBR,TUR,1938149
2024-01,All clients,Product D,IND,HKG,5844967
2024-02,All clients,Product D,IND,HKG,3993525
2024-03,All clients,Product D,IND,HKG,2812498
2024-04,All clients,Product D,IND,HKG,2622473
2024-05,All clients,Product D,IND,HKG,2677618
2024-06,All clients,Product D,IND,HKG,2710700
2024-07,All clients,Product D,IND,HKG,2921047
2024-08,All clients,Product D,IND,HKG,4918529
2024-09,All clients,Product D,IND,HKG,3636368
2024-10,All clients,Product D,IND,HKG,4954418
2024-11,All clients,Product D,IND,HKG,4247519
2024-12,All clients,Product D,IND,HKG,5778923
2025-01,All clients,Product D,IND,HKG,4645532
2025-02,All clients,Product D,IND,HKG,2888563
2025-03,All clients,Product D,IND,HKG,3503942
2025-04,All clients,Product D,IND,HKG,2260240
2025-05,All clients,Product D,IND,HKG,2008357
2025-06,All clients,Product D,IND,HKG,2356603
2025-07,All clients,Product D,IND,HKG,2750677
2025-08,All clients,Product D,IND,HKG,3760142
2025-09,All clients,Product D,IND,HKG,4666548
2025-10,All clients,Product D,IND,HKG,4622869
2025-11,All clients,Product D,IND,HKG,6588493
2025-12,All clients,Product D,IND,HKG,5796134
2026-01,All clients,Product D,IND,HKG,4346518
2026-02,All clients,Product D,IND,HKG,3700074
2026-03,All clients,Product D,IND,HKG,3383010
2026-04,All clients,Product D,IND,HKG,2246208
2026-05,All clients,Product D,IND,HKG,1820204
2026-06,All clients,Product D,IND,HKG,3275486
2024-01,All clients,Product D,IND,SGP,2676053
2024-02,All clients,Product D,IND,SGP,2736819
2024-03,All clients,Product D,IND,SGP,2722691
2024-04,All clients,Product D,IND,SGP,2735211
2024-05,All clients,Product D,IND,SGP,2528735
2024-06,All clients,Product D,IND,SGP,3489002
2024-07,All clients,Product D,IND,SGP,2743615
2024-08,All clients,Product D,IND,SGP,3488646
2024-09,All clients,Product D,IND,SGP,2688398
2024-10,All clients,Product D,IND,SGP,2332896
2024-11,All clients,Product D,IND,SGP,2391659
2024-12,All clients,Product D,IND,SGP,2238455
2025-01,All clients,Product D,IND,SGP,2455417
2025-02,All clients,Product D,IND,SGP,2871968
2025-03,All clients,Product D,IND,SGP,3250474
2025-04,All clients,Product D,IND,SGP,2840701
2025-05,All clients,Product D,IND,SGP,2772589
2025-06,All clients,Product D,IND,SGP,2993499
2025-07,All clients,Product D,IND,SGP,2359706
2025-08,All clients,Product D,IND,SGP,2263410
2025-09,All clients,Product D,IND,SGP,1963441
2025-10,All clients,Product D,IND,SGP,3066757
2025-11,All clients,Product D,IND,SGP,2407069
2025-12,All clients,Product D,IND,SGP,2467955
2026-01,All clients,Product D,IND,SGP,1781133
2026-02,All clients,Product D,IND,SGP,2556085
2026-03,All clients,Product D,IND,SGP,2393667
2026-04,All clients,Product D,IND,SGP,3571978
2026-05,All clients,Product D,IND,SGP,3281491
2026-06,All clients,Product D,IND,SGP,2474983
2024-01,All clients,Product D,IND,ZAF,3585903
2024-02,All clients,Product D,IND,ZAF,4326067
2024-03,All clients,Product D,IND,ZAF,4344008
2024-04,All clients,Product D,IND,ZAF,4208536
2024-05,All clients,Product D,IND,ZAF,4566269
2024-06,All clients,Product D,IND,ZAF,4055536
2024-07,All clients,Product D,IND,ZAF,6702965
2024-08,All clients,Product D,IND,ZAF,6380342
2024-09,All clients,Product D,IND,ZAF,6146860
2024-10,All clients,Product D,IND,ZAF,6131911
2024-11,All clients,Product D,IND,ZAF,4640941
2024-12,All clients,Product D,IND,ZAF,5267551
2025-01,All clients,Product D,IND,ZAF,4041703
2025-02,All clients,Product D,IND,ZAF,4001576
2025-03,All clients,Product D,IND,ZAF,4686102
2025-04,All clients,Product D,IND,ZAF,5397283
2025-05,All clients,Product D,IND,ZAF,5655325
2025-06,All clients,Product D,IND,ZAF,4588392
2025-07,All clients,Product D,IND,ZAF,7092341
2025-08,All clients,Product D,IND,ZAF,6928423
2025-09,All clients,Product D,IND,ZAF,5304802
2025-10,All clients,Product D,IND,ZAF,5868855
2025-11,All clients,Product D,IND,ZAF,7807185
2025-12,All clients,Product D,IND,ZAF,6842826
2026-01,All clients,Product D,IND,ZAF,5050033
2026-02,All clients,Product D,IND,ZAF,3613547
2026-03,All clients,Product D,IND,ZAF,4175978
2026-04,All clients,Product D,IND,ZAF,5174291
2026-05,All clients,Product D,IND,ZAF,6190034
2026-06,All clients,Product D,IND,ZAF,6959433
2024-01,All clients,Product D,IRL,HKG,921441
2024-02,All clients,Product D,IRL,HKG,1233445
2024-03,All clients,Product D,IRL,HKG,983216
2024-04,All clients,Product D,IRL,HKG,856256
2024-05,All clients,Product D,IRL,HKG,576028
2024-06,All clients,Product D,IRL,HKG,757772
2024-07,All clients,Product D,IRL,HKG,724384
2024-08,All clients,Product D,IRL,HKG,579361
2024-09,All clients,Product D,IRL,HKG,909632
2024-10,All clients,Product D,IRL,HKG,947743
2024-11,All clients,Product D,IRL,HKG,1267806
2024-12,All clients,Product D,IRL,HKG,1212124
2025-01,All clients,Product D,IRL,HKG,1044945
2025-02,All clients,Product D,IRL,HKG,911982
2025-03,All clients,Product D,IRL,HKG,771078
2025-04,All clients,Product D,IRL,HKG,840469
2025-05,All clients,Product D,IRL,HKG,624850
2025-06,All clients,Product D,IRL,HKG,528223
2025-07,All clients,Product D,IRL,HKG,503947
2025-08,All clients,Product D,IRL,HKG,697297
2025-09,All clients,Product D,IRL,HKG,754015
2025-10,All clients,Product D,IRL,HKG,861874
2025-11,All clients,Product D,IRL,HKG,867823
2025-12,All clients,Product D,IRL,HKG,1023099
2026-01,All clients,Product D,IRL,HKG,985438
2026-02,All clients,Product D,IRL,HKG,961366
2026-03,All clients,Product D,IRL,HKG,628359
2026-04,All clients,Product D,IRL,HKG,579500
2026-05,All clients,Product D,IRL,HKG,604422
2026-06,All clients,Product D,IRL,HKG,467652
2024-01,All clients,Product D,IRL,NGA,1502991
2024-02,All clients,Product D,IRL,NGA,1361021
2024-03,All clients,Product D,IRL,NGA,1361378
2024-04,All clients,Product D,IRL,NGA,1160159
2024-05,All clients,Product D,IRL,NGA,1143292
2024-06,All clients,Product D,IRL,NGA,1864078
2024-07,All clients,Product D,IRL,NGA,1667340
2024-08,All clients,Product D,IRL,NGA,2439600
2024-09,All clients,Product D,IRL,NGA,2280969
2024-10,All clients,Product D,IRL,NGA,2097716
2024-11,All clients,Product D,IRL,NGA,1376427
2024-12,All clients,Product D,IRL,NGA,1670720
2025-01,All clients,Product D,IRL,NGA,1538580
2025-02,All clients,Product D,IRL,NGA,850922
2025-03,All clients,Product D,IRL,NGA,871721
2025-04,All clients,Product D,IRL,NGA,1204947
2025-05,All clients,Product D,IRL,NGA,1332358
2025-06,All clients,Product D,IRL,NGA,1495934
2025-07,All clients,Product D,IRL,NGA,2037807
2025-08,All clients,Product D,IRL,NGA,1790187
2025-09,All clients,Product D,IRL,NGA,2071230
2025-10,All clients,Product D,IRL,NGA,1920090
2025-11,All clients,Product D,IRL,NGA,1743816
2025-12,All clients,Product D,IRL,NGA,1484233
2026-01,All clients,Product D,IRL,NGA,1380922
2026-02,All clients,Product D,IRL,NGA,997699
2026-03,All clients,Product D,IRL,NGA,1002912
2026-04,All clients,Product D,IRL,NGA,1194104
2026-05,All clients,Product D,IRL,NGA,1708276
2026-06,All clients,Product D,IRL,NGA,1106388
2024-01,All clients,Product D,IRL,TUR,838928
2024-02,All clients,Product D,IRL,TUR,951506
2024-03,All clients,Product D,IRL,TUR,657015
2024-04,All clients,Product D,IRL,TUR,549124
2024-05,All clients,Product D,IRL,TUR,548181
2024-06,All clients,Product D,IRL,TUR,373549
2024-07,All clients,Product D,IRL,TUR,578398
2024-08,All clients,Product D,IRL,TUR,825673
2024-09,All clients,Product D,IRL,TUR,1153701
2024-10,All clients,Product D,IRL,TUR,1000382
2024-11,All clients,Product D,IRL,TUR,877322
2024-12,All clients,Product D,IRL,TUR,1495356
2025-01,All clients,Product D,IRL,TUR,1062226
2025-02,All clients,Product D,IRL,TUR,803360
2025-03,All clients,Product D,IRL,TUR,731627
2025-04,All clients,Product D,IRL,TUR,649097
2025-05,All clients,Product D,IRL,TUR,544717
2025-06,All clients,Product D,IRL,TUR,596926
2025-07,All clients,Product D,IRL,TUR,723059
2025-08,All clients,Product D,IRL,TUR,1008134
2025-09,All clients,Product D,IRL,TUR,847128
2025-10,All clients,Product D,IRL,TUR,1440112
2025-11,All clients,Product D,IRL,TUR,1416578
2025-12,All clients,Product D,IRL,TUR,1056708
2026-01,All clients,Product D,IRL,TUR,1643559
2026-02,All clients,Product D,IRL,TUR,995423
2026-03,All clients,Product D,IRL,TUR,940708
2026-04,All clients,Product D,IRL,TUR,861537
2026-05,All clients,Product D,IRL,TUR,963440
2026-06,All clients,Product D,IRL,TUR,743121
2024-01,All clients,Product D,JPN,GBR,9121574
2024-02,All clients,Product D,JPN,GBR,9952060
2024-03,All clients,Product D,JPN,GBR,10074259
2024-04,All clients,Product D,JPN,GBR,6510179
2024-05,All clients,Product D,JPN,GBR,10677258
2024-06,All clients,Product D,JPN,GBR,9349680
2024-07,All clients,Product D,JPN,GBR,9907898
2024-08,All clients,Product D,JPN,GBR,9275170
2024-09,All clients,Product D,JPN,GBR,10316421
2024-10,All clients,Product D,JPN,GBR,9878714
2024-11,All clients,Product D,JPN,GBR,9112427
2024-12,All clients,Product D,JPN,GBR,8888270
2025-01,All clients,Product D,JPN,GBR,6519427
2025-02,All clients,Product D,JPN,GBR,9669673
2025-03,All clients,Product D,JPN,GBR,6975667
2025-04,All clients,Product D,JPN,GBR,7838359
2025-05,All clients,Product D,JPN,GBR,7747546
2025-06,All clients,Product D,JPN,GBR,6621019
2025-07,All clients,Product D,JPN,GBR,7892164
2025-08,All clients,Product D,JPN,GBR,9365096
2025-09,All clients,Product D,JPN,GBR,10708903
2025-10,All clients,Product D,JPN,GBR,8966739
2025-11,All clients,Product D,JPN,GBR,11420727
2025-12,All clients,Product D,JPN,GBR,7330129
2026-01,All clients,Product D,JPN,GBR,8820727
2026-02,All clients,Product D,JPN,GBR,8733997
2026-03,All clients,Product D,JPN,GBR,7377242
2026-04,All clients,Product D,JPN,GBR,6393361
2026-05,All clients,Product D,JPN,GBR,4994758
2026-06,All clients,Product D,JPN,GBR,8236547
2024-01,All clients,Product D,JPN,MAC,530714
2024-02,All clients,Product D,JPN,MAC,519747
2024-03,All clients,Product D,JPN,MAC,587689
2024-04,All clients,Product D,JPN,MAC,518136
2024-05,All clients,Product D,JPN,MAC,484230
2024-06,All clients,Product D,JPN,MAC,517876
2024-07,All clients,Product D,JPN,MAC,549157
2024-08,All clients,Product D,JPN,MAC,485161
2024-09,All clients,Product D,JPN,MAC,625984
2024-10,All clients,Product D,JPN,MAC,732612
2024-11,All clients,Product D,JPN,MAC,783118
2024-12,All clients,Product D,JPN,MAC,714818
2025-01,All clients,Product D,JPN,MAC,630351
2025-02,All clients,Product D,JPN,MAC,620921
2025-03,All clients,Product D,JPN,MAC,625746
2025-04,All clients,Product D,JPN,MAC,556662
2025-05,All clients,Product D,JPN,MAC,598004
2025-06,All clients,Product D,JPN,MAC,533263
2025-07,All clients,Product D,JPN,MAC,626609
2025-08,All clients,Product D,JPN,MAC,545069
2025-09,All clients,Product D,JPN,MAC,694110
2025-10,All clients,Product D,JPN,MAC,797293
2025-11,All clients,Product D,JPN,MAC,745515
2025-12,All clients,Product D,JPN,MAC,916052
2026-01,All clients,Product D,JPN,MAC,866151
2026-02,All clients,Product D,JPN,MAC,705028
2026-03,All clients,Product D,JPN,MAC,699794
2026-04,All clients,Product D,JPN,MAC,625524
2026-05,All clients,Product D,JPN,MAC,737915
2026-06,All clients,Product D,JPN,MAC,577044
2024-01,All clients,Product D,JPN,MEX,4672274
2024-02,All clients,Product D,JPN,MEX,3968958
2024-03,All clients,Product D,JPN,MEX,2774375
2024-04,All clients,Product D,JPN,MEX,3670915
2024-05,All clients,Product D,JPN,MEX,3976968
2024-06,All clients,Product D,JPN,MEX,3362198
2024-07,All clients,Product D,JPN,MEX,3096977
2024-08,All clients,Product D,JPN,MEX,3059845
2024-09,All clients,Product D,JPN,MEX,3046890
2024-10,All clients,Product D,JPN,MEX,2737349
2024-11,All clients,Product D,JPN,MEX,2905494
2024-12,All clients,Product D,JPN,MEX,3729176
2025-01,All clients,Product D,JPN,MEX,4745567
2025-02,All clients,Product D,JPN,MEX,5062833
2025-03,All clients,Product D,JPN,MEX,3982961
2025-04,All clients,Product D,JPN,MEX,4023623
2025-05,All clients,Product D,JPN,MEX,5074764
2025-06,All clients,Product D,JPN,MEX,3577620
2025-07,All clients,Product D,JPN,MEX,4076726
2025-08,All clients,Product D,JPN,MEX,3194265
2025-09,All clients,Product D,JPN,MEX,2631420
2025-10,All clients,Product D,JPN,MEX,2713826
2025-11,All clients,Product D,JPN,MEX,4161284
2025-12,All clients,Product D,JPN,MEX,4900240
2026-01,All clients,Product D,JPN,MEX,3656949
2026-02,All clients,Product D,JPN,MEX,4695015
2026-03,All clients,Product D,JPN,MEX,3903464
2026-04,All clients,Product D,JPN,MEX,4443410
2026-05,All clients,Product D,JPN,MEX,3323993
2026-06,All clients,Product D,JPN,MEX,4584931
2024-01,All clients,Product D,POL,VGB,1566836
2024-02,All clients,Product D,POL,VGB,1871205
2024-03,All clients,Product D,POL,VGB,1593820
2024-04,All clients,Product D,POL,VGB,2161135
2024-05,All clients,Product D,POL,VGB,2036632
2024-06,All clients,Product D,POL,VGB,2433753
2024-07,All clients,Product D,POL,VGB,2662085
2024-08,All clients,Product D,POL,VGB,2756349
2024-09,All clients,Product D,POL,VGB,2864856
2024-10,All clients,Product D,POL,VGB,2518042
2024-11,All clients,Product D,POL,VGB,2506919
2024-12,All clients,Product D,POL,VGB,1863818
2025-01,All clients,Product D,POL,VGB,1792062
2025-02,All clients,Product D,POL,VGB,1822457
2025-03,All clients,Product D,POL,VGB,2354449
2025-04,All clients,Product D,POL,VGB,2167438
2025-05,All clients,Product D,POL,VGB,2869313
2025-06,All clients,Product D,POL,VGB,2900886
2025-07,All clients,Product D,POL,VGB,3110515
2025-08,All clients,Product D,POL,VGB,2979901
2025-09,All clients,Product D,POL,VGB,2980479
2025-10,All clients,Product D,POL,VGB,3072501
2025-11,All clients,Product D,POL,VGB,2170909
2025-12,All clients,Product D,POL,VGB,2451752
2026-01,All clients,Product D,POL,VGB,2244016
2026-02,All clients,Product D,POL,VGB,2049218
2026-03,All clients,Product D,POL,VGB,2105247
2026-04,All clients,Product D,POL,VGB,2831513
2026-05,All clients,Product D,POL,VGB,2597470
2026-06,All clients,Product D,POL,VGB,3022608
2024-01,All clients,Product D,SGP,BRA,1389237
2024-02,All clients,Product D,SGP,BRA,1295032
2024-03,All clients,Product D,SGP,BRA,1662541
2024-04,All clients,Product D,SGP,BRA,1971897
2024-05,All clients,Product D,SGP,BRA,1584066
2024-06,All clients,Product D,SGP,BRA,1466839
2024-07,All clients,Product D,SGP,BRA,1152357
2024-08,All clients,Product D,SGP,BRA,1526063
2024-09,All clients,Product D,SGP,BRA,995608
2024-10,All clients,Product D,SGP,BRA,1458848
2024-11,All clients,Product D,SGP,BRA,1442698
2024-12,All clients,Product D,SGP,BRA,1234353
2025-01,All clients,Product D,SGP,BRA,1240086
2025-02,All clients,Product D,SGP,BRA,1363665
2025-03,All clients,Product D,SGP,BRA,1397536
2025-04,All clients,Product D,SGP,BRA,1939592
2025-05,All clients,Product D,SGP,BRA,1471654
2025-06,All clients,Product D,SGP,BRA,1283050
2025-07,All clients,Product D,SGP,BRA,1889354
2025-08,All clients,Product D,SGP,BRA,1182560
2025-09,All clients,Product D,SGP,BRA,1038240
2025-10,All clients,Product D,SGP,BRA,1133597
2025-11,All clients,Product D,SGP,BRA,1432681
2025-12,All clients,Product D,SGP,BRA,1170872
2026-01,All clients,Product D,SGP,BRA,1250207
2026-02,All clients,Product D,SGP,BRA,1710812
2026-03,All clients,Product D,SGP,BRA,1621834
2026-04,All clients,Product D,SGP,BRA,1536486
2026-05,All clients,Product D,SGP,BRA,1504167
2026-06,All clients,Product D,SGP,BRA,1449408
2024-01,All clients,Product D,SGP,IRL,1138356
2024-02,All clients,Product D,SGP,IRL,1316760
2024-03,All clients,Product D,SGP,IRL,1633575
2024-04,All clients,Product D,SGP,IRL,1805663
2024-05,All clients,Product D,SGP,IRL,1217377
2024-06,All clients,Product D,SGP,IRL,1238754
2024-07,All clients,Product D,SGP,IRL,574481
2024-08,All clients,Product D,SGP,IRL,625497
2024-09,All clients,Product D,SGP,IRL,748491
2024-10,All clients,Product D,SGP,IRL,612091
2024-11,All clients,Product D,SGP,IRL,973480
2024-12,All clients,Product D,SGP,IRL,988698
2025-01,All clients,Product D,SGP,IRL,1224404
2025-02,All clients,Product D,SGP,IRL,1675781
2025-03,All clients,Product D,SGP,IRL,1561708
2025-04,All clients,Product D,SGP,IRL,1339222
2025-05,All clients,Product D,SGP,IRL,1121585
2025-06,All clients,Product D,SGP,IRL,999484
2025-07,All clients,Product D,SGP,IRL,607676
2025-08,All clients,Product D,SGP,IRL,563612
2025-09,All clients,Product D,SGP,IRL,716037
2025-10,All clients,Product D,SGP,IRL,786865
2025-11,All clients,Product D,SGP,IRL,946058
2025-12,All clients,Product D,SGP,IRL,1327026
2026-01,All clients,Product D,SGP,IRL,1246089
2026-02,All clients,Product D,SGP,IRL,1416452
2026-03,All clients,Product D,SGP,IRL,1443676
2026-04,All clients,Product D,SGP,IRL,1162241
2026-05,All clients,Product D,SGP,IRL,1275833
2026-06,All clients,Product D,SGP,IRL,702547
2024-01,All clients,Product D,SWE,MEX,2102087
2024-02,All clients,Product D,SWE,MEX,1907511
2024-03,All clients,Product D,SWE,MEX,1988952
2024-04,All clients,Product D,SWE,MEX,1865302
2024-05,All clients,Product D,SWE,MEX,2253555
2024-06,All clients,Product D,SWE,MEX,2084646
2024-07,All clients,Product D,SWE,MEX,2601348
2024-08,All clients,Product D,SWE,MEX,2327001
2024-09,All clients,Product D,SWE,MEX,2599646
2024-10,All clients,Product D,SWE,MEX,2251719
2024-11,All clients,Product D,SWE,MEX,2328981
2024-12,All clients,Product D,SWE,MEX,2080121
2025-01,All clients,Product D,SWE,MEX,2199260
2025-02,All clients,Product D,SWE,MEX,2188790
2025-03,All clients,Product D,SWE,MEX,1806334
2025-04,All clients,Product D,SWE,MEX,1939309
2025-05,All clients,Product D,SWE,MEX,2204525
2025-06,All clients,Product D,SWE,MEX,2507386
2025-07,All clients,Product D,SWE,MEX,3007357
2025-08,All clients,Product D,SWE,MEX,2511263
2025-09,All clients,Product D,SWE,MEX,3033014
2025-10,All clients,Product D,SWE,MEX,2531912
2025-11,All clients,Product D,SWE,MEX,2240556
2025-12,All clients,Product D,SWE,MEX,2202652
2026-01,All clients,Product D,SWE,MEX,2595636
2026-02,All clients,Product D,SWE,MEX,2320169
2026-03,All clients,Product D,SWE,MEX,2351929
2026-04,All clients,Product D,SWE,MEX,2367531
2026-05,All clients,Product D,SWE,MEX,2661704
2026-06,All clients,Product D,SWE,MEX,2725873
2024-01,All clients,Product D,USA,BRA,840967
2024-02,All clients,Product D,USA,BRA,562536
2024-03,All clients,Product D,USA,BRA,700804
2024-04,All clients,Product D,USA,BRA,635043
2024-05,All clients,Product D,USA,BRA,890756
2024-06,All clients,Product D,USA,BRA,987097
2024-07,All clients,Product D,USA,BRA,1028107
2024-08,All clients,Product D,USA,BRA,905994
2024-09,All clients,Product D,USA,BRA,992503
2024-10,All clients,Product D,USA,BRA,1068680
2024-11,All clients,Product D,USA,BRA,999002
2024-12,All clients,Product D,USA,BRA,623719
2025-01,All clients,Product D,USA,BRA,511451
2025-02,All clients,Product D,USA,BRA,627725
2025-03,All clients,Product D,USA,BRA,582638
2025-04,All clients,Product D,USA,BRA,506392
2025-05,All clients,Product D,USA,BRA,546554
2025-06,All clients,Product D,USA,BRA,804452
2025-07,All clients,Product D,USA,BRA,892709
2025-08,All clients,Product D,USA,BRA,807440
2025-09,All clients,Product D,USA,BRA,817247
2025-10,All clients,Product D,USA,BRA,770193
2025-11,All clients,Product D,USA,BRA,760374
2025-12,All clients,Product D,USA,BRA,511390
2026-01,All clients,Product D,USA,BRA,634523
2026-02,All clients,Product D,USA,BRA,582173
2026-03,All clients,Product D,USA,BRA,519067
2026-04,All clients,Product D,USA,BRA,545493
2026-05,All clients,Product D,USA,BRA,495525
2026-06,All clients,Product D,USA,BRA,640005
2024-01,All clients,Product D,USA,IRL,1482581
2024-02,All clients,Product D,USA,IRL,1714698
2024-03,All clients,Product D,USA,IRL,1178109
2024-04,All clients,Product D,USA,IRL,1500453
2024-05,All clients,Product D,USA,IRL,674680
2024-06,All clients,Product D,USA,IRL,959304
2024-07,All clients,Product D,USA,IRL,937483
2024-08,All clients,Product D,USA,IRL,1154898
2024-09,All clients,Product D,USA,IRL,1042314
2024-10,All clients,Product D,USA,IRL,1454770
2024-11,All clients,Product D,USA,IRL,1781114
2024-12,All clients,Product D,USA,IRL,1795912
2025-01,All clients,Product D,USA,IRL,1498007
2025-02,All clients,Product D,USA,IRL,1162729
2025-03,All clients,Product D,USA,IRL,1494044
2025-04,All clients,Product D,USA,IRL,1079822
2025-05,All clients,Product D,USA,IRL,1154232
2025-06,All clients,Product D,USA,IRL,611347
2025-07,All clients,Product D,USA,IRL,761545
2025-08,All clients,Product D,USA,IRL,862974
2025-09,All clients,Product D,USA,IRL,1078386
2025-10,All clients,Product D,USA,IRL,1170613
2025-11,All clients,Product D,USA,IRL,1806908
2025-12,All clients,Product D,USA,IRL,1651318
2026-01,All clients,Product D,USA,IRL,1703261
2026-02,All clients,Product D,USA,IRL,2252026
2026-03,All clients,Product D,USA,IRL,1930032
2026-04,All clients,Product D,USA,IRL,1036213
2026-05,All clients,Product D,USA,IRL,1298671
2026-06,All clients,Product D,USA,IRL,732081
2024-01,All clients,Product D,USA,LUX,2323350
2024-02,All clients,Product D,USA,LUX,2260549
2024-03,All clients,Product D,USA,LUX,2479083
2024-04,All clients,Product D,USA,LUX,1850573
2024-05,All clients,Product D,USA,LUX,1986847
2024-06,All clients,Product D,USA,LUX,2177376
2024-07,All clients,Product D,USA,LUX,1898839
2024-08,All clients,Product D,USA,LUX,1654093
2024-09,All clients,Product D,USA,LUX,1788752
2024-10,All clients,Product D,USA,LUX,1970912
2024-11,All clients,Product D,USA,LUX,2607086
2024-12,All clients,Product D,USA,LUX,2385280
2025-01,All clients,Product D,USA,LUX,2452620
2025-02,All clients,Product D,USA,LUX,2675152
2025-03,All clients,Product D,USA,LUX,2523755
2025-04,All clients,Product D,USA,LUX,2345519
2025-05,All clients,Product D,USA,LUX,1977941
2025-06,All clients,Product D,USA,LUX,2076189
2025-07,All clients,Product D,USA,LUX,1916534
2025-08,All clients,Product D,USA,LUX,2111622
2025-09,All clients,Product D,USA,LUX,2323909
2025-10,All clients,Product D,USA,LUX,2196203
2025-11,All clients,Product D,USA,LUX,2710477
2025-12,All clients,Product D,USA,LUX,2821357
2026-01,All clients,Product D,USA,LUX,2698519
2026-02,All clients,Product D,USA,LUX,2805102
2026-03,All clients,Product D,USA,LUX,2743320
2026-04,All clients,Product D,USA,LUX,2714119
2026-05,All clients,Product D,USA,LUX,2138289
2026-06,All clients,Product D,USA,LUX,2577841
2024-01,All clients,Product D,USA,PAN,322024
2024-02,All clients,Product D,USA,PAN,332999
2024-03,All clients,Product D,USA,PAN,269336
2024-04,All clients,Product D,USA,PAN,229891
2024-05,All clients,Product D,USA,PAN,214371
2024-06,All clients,Product D,USA,PAN,188856
2024-07,All clients,Product D,USA,PAN,185931
2024-08,All clients,Product D,USA,PAN,198311
2024-09,All clients,Product D,USA,PAN,237611
2024-10,All clients,Product D,USA,PAN,292582
2024-11,All clients,Product D,USA,PAN,307046
2024-12,All clients,Product D,USA,PAN,335680
2025-01,All clients,Product D,USA,PAN,338706
2025-02,All clients,Product D,USA,PAN,374434
2025-03,All clients,Product D,USA,PAN,302733
2025-04,All clients,Product D,USA,PAN,286676
2025-05,All clients,Product D,USA,PAN,233874
2025-06,All clients,Product D,USA,PAN,205638
2025-07,All clients,Product D,USA,PAN,232572
2025-08,All clients,Product D,USA,PAN,223679
2025-09,All clients,Product D,USA,PAN,234449
2025-10,All clients,Product D,USA,PAN,281712
2025-11,All clients,Product D,USA,PAN,294216
2025-12,All clients,Product D,USA,PAN,393724
2026-01,All clients,Product D,USA,PAN,354101
2026-02,All clients,Product D,USA,PAN,343995
2026-03,All clients,Product D,USA,PAN,399812
2026-04,All clients,Product D,USA,PAN,325706
2026-05,All clients,Product D,USA,PAN,289553
2026-06,All clients,Product D,USA,PAN,253552
2024-01,All clients,Product E,ARE,LIE,1784114
2024-02,All clients,Product E,ARE,LIE,2037989
2024-03,All clients,Product E,ARE,LIE,2335189
2024-04,All clients,Product E,ARE,LIE,2624461
2024-05,All clients,Product E,ARE,LIE,2581552
2024-06,All clients,Product E,ARE,LIE,2838764
2024-07,All clients,Product E,ARE,LIE,2678534
2024-08,All clients,Product E,ARE,LIE,2359955
2024-09,All clients,Product E,ARE,LIE,2087895
2024-10,All clients,Product E,ARE,LIE,2331293
2024-11,All clients,Product E,ARE,LIE,2229551
2024-12,All clients,Product E,ARE,LIE,1860968
2025-01,All clients,Product E,ARE,LIE,2189813
2025-02,All clients,Product E,ARE,LIE,1925983
2025-03,All clients,Product E,ARE,LIE,2384628
2025-04,All clients,Product E,ARE,LIE,2676960
2025-05,All clients,Product E,ARE,LIE,2305130
2025-06,All clients,Product E,ARE,LIE,2752079
2025-07,All clients,Product E,ARE,LIE,2802327
2025-08,All clients,Product E,ARE,LIE,2537223
2025-09,All clients,Product E,ARE,LIE,2228620
2025-10,All clients,Product E,ARE,LIE,2326276
2025-11,All clients,Product E,ARE,LIE,2265937
2025-12,All clients,Product E,ARE,LIE,1927739
2026-01,All clients,Product E,ARE,LIE,2186710
2026-02,All clients,Product E,ARE,LIE,2082639
2026-03,All clients,Product E,ARE,LIE,2144462
2026-04,All clients,Product E,ARE,LIE,2416883
2026-05,All clients,Product E,ARE,LIE,3033037
2026-06,All clients,Product E,ARE,LIE,2847153
2024-01,All clients,Product E,ARE,PAN,386541
2024-02,All clients,Product E,ARE,PAN,542602
2024-03,All clients,Product E,ARE,PAN,510467
2024-04,All clients,Product E,ARE,PAN,692883
2024-05,All clients,Product E,ARE,PAN,575364
2024-06,All clients,Product E,ARE,PAN,648651
2024-07,All clients,Product E,ARE,PAN,546566
2024-08,All clients,Product E,ARE,PAN,489782
2024-09,All clients,Product E,ARE,PAN,477908
2024-10,All clients,Product E,ARE,PAN,419670
2024-11,All clients,Product E,ARE,PAN,369689
2024-12,All clients,Product E,ARE,PAN,404250
2025-01,All clients,Product E,ARE,PAN,520457
2025-02,All clients,Product E,ARE,PAN,507706
2025-03,All clients,Product E,ARE,PAN,538307
2025-04,All clients,Product E,ARE,PAN,665676
2025-05,All clients,Product E,ARE,PAN,772352
2025-06,All clients,Product E,ARE,PAN,607207
2025-07,All clients,Product E,ARE,PAN,663061
2025-08,All clients,Product E,ARE,PAN,491522
2025-09,All clients,Product E,ARE,PAN,480685
2025-10,All clients,Product E,ARE,PAN,412637
2025-11,All clients,Product E,ARE,PAN,372635
2025-12,All clients,Product E,ARE,PAN,381202
2026-01,All clients,Product E,ARE,PAN,549871
2026-02,All clients,Product E,ARE,PAN,652028
2026-03,All clients,Product E,ARE,PAN,643639
2026-04,All clients,Product E,ARE,PAN,644057
2026-05,All clients,Product E,ARE,PAN,813524
2026-06,All clients,Product E,ARE,PAN,714562
2024-01,All clients,Product E,CAN,CHN,1720359
2024-02,All clients,Product E,CAN,CHN,1315579
2024-03,All clients,Product E,CAN,CHN,1147689
2024-04,All clients,Product E,CAN,CHN,1018315
2024-05,All clients,Product E,CAN,CHN,1269311
2024-06,All clients,Product E,CAN,CHN,1280927
2024-07,All clients,Product E,CAN,CHN,1392038
2024-08,All clients,Product E,CAN,CHN,1613840
2024-09,All clients,Product E,CAN,CHN,1693742
2024-10,All clients,Product E,CAN,CHN,1916093
2024-11,All clients,Product E,CAN,CHN,1789398
2024-12,All clients,Product E,CAN,CHN,2211040
2025-01,All clients,Product E,CAN,CHN,1754213
2025-02,All clients,Product E,CAN,CHN,1641438
2025-03,All clients,Product E,CAN,CHN,1406892
2025-04,All clients,Product E,CAN,CHN,1383087
2025-05,All clients,Product E,CAN,CHN,1222021
2025-06,All clients,Product E,CAN,CHN,1590248
2025-07,All clients,Product E,CAN,CHN,1821481
2025-08,All clients,Product E,CAN,CHN,2136112
2025-09,All clients,Product E,CAN,CHN,2004617
2025-10,All clients,Product E,CAN,CHN,2209512
2025-11,All clients,Product E,CAN,CHN,2201418
2025-12,All clients,Product E,CAN,CHN,2246107
2026-01,All clients,Product E,CAN,CHN,2229778
2026-02,All clients,Product E,CAN,CHN,1949387
2026-03,All clients,Product E,CAN,CHN,1432786
2026-04,All clients,Product E,CAN,CHN,1426240
2026-05,All clients,Product E,CAN,CHN,1553059
2026-06,All clients,Product E,CAN,CHN,1752210
2024-01,All clients,Product E,CHE,HKG,2298224
2024-02,All clients,Product E,CHE,HKG,2810531
2024-03,All clients,Product E,CHE,HKG,1751797
2024-04,All clients,Product E,CHE,HKG,2086070
2024-05,All clients,Product E,CHE,HKG,2332112
2024-06,All clients,Product E,CHE,HKG,1822598
2024-07,All clients,Product E,CHE,HKG,1887299
2024-08,All clients,Product E,CHE,HKG,2225937
2024-09,All clients,Product E,CHE,HKG,1620391
2024-10,All clients,Product E,CHE,HKG,1675490
2024-11,All clients,Product E,CHE,HKG,2083590
2024-12,All clients,Product E,CHE,HKG,2059244
2025-01,All clients,Product E,CHE,HKG,2423429
2025-02,All clients,Product E,CHE,HKG,2904755
2025-03,All clients,Product E,CHE,HKG,3033981
2025-04,All clients,Product E,CHE,HKG,1835222
2025-05,All clients,Product E,CHE,HKG,2376350
2025-06,All clients,Product E,CHE,HKG,1664511
2025-07,All clients,Product E,CHE,HKG,2039632
2025-08,All clients,Product E,CHE,HKG,1921773
2025-09,All clients,Product E,CHE,HKG,1908848
2025-10,All clients,Product E,CHE,HKG,2185071
2025-11,All clients,Product E,CHE,HKG,2540823
2025-12,All clients,Product E,CHE,HKG,2064037
2026-01,All clients,Product E,CHE,HKG,2600710
2026-02,All clients,Product E,CHE,HKG,2592405
2026-03,All clients,Product E,CHE,HKG,2781368
2026-04,All clients,Product E,CHE,HKG,2472149
2026-05,All clients,Product E,CHE,HKG,2023996
2026-06,All clients,Product E,CHE,HKG,2062559
2024-01,All clients,Product E,CHE,MEX,1459975
2024-02,All clients,Product E,CHE,MEX,1094937
2024-03,All clients,Product E,CHE,MEX,1009979
2024-04,All clients,Product E,CHE,MEX,1031503
2024-05,All clients,Product E,CHE,MEX,2210014
2024-06,All clients,Product E,CHE,MEX,1714930
2024-07,All clients,Product E,CHE,MEX,1755032
2024-08,All clients,Product E,CHE,MEX,1994972
2024-09,All clients,Product E,CHE,MEX,1875761
2024-10,All clients,Product E,CHE,MEX,2174700
2024-11,All clients,Product E,CHE,MEX,1361303
2024-12,All clients,Product E,CHE,MEX,1648863
2025-01,All clients,Product E,CHE,MEX,1263241
2025-02,All clients,Product E,CHE,MEX,1095086
2025-03,All clients,Product E,CHE,MEX,1541132
2025-04,All clients,Product E,CHE,MEX,2275404
2025-05,All clients,Product E,CHE,MEX,1664402
2025-06,All clients,Product E,CHE,MEX,2054473
2025-07,All clients,Product E,CHE,MEX,2122776
2025-08,All clients,Product E,CHE,MEX,3340413
2025-09,All clients,Product E,CHE,MEX,2115356
2025-10,All clients,Product E,CHE,MEX,2053256
2025-11,All clients,Product E,CHE,MEX,2531752
2025-12,All clients,Product E,CHE,MEX,2007380
2026-01,All clients,Product E,CHE,MEX,1741970
2026-02,All clients,Product E,CHE,MEX,1828968
2026-03,All clients,Product E,CHE,MEX,1695716
2026-04,All clients,Product E,CHE,MEX,2475215
2026-05,All clients,Product E,CHE,MEX,2517205
2026-06,All clients,Product E,CHE,MEX,3068843
2024-01,All clients,Product E,CHN,PAN,1739660
2024-02,All clients,Product E,CHN,PAN,1363823
2024-03,All clients,Product E,CHN,PAN,1312719
2024-04,All clients,Product E,CHN,PAN,1276880
2024-05,All clients,Product E,CHN,PAN,1324713
2024-06,All clients,Product E,CHN,PAN,1045892
2024-07,All clients,Product E,CHN,PAN,1348142
2024-08,All clients,Product E,CHN,PAN,1339972
2024-09,All clients,Product E,CHN,PAN,1348636
2024-10,All clients,Product E,CHN,PAN,1772196
2024-11,All clients,Product E,CHN,PAN,1930408
2024-12,All clients,Product E,CHN,PAN,1517088
2025-01,All clients,Product E,CHN,PAN,1708859
2025-02,All clients,Product E,CHN,PAN,1409557
2025-03,All clients,Product E,CHN,PAN,1592355
2025-04,All clients,Product E,CHN,PAN,1231797
2025-05,All clients,Product E,CHN,PAN,1105379
2025-06,All clients,Product E,CHN,PAN,1092266
2025-07,All clients,Product E,CHN,PAN,1451790
2025-08,All clients,Product E,CHN,PAN,1512049
2025-09,All clients,Product E,CHN,PAN,1626038
2025-10,All clients,Product E,CHN,PAN,1804699
2025-11,All clients,Product E,CHN,PAN,1732298
2025-12,All clients,Product E,CHN,PAN,1808726
2026-01,All clients,Product E,CHN,PAN,1746196
2026-02,All clients,Product E,CHN,PAN,1660832
2026-03,All clients,Product E,CHN,PAN,1617099
2026-04,All clients,Product E,CHN,PAN,1251634
2026-05,All clients,Product E,CHN,PAN,1349346
2026-06,All clients,Product E,CHN,PAN,1511196
2024-01,All clients,Product E,DEU,BEL,701672
2024-02,All clients,Product E,DEU,BEL,787219
2024-03,All clients,Product E,DEU,BEL,768198
2024-04,All clients,Product E,DEU,BEL,750596
2024-05,All clients,Product E,DEU,BEL,728959
2024-06,All clients,Product E,DEU,BEL,744128
2024-07,All clients,Product E,DEU,BEL,658284
2024-08,All clients,Product E,DEU,BEL,650386
2024-09,All clients,Product E,DEU,BEL,554735
2024-10,All clients,Product E,DEU,BEL,572248
2024-11,All clients,Product E,DEU,BEL,623270
2024-12,All clients,Product E,DEU,BEL,670896
2025-01,All clients,Product E,DEU,BEL,633170
2025-02,All clients,Product E,DEU,BEL,748487
2025-03,All clients,Product E,DEU,BEL,723212
2025-04,All clients,Product E,DEU,BEL,723343
2025-05,All clients,Product E,DEU,BEL,751692
2025-06,All clients,Product E,DEU,BEL,773117
2025-07,All clients,Product E,DEU,BEL,711884
2025-08,All clients,Product E,DEU,BEL,642109
2025-09,All clients,Product E,DEU,BEL,636659
2025-10,All clients,Product E,DEU,BEL,576577
2025-11,All clients,Product E,DEU,BEL,655664
2025-12,All clients,Product E,DEU,BEL,674838
2026-01,All clients,Product E,DEU,BEL,612200
2026-02,All clients,Product E,DEU,BEL,764606
2026-03,All clients,Product E,DEU,BEL,734372
2026-04,All clients,Product E,DEU,BEL,797971
2026-05,All clients,Product E,DEU,BEL,745236
2026-06,All clients,Product E,DEU,BEL,714763
2024-01,All clients,Product E,DEU,QAT,4363239
2024-02,All clients,Product E,DEU,QAT,3377026
2024-03,All clients,Product E,DEU,QAT,3387096
2024-04,All clients,Product E,DEU,QAT,2234934
2024-05,All clients,Product E,DEU,QAT,2313451
2024-06,All clients,Product E,DEU,QAT,3029261
2024-07,All clients,Product E,DEU,QAT,2398628
2024-08,All clients,Product E,DEU,QAT,3563482
2024-09,All clients,Product E,DEU,QAT,3745518
2024-10,All clients,Product E,DEU,QAT,4912269
2024-11,All clients,Product E,DEU,QAT,4859644
2024-12,All clients,Product E,DEU,QAT,3847055
2025-01,All clients,Product E,DEU,QAT,5133277
2025-02,All clients,Product E,DEU,QAT,4121600
2025-03,All clients,Product E,DEU,QAT,3122622
2025-04,All clients,Product E,DEU,QAT,2881853
2025-05,All clients,Product E,DEU,QAT,3709891
2025-06,All clients,Product E,DEU,QAT,2313474
2025-07,All clients,Product E,DEU,QAT,2797935
2025-08,All clients,Product E,DEU,QAT,3897609
2025-09,All clients,Product E,DEU,QAT,5162933
2025-10,All clients,Product E,DEU,QAT,4749003
2025-11,All clients,Product E,DEU,QAT,5876990
2025-12,All clients,Product E,DEU,QAT,4244612
2026-01,All clients,Product E,DEU,QAT,5125506
2026-02,All clients,Product E,DEU,QAT,5332689
2026-03,All clients,Product E,DEU,QAT,3393868
2026-04,All clients,Product E,DEU,QAT,3034510
2026-05,All clients,Product E,DEU,QAT,3909730
2026-06,All clients,Product E,DEU,QAT,2746873
2024-01,All clients,Product E,FRA,AUS,981642
2024-02,All clients,Product E,FRA,AUS,1082166
2024-03,All clients,Product E,FRA,AUS,1397769
2024-04,All clients,Product E,FRA,AUS,1247030
2024-05,All clients,Product E,FRA,AUS,1222009
2024-06,All clients,Product E,FRA,AUS,825146
2024-07,All clients,Product E,FRA,AUS,783257
2024-08,All clients,Product E,FRA,AUS,813260
2024-09,All clients,Product E,FRA,AUS,792499
2024-10,All clients,Product E,FRA,AUS,772865
2024-11,All clients,Product E,FRA,AUS,1606908
2024-12,All clients,Product E,FRA,AUS,1309100
2025-01,All clients,Product E,FRA,AUS,1041230
2025-02,All clients,Product E,FRA,AUS,1985983
2025-03,All clients,Product E,FRA,AUS,1838863
2025-04,All clients,Product E,FRA,AUS,962041
2025-05,All clients,Product E,FRA,AUS,1402910
2025-06,All clients,Product E,FRA,AUS,1324209
2025-07,All clients,Product E,FRA,AUS,784452
2025-08,All clients,Product E,FRA,AUS,993088
2025-09,All clients,Product E,FRA,AUS,791880
2025-10,All clients,Product E,FRA,AUS,1028707
2025-11,All clients,Product E,FRA,AUS,1197663
2025-12,All clients,Product E,FRA,AUS,1642770
2026-01,All clients,Product E,FRA,AUS,1719600
2026-02,All clients,Product E,FRA,AUS,1568512
2026-03,All clients,Product E,FRA,AUS,1497072
2026-04,All clients,Product E,FRA,AUS,1785768
2026-05,All clients,Product E,FRA,AUS,1626453
2026-06,All clients,Product E,FRA,AUS,1590386
2024-01,All clients,Product E,FRA,NGA,3033570
2024-02,All clients,Product E,FRA,NGA,2722737
2024-03,All clients,Product E,FRA,NGA,1921419
2024-04,All clients,Product E,FRA,NGA,1956071
2024-05,All clients,Product E,FRA,NGA,1618018
2024-06,All clients,Product E,FRA,NGA,1591152
2024-07,All clients,Product E,FRA,NGA,2207064
2024-08,All clients,Product E,FRA,NGA,3222397
2024-09,All clients,Product E,FRA,NGA,3121918
2024-10,All clients,Product E,FRA,NGA,2740447
2024-11,All clients,Product E,FRA,NGA,2880679
2024-12,All clients,Product E,FRA,NGA,3684821
2025-01,All clients,Product E,FRA,NGA,2293983
2025-02,All clients,Product E,FRA,NGA,3158970
2025-03,All clients,Product E,FRA,NGA,2762212
2025-04,All clients,Product E,FRA,NGA,1919595
2025-05,All clients,Product E,FRA,NGA,2681928
2025-06,All clients,Product E,FRA,NGA,2210222
2025-07,All clients,Product E,FRA,NGA,2067643
2025-08,All clients,Product E,FRA,NGA,2331480
2025-09,All clients,Product E,FRA,NGA,3592498
2025-10,All clients,Product E,FRA,NGA,4091074
2025-11,All clients,Product E,FRA,NGA,4351556
2025-12,All clients,Product E,FRA,NGA,3146844
2026-01,All clients,Product E,FRA,NGA,2374690
2026-02,All clients,Product E,FRA,NGA,3648853
2026-03,All clients,Product E,FRA,NGA,2952665
2026-04,All clients,Product E,FRA,NGA,2889705
2026-05,All clients,Product E,FRA,NGA,2438979
2026-06,All clients,Product E,FRA,NGA,1722976
2024-01,All clients,Product E,FRA,NLD,721554
2024-02,All clients,Product E,FRA,NLD,1201940
2024-03,All clients,Product E,FRA,NLD,1057199
2024-04,All clients,Product E,FRA,NLD,1307646
2024-05,All clients,Product E,FRA,NLD,1280777
2024-06,All clients,Product E,FRA,NLD,1451347
2024-07,All clients,Product E,FRA,NLD,1625918
2024-08,All clients,Product E,FRA,NLD,1510863
2024-09,All clients,Product E,FRA,NLD,1280443
2024-10,All clients,Product E,FRA,NLD,727688
2024-11,All clients,Product E,FRA,NLD,833609
2024-12,All clients,Product E,FRA,NLD,707863
2025-01,All clients,Product E,FRA,NLD,955030
2025-02,All clients,Product E,FRA,NLD,1239310
2025-03,All clients,Product E,FRA,NLD,1072052
2025-04,All clients,Product E,FRA,NLD,1922436
2025-05,All clients,Product E,FRA,NLD,1600757
2025-06,All clients,Product E,FRA,NLD,2017126
2025-07,All clients,Product E,FRA,NLD,1763182
2025-08,All clients,Product E,FRA,NLD,1628870
2025-09,All clients,Product E,FRA,NLD,1574214
2025-10,All clients,Product E,FRA,NLD,726059
2025-11,All clients,Product E,FRA,NLD,621001
2025-12,All clients,Product E,FRA,NLD,932171
2026-01,All clients,Product E,FRA,NLD,833893
2026-02,All clients,Product E,FRA,NLD,938424
2026-03,All clients,Product E,FRA,NLD,1370338
2026-04,All clients,Product E,FRA,NLD,1521863
2026-05,All clients,Product E,FRA,NLD,1577380
2026-06,All clients,Product E,FRA,NLD,2444457
2024-01,All clients,Product E,GBR,CAN,538346
2024-02,All clients,Product E,GBR,CAN,605010
2024-03,All clients,Product E,GBR,CAN,642066
2024-04,All clients,Product E,GBR,CAN,765182
2024-05,All clients,Product E,GBR,CAN,705694
2024-06,All clients,Product E,GBR,CAN,660410
2024-07,All clients,Product E,GBR,CAN,575625
2024-08,All clients,Product E,GBR,CAN,549103
2024-09,All clients,Product E,GBR,CAN,468480
2024-10,All clients,Product E,GBR,CAN,440443
2024-11,All clients,Product E,GBR,CAN,409504
2024-12,All clients,Product E,GBR,CAN,468344
2025-01,All clients,Product E,GBR,CAN,568834
2025-02,All clients,Product E,GBR,CAN,654390
2025-03,All clients,Product E,GBR,CAN,735934
2025-04,All clients,Product E,GBR,CAN,787787
2025-05,All clients,Product E,GBR,CAN,767101
2025-06,All clients,Product E,GBR,CAN,825390
2025-07,All clients,Product E,GBR,CAN,694834
2025-08,All clients,Product E,GBR,CAN,609488
2025-09,All clients,Product E,GBR,CAN,471063
2025-10,All clients,Product E,GBR,CAN,497175
2025-11,All clients,Product E,GBR,CAN,526469
2025-12,All clients,Product E,GBR,CAN,512105
2026-01,All clients,Product E,GBR,CAN,579345
2026-02,All clients,Product E,GBR,CAN,724687
2026-03,All clients,Product E,GBR,CAN,803488
2026-04,All clients,Product E,GBR,CAN,882230
2026-05,All clients,Product E,GBR,CAN,845480
2026-06,All clients,Product E,GBR,CAN,802252
2024-01,All clients,Product E,GBR,LUX,1436407
2024-02,All clients,Product E,GBR,LUX,1713078
2024-03,All clients,Product E,GBR,LUX,1622631
2024-04,All clients,Product E,GBR,LUX,2589861
2024-05,All clients,Product E,GBR,LUX,2855137
2024-06,All clients,Product E,GBR,LUX,2801685
2024-07,All clients,Product E,GBR,LUX,2843829
2024-08,All clients,Product E,GBR,LUX,2243509
2024-09,All clients,Product E,GBR,LUX,2488916
2024-10,All clients,Product E,GBR,LUX,1780706
2024-11,All clients,Product E,GBR,LUX,1887883
2024-12,All clients,Product E,GBR,LUX,1324070
2025-01,All clients,Product E,GBR,LUX,1492122
2025-02,All clients,Product E,GBR,LUX,1688253
2025-03,All clients,Product E,GBR,LUX,1835109
2025-04,All clients,Product E,GBR,LUX,2238745
2025-05,All clients,Product E,GBR,LUX,2451526
2025-06,All clients,Product E,GBR,LUX,1945003
2025-07,All clients,Product E,GBR,LUX,2468045
2025-08,All clients,Product E,GBR,LUX,3030781
2025-09,All clients,Product E,GBR,LUX,2164901
2025-10,All clients,Product E,GBR,LUX,2055365
2025-11,All clients,Product E,GBR,LUX,1433802
2025-12,All clients,Product E,GBR,LUX,1476273
2026-01,All clients,Product E,GBR,LUX,1426987
2026-02,All clients,Product E,GBR,LUX,1218582
2026-03,All clients,Product E,GBR,LUX,2036136
2026-04,All clients,Product E,GBR,LUX,2006641
2026-05,All clients,Product E,GBR,LUX,2410168
2026-06,All clients,Product E,GBR,LUX,1862915
2024-01,All clients,Product E,GBR,SGP,2749234
2024-02,All clients,Product E,GBR,SGP,2815229
2024-03,All clients,Product E,GBR,SGP,2856162
2024-04,All clients,Product E,GBR,SGP,2974582
2024-05,All clients,Product E,GBR,SGP,2466606
2024-06,All clients,Product E,GBR,SGP,1546265
2024-07,All clients,Product E,GBR,SGP,1643456
2024-08,All clients,Product E,GBR,SGP,1845869
2024-09,All clients,Product E,GBR,SGP,1610349
2024-10,All clients,Product E,GBR,SGP,1608603
2024-11,All clients,Product E,GBR,SGP,1791257
2024-12,All clients,Product E,GBR,SGP,2630635
2025-01,All clients,Product E,GBR,SGP,3780669
2025-02,All clients,Product E,GBR,SGP,3952279
2025-03,All clients,Product E,GBR,SGP,2764148
2025-04,All clients,Product E,GBR,SGP,3386017
2025-05,All clients,Product E,GBR,SGP,2909759
2025-06,All clients,Product E,GBR,SGP,2187245
2025-07,All clients,Product E,GBR,SGP,1686292
2025-08,All clients,Product E,GBR,SGP,1746762
2025-09,All clients,Product E,GBR,SGP,2319245
2025-10,All clients,Product E,GBR,SGP,1869090
2025-11,All clients,Product E,GBR,SGP,2584180
2025-12,All clients,Product E,GBR,SGP,2610939
2026-01,All clients,Product E,GBR,SGP,3363739
2026-02,All clients,Product E,GBR,SGP,2794483
2026-03,All clients,Product E,GBR,SGP,4084117
2026-04,All clients,Product E,GBR,SGP,4470109
2026-05,All clients,Product E,GBR,SGP,3346117
2026-06,All clients,Product E,GBR,SGP,2564957
2024-01,All clients,Product E,GBR,VGB,1407549
2024-02,All clients,Product E,GBR,VGB,1237246
2024-03,All clients,Product E,GBR,VGB,1351149
2024-04,All clients,Product E,GBR,VGB,1556646
2024-05,All clients,Product E,GBR,VGB,1645219
2024-06,All clients,Product E,GBR,VGB,1568228
2024-07,All clients,Product E,GBR,VGB,1679843
2024-08,All clients,Product E,GBR,VGB,1960959
2024-09,All clients,Product E,GBR,VGB,1612612
2024-10,All clients,Product E,GBR,VGB,1658160
2024-11,All clients,Product E,GBR,VGB,1766861
2024-12,All clients,Product E,GBR,VGB,1518062
2025-01,All clients,Product E,GBR,VGB,1400532
2025-02,All clients,Product E,GBR,VGB,1486813
2025-03,All clients,Product E,GBR,VGB,1492286
2025-04,All clients,Product E,GBR,VGB,1721422
2025-05,All clients,Product E,GBR,VGB,1817654
2025-06,All clients,Product E,GBR,VGB,1920177
2025-07,All clients,Product E,GBR,VGB,2188079
2025-08,All clients,Product E,GBR,VGB,2145217
2025-09,All clients,Product E,GBR,VGB,2092189
2025-10,All clients,Product E,GBR,VGB,2175894
2025-11,All clients,Product E,GBR,VGB,1700267
2025-12,All clients,Product E,GBR,VGB,1721968
2026-01,All clients,Product E,GBR,VGB,1854526
2026-02,All clients,Product E,GBR,VGB,1761552
2026-03,All clients,Product E,GBR,VGB,2010085
2026-04,All clients,Product E,GBR,VGB,2034187
2026-05,All clients,Product E,GBR,VGB,2136163
2026-06,All clients,Product E,GBR,VGB,2502477
2024-01,All clients,Product E,HKG,BRA,1697016
2024-02,All clients,Product E,HKG,BRA,1497275
2024-03,All clients,Product E,HKG,BRA,1127349
2024-04,All clients,Product E,HKG,BRA,939895
2024-05,All clients,Product E,HKG,BRA,1129182
2024-06,All clients,Product E,HKG,BRA,907487
2024-07,All clients,Product E,HKG,BRA,1540734
2024-08,All clients,Product E,HKG,BRA,1734638
2024-09,All clients,Product E,HKG,BRA,1819936
2024-10,All clients,Product E,HKG,BRA,2049453
2024-11,All clients,Product E,HKG,BRA,2435998
2024-12,All clients,Product E,HKG,BRA,1773133
2025-01,All clients,Product E,HKG,BRA,1278921
2025-02,All clients,Product E,HKG,BRA,1109776
2025-03,All clients,Product E,HKG,BRA,1274583
2025-04,All clients,Product E,HKG,BRA,1256183
2025-05,All clients,Product E,HKG,BRA,1471445
2025-06,All clients,Product E,HKG,BRA,1533832
2025-07,All clients,Product E,HKG,BRA,1695894
2025-08,All clients,Product E,HKG,BRA,1993032
2025-09,All clients,Product E,HKG,BRA,1659214
2025-10,All clients,Product E,HKG,BRA,1970349
2025-11,All clients,Product E,HKG,BRA,1878937
2025-12,All clients,Product E,HKG,BRA,1966399
2026-01,All clients,Product E,HKG,BRA,2082506
2026-02,All clients,Product E,HKG,BRA,1525391
2026-03,All clients,Product E,HKG,BRA,1426060
2026-04,All clients,Product E,HKG,BRA,1640425
2026-05,All clients,Product E,HKG,BRA,1783418
2026-06,All clients,Product E,HKG,BRA,1523156
2024-01,All clients,Product E,HKG,GBR,2047462
2024-02,All clients,Product E,HKG,GBR,1248845
2024-03,All clients,Product E,HKG,GBR,1508312
2024-04,All clients,Product E,HKG,GBR,809148
2024-05,All clients,Product E,HKG,GBR,1070416
2024-06,All clients,Product E,HKG,GBR,952855
2024-07,All clients,Product E,HKG,GBR,1069373
2024-08,All clients,Product E,HKG,GBR,1115813
2024-09,All clients,Product E,HKG,GBR,1460960
2024-10,All clients,Product E,HKG,GBR,1712994
2024-11,All clients,Product E,HKG,GBR,1850300
2024-12,All clients,Product E,HKG,GBR,2084033
2025-01,All clients,Product E,HKG,GBR,1678195
2025-02,All clients,Product E,HKG,GBR,1361207
2025-03,All clients,Product E,HKG,GBR,1658856
2025-04,All clients,Product E,HKG,GBR,870561
2025-05,All clients,Product E,HKG,GBR,726165
2025-06,All clients,Product E,HKG,GBR,1019791
2025-07,All clients,Product E,HKG,GBR,932014
2025-08,All clients,Product E,HKG,GBR,1326830
2025-09,All clients,Product E,HKG,GBR,1820637
2025-10,All clients,Product E,HKG,GBR,1673548
2025-11,All clients,Product E,HKG,GBR,2222512
2025-12,All clients,Product E,HKG,GBR,2018938
2026-01,All clients,Product E,HKG,GBR,1662171
2026-02,All clients,Product E,HKG,GBR,1627465
2026-03,All clients,Product E,HKG,GBR,871233
2026-04,All clients,Product E,HKG,GBR,1101725
2026-05,All clients,Product E,HKG,GBR,809055
2026-06,All clients,Product E,HKG,GBR,1097397
2024-01,All clients,Product E,IND,MEX,2393263
2024-02,All clients,Product E,IND,MEX,1960821
2024-03,All clients,Product E,IND,MEX,2310114
2024-04,All clients,Product E,IND,MEX,3187408
2024-05,All clients,Product E,IND,MEX,4568274
2024-06,All clients,Product E,IND,MEX,3992479
2024-07,All clients,Product E,IND,MEX,3466667
2024-08,All clients,Product E,IND,MEX,3592767
2024-09,All clients,Product E,IND,MEX,2974654
2024-10,All clients,Product E,IND,MEX,2254926
2024-11,All clients,Product E,IND,MEX,1332156
2024-12,All clients,Product E,IND,MEX,1224119
2025-01,All clients,Product E,IND,MEX,1477268
2025-02,All clients,Product E,IND,MEX,2080188
2025-03,All clients,Product E,IND,MEX,2248678
2025-04,All clients,Product E,IND,MEX,2910987
2025-05,All clients,Product E,IND,MEX,2848722
2025-06,All clients,Product E,IND,MEX,4397238
2025-07,All clients,Product E,IND,MEX,3024948
2025-08,All clients,Product E,IND,MEX,2892937
2025-09,All clients,Product E,IND,MEX,1963199
2025-10,All clients,Product E,IND,MEX,2158846
2025-11,All clients,Product E,IND,MEX,1213410
2025-12,All clients,Product E,IND,MEX,1738600
2026-01,All clients,Product E,IND,MEX,1255285
2026-02,All clients,Product E,IND,MEX,1355602
2026-03,All clients,Product E,IND,MEX,2605239
2026-04,All clients,Product E,IND,MEX,3183192
2026-05,All clients,Product E,IND,MEX,2473369
2026-06,All clients,Product E,IND,MEX,3736011
2024-01,All clients,Product E,IND,PAN,1655077
2024-02,All clients,Product E,IND,PAN,1596234
2024-03,All clients,Product E,IND,PAN,2033952
2024-04,All clients,Product E,IND,PAN,2459065
2024-05,All clients,Product E,IND,PAN,2595084
2024-06,All clients,Product E,IND,PAN,2279354
2024-07,All clients,Product E,IND,PAN,2171778
2024-08,All clients,Product E,IND,PAN,2243834
2024-09,All clients,Product E,IND,PAN,1672044
2024-10,All clients,Product E,IND,PAN,1470804
2024-11,All clients,Product E,IND,PAN,1662461
2024-12,All clients,Product E,IND,PAN,1438998
2025-01,All clients,Product E,IND,PAN,1373344
2025-02,All clients,Product E,IND,PAN,1584165
2025-03,All clients,Product E,IND,PAN,2106943
2025-04,All clients,Product E,IND,PAN,2174526
2025-05,All clients,Product E,IND,PAN,2910335
2025-06,All clients,Product E,IND,PAN,2469490
2025-07,All clients,Product E,IND,PAN,2756200
2025-08,All clients,Product E,IND,PAN,2622797
2025-09,All clients,Product E,IND,PAN,1847353
2025-10,All clients,Product E,IND,PAN,1705797
2025-11,All clients,Product E,IND,PAN,1804233
2025-12,All clients,Product E,IND,PAN,1445478
2026-01,All clients,Product E,IND,PAN,1916199
2026-02,All clients,Product E,IND,PAN,1892392
2026-03,All clients,Product E,IND,PAN,2262565
2026-04,All clients,Product E,IND,PAN,2379355
2026-05,All clients,Product E,IND,PAN,2619686
2026-06,All clients,Product E,IND,PAN,2602934
2024-01,All clients,Product E,IND,POL,3179233
2024-02,All clients,Product E,IND,POL,3611248
2024-03,All clients,Product E,IND,POL,3586396
2024-04,All clients,Product E,IND,POL,4790930
2024-05,All clients,Product E,IND,POL,4057248
2024-06,All clients,Product E,IND,POL,5187310
2024-07,All clients,Product E,IND,POL,5330330
2024-08,All clients,Product E,IND,POL,6038307
2024-09,All clients,Product E,IND,POL,4024201
2024-10,All clients,Product E,IND,POL,2856003
2024-11,All clients,Product E,IND,POL,3202801
2024-12,All clients,Product E,IND,POL,3123553
2025-01,All clients,Product E,IND,POL,2176623
2025-02,All clients,Product E,IND,POL,3467236
2025-03,All clients,Product E,IND,POL,5359031
2025-04,All clients,Product E,IND,POL,5415691
2025-05,All clients,Product E,IND,POL,7502661
2025-06,All clients,Product E,IND,POL,6191986
2025-07,All clients,Product E,IND,POL,5052438
2025-08,All clients,Product E,IND,POL,5863893
2025-09,All clients,Product E,IND,POL,3542375
2025-10,All clients,Product E,IND,POL,3786647
2025-11,All clients,Product E,IND,POL,2619509
2025-12,All clients,Product E,IND,POL,3106923
2026-01,All clients,Product E,IND,POL,3683890
2026-02,All clients,Product E,IND,POL,4662836
2026-03,All clients,Product E,IND,POL,5538959
2026-04,All clients,Product E,IND,POL,7016904
2026-05,All clients,Product E,IND,POL,5856937
2026-06,All clients,Product E,IND,POL,8291434
2024-01,All clients,Product E,IND,ZAF,3638982
2024-02,All clients,Product E,IND,ZAF,2864440
2024-03,All clients,Product E,IND,ZAF,2590326
2024-04,All clients,Product E,IND,ZAF,3020460
2024-05,All clients,Product E,IND,ZAF,2756796
2024-06,All clients,Product E,IND,ZAF,2342098
2024-07,All clients,Product E,IND,ZAF,2719061
2024-08,All clients,Product E,IND,ZAF,2595695
2024-09,All clients,Product E,IND,ZAF,2774467
2024-10,All clients,Product E,IND,ZAF,2909338
2024-11,All clients,Product E,IND,ZAF,3123074
2024-12,All clients,Product E,IND,ZAF,2768919
2025-01,All clients,Product E,IND,ZAF,3238736
2025-02,All clients,Product E,IND,ZAF,3712824
2025-03,All clients,Product E,IND,ZAF,3518258
2025-04,All clients,Product E,IND,ZAF,3510199
2025-05,All clients,Product E,IND,ZAF,3769571
2025-06,All clients,Product E,IND,ZAF,2742212
2025-07,All clients,Product E,IND,ZAF,3321895
2025-08,All clients,Product E,IND,ZAF,2456541
2025-09,All clients,Product E,IND,ZAF,3233381
2025-10,All clients,Product E,IND,ZAF,2796043
2025-11,All clients,Product E,IND,ZAF,2887234
2025-12,All clients,Product E,IND,ZAF,2585990
2026-01,All clients,Product E,IND,ZAF,3717444
2026-02,All clients,Product E,IND,ZAF,4834897
2026-03,All clients,Product E,IND,ZAF,3964571
2026-04,All clients,Product E,IND,ZAF,4377757
2026-05,All clients,Product E,IND,ZAF,3204970
2026-06,All clients,Product E,IND,ZAF,2274683
2024-01,All clients,Product E,IRL,BRA,607192
2024-02,All clients,Product E,IRL,BRA,917187
2024-03,All clients,Product E,IRL,BRA,1174108
2024-04,All clients,Product E,IRL,BRA,998256
2024-05,All clients,Product E,IRL,BRA,1187287
2024-06,All clients,Product E,IRL,BRA,931221
2024-07,All clients,Product E,IRL,BRA,1045666
2024-08,All clients,Product E,IRL,BRA,1187383
2024-09,All clients,Product E,IRL,BRA,1214877
2024-10,All clients,Product E,IRL,BRA,726205
2024-11,All clients,Product E,IRL,BRA,680724
2024-12,All clients,Product E,IRL,BRA,797944
2025-01,All clients,Product E,IRL,BRA,767351
2025-02,All clients,Product E,IRL,BRA,680145
2025-03,All clients,Product E,IRL,BRA,1253420
2025-04,All clients,Product E,IRL,BRA,1381058
2025-05,All clients,Product E,IRL,BRA,1265026
2025-06,All clients,Product E,IRL,BRA,1176592
2025-07,All clients,Product E,IRL,BRA,1055958
2025-08,All clients,Product E,IRL,BRA,1162327
2025-09,All clients,Product E,IRL,BRA,825959
2025-10,All clients,Product E,IRL,BRA,985424
2025-11,All clients,Product E,IRL,BRA,685545
2025-12,All clients,Product E,IRL,BRA,672324
2026-01,All clients,Product E,IRL,BRA,651047
2026-02,All clients,Product E,IRL,BRA,577313
2026-03,All clients,Product E,IRL,BRA,878098
2026-04,All clients,Product E,IRL,BRA,1294907
2026-05,All clients,Product E,IRL,BRA,1185578
2026-06,All clients,Product E,IRL,BRA,1510239
2024-01,All clients,Product E,IRL,JPN,769623
2024-02,All clients,Product E,IRL,JPN,427715
2024-03,All clients,Product E,IRL,JPN,518361
2024-04,All clients,Product E,IRL,JPN,501223
2024-05,All clients,Product E,IRL,JPN,412950
2024-06,All clients,Product E,IRL,JPN,361127
2024-07,All clients,Product E,IRL,JPN,400494
2024-08,All clients,Product E,IRL,JPN,544583
2024-09,All clients,Product E,IRL,JPN,727586
2024-10,All clients,Product E,IRL,JPN,518274
2024-11,All clients,Product E,IRL,JPN,511114
2024-12,All clients,Product E,IRL,JPN,484236
2025-01,All clients,Product E,IRL,JPN,568682
2025-02,All clients,Product E,IRL,JPN,741197
2025-03,All clients,Product E,IRL,JPN,340979
2025-04,All clients,Product E,IRL,JPN,480272
2025-05,All clients,Product E,IRL,JPN,506727
2025-06,All clients,Product E,IRL,JPN,449885
2025-07,All clients,Product E,IRL,JPN,477741
2025-08,All clients,Product E,IRL,JPN,663052
2025-09,All clients,Product E,IRL,JPN,527358
2025-10,All clients,Product E,IRL,JPN,419742
2025-11,All clients,Product E,IRL,JPN,632800
2025-12,All clients,Product E,IRL,JPN,769468
2026-01,All clients,Product E,IRL,JPN,623075
2026-02,All clients,Product E,IRL,JPN,515558
2026-03,All clients,Product E,IRL,JPN,531885
2026-04,All clients,Product E,IRL,JPN,401029
2026-05,All clients,Product E,IRL,JPN,391146
2026-06,All clients,Product E,IRL,JPN,408903
2024-01,All clients,Product E,ITA,GBR,821499
2024-02,All clients,Product E,ITA,GBR,620526
2024-03,All clients,Product E,ITA,GBR,638349
2024-04,All clients,Product E,ITA,GBR,704327
2024-05,All clients,Product E,ITA,GBR,851303
2024-06,All clients,Product E,ITA,GBR,878701
2024-07,All clients,Product E,ITA,GBR,1029647
2024-08,All clients,Product E,ITA,GBR,1187974
2024-09,All clients,Product E,ITA,GBR,1142094
2024-10,All clients,Product E,ITA,GBR,987080
2024-11,All clients,Product E,ITA,GBR,962573
2024-12,All clients,Product E,ITA,GBR,860933
2025-01,All clients,Product E,ITA,GBR,733181
2025-02,All clients,Product E,ITA,GBR,755900
2025-03,All clients,Product E,ITA,GBR,771177
2025-04,All clients,Product E,ITA,GBR,758143
2025-05,All clients,Product E,ITA,GBR,863278
2025-06,All clients,Product E,ITA,GBR,914575
2025-07,All clients,Product E,ITA,GBR,963900
2025-08,All clients,Product E,ITA,GBR,1035244
2025-09,All clients,Product E,ITA,GBR,1125652
2025-10,All clients,Product E,ITA,GBR,1201199
2025-11,All clients,Product E,ITA,GBR,1060660
2025-12,All clients,Product E,ITA,GBR,803716
2026-01,All clients,Product E,ITA,GBR,782968
2026-02,All clients,Product E,ITA,GBR,780309
2026-03,All clients,Product E,ITA,GBR,702750
2026-04,All clients,Product E,ITA,GBR,777194
2026-05,All clients,Product E,ITA,GBR,839533
2026-06,All clients,Product E,ITA,GBR,974661
2024-01,All clients,Product E,JPN,CHE,1456054
2024-02,All clients,Product E,JPN,CHE,1618022
2024-03,All clients,Product E,JPN,CHE,1474749
2024-04,All clients,Product E,JPN,CHE,1280726
2024-05,All clients,Product E,JPN,CHE,1008057
2024-06,All clients,Product E,JPN,CHE,1012864
2024-07,All clients,Product E,JPN,CHE,618770
2024-08,All clients,Product E,JPN,CHE,815856
2024-09,All clients,Product E,JPN,CHE,1004832
2024-10,All clients,Product E,JPN,CHE,1041531
2024-11,All clients,Product E,JPN,CHE,1398799
2024-12,All clients,Product E,JPN,CHE,1001279
2025-01,All clients,Product E,JPN,CHE,1072295
2025-02,All clients,Product E,JPN,CHE,1702995
2025-03,All clients,Product E,JPN,CHE,1180592
2025-04,All clients,Product E,JPN,CHE,1139100
2025-05,All clients,Product E,JPN,CHE,1342504
2025-06,All clients,Product E,JPN,CHE,1138247
2025-07,All clients,Product E,JPN,CHE,797313
2025-08,All clients,Product E,JPN,CHE,913250
2025-09,All clients,Product E,JPN,CHE,921776
2025-10,All clients,Product E,JPN,CHE,1202000
2025-11,All clients,Product E,JPN,CHE,1357806
2025-12,All clients,Product E,JPN,CHE,1418563
2026-01,All clients,Product E,JPN,CHE,1333335
2026-02,All clients,Product E,JPN,CHE,1123028
2026-03,All clients,Product E,JPN,CHE,1273785
2026-04,All clients,Product E,JPN,CHE,1206484
2026-05,All clients,Product E,JPN,CHE,1084981
2026-06,All clients,Product E,JPN,CHE,777675
2024-01,All clients,Product E,JPN,HKG,5273451
2024-02,All clients,Product E,JPN,HKG,3431086
2024-03,All clients,Product E,JPN,HKG,3385916
2024-04,All clients,Product E,JPN,HKG,2823516
2024-05,All clients,Product E,JPN,HKG,3192366
2024-06,All clients,Product E,JPN,HKG,3304097
2024-07,All clients,Product E,JPN,HKG,5875418
2024-08,All clients,Product E,JPN,HKG,5661673
2024-09,All clients,Product E,JPN,HKG,5535978
2024-10,All clients,Product E,JPN,HKG,6130776
2024-11,All clients,Product E,JPN,HKG,4883556
2024-12,All clients,Product E,JPN,HKG,6065182
2025-01,All clients,Product E,JPN,HKG,3847288
2025-02,All clients,Product E,JPN,HKG,3854319
2025-03,All clients,Product E,JPN,HKG,3047825
2025-04,All clients,Product E,JPN,HKG,3218706
2025-05,All clients,Product E,JPN,HKG,4810980
2025-06,All clients,Product E,JPN,HKG,3257672
2025-07,All clients,Product E,JPN,HKG,5413176
2025-08,All clients,Product E,JPN,HKG,4808044
2025-09,All clients,Product E,JPN,HKG,5400004
2025-10,All clients,Product E,JPN,HKG,4552348
2025-11,All clients,Product E,JPN,HKG,5439017
2025-12,All clients,Product E,JPN,HKG,3679076
2026-01,All clients,Product E,JPN,HKG,5638226
2026-02,All clients,Product E,JPN,HKG,3910401
2026-03,All clients,Product E,JPN,HKG,4066013
2026-04,All clients,Product E,JPN,HKG,3378409
2026-05,All clients,Product E,JPN,HKG,3999690
2026-06,All clients,Product E,JPN,HKG,3951204
2024-01,All clients,Product E,JPN,KOR,2779726
2024-02,All clients,Product E,JPN,KOR,3024981
2024-03,All clients,Product E,JPN,KOR,2708689
2024-04,All clients,Product E,JPN,KOR,2059421
2024-05,All clients,Product E,JPN,KOR,2014201
2024-06,All clients,Product E,JPN,KOR,1643145
2024-07,All clients,Product E,JPN,KOR,1870748
2024-08,All clients,Product E,JPN,KOR,1553936
2024-09,All clients,Product E,JPN,KOR,2033078
2024-10,All clients,Product E,JPN,KOR,2555513
2024-11,All clients,Product E,JPN,KOR,2569168
2024-12,All clients,Product E,JPN,KOR,2684127
2025-01,All clients,Product E,JPN,KOR,2530304
2025-02,All clients,Product E,JPN,KOR,3235644
2025-03,All clients,Product E,JPN,KOR,2542670
2025-04,All clients,Product E,JPN,KOR,2075154
2025-05,All clients,Product E,JPN,KOR,2218800
2025-06,All clients,Product E,JPN,KOR,1669946
2025-07,All clients,Product E,JPN,KOR,1846084
2025-08,All clients,Product E,JPN,KOR,1664088
2025-09,All clients,Product E,JPN,KOR,2105078
2025-10,All clients,Product E,JPN,KOR,2506521
2025-11,All clients,Product E,JPN,KOR,2911844
2025-12,All clients,Product E,JPN,KOR,3358417
2026-01,All clients,Product E,JPN,KOR,3063880
2026-02,All clients,Product E,JPN,KOR,2907701
2026-03,All clients,Product E,JPN,KOR,2504127
2026-04,All clients,Product E,JPN,KOR,2345008
2026-05,All clients,Product E,JPN,KOR,2518965
2026-06,All clients,Product E,JPN,KOR,2189654
2024-01,All clients,Product E,JPN,NLD,2986474
2024-02,All clients,Product E,JPN,NLD,2219910
2024-03,All clients,Product E,JPN,NLD,2849767
2024-04,All clients,Product E,JPN,NLD,2566825
2024-05,All clients,Product E,JPN,NLD,1807005
2024-06,All clients,Product E,JPN,NLD,1702156
2024-07,All clients,Product E,JPN,NLD,3381823
2024-08,All clients,Product E,JPN,NLD,4034974
2024-09,All clients,Product E,JPN,NLD,3342609
2024-10,All clients,Product E,JPN,NLD,3158046
2024-11,All clients,Product E,JPN,NLD,3894251
2024-12,All clients,Product E,JPN,NLD,4637127
2025-01,All clients,Product E,JPN,NLD,4543194
2025-02,All clients,Product E,JPN,NLD,3065293
2025-03,All clients,Product E,JPN,NLD,2419521
2025-04,All clients,Product E,JPN,NLD,2319461
2025-05,All clients,Product E,JPN,NLD,3237649
2025-06,All clients,Product E,JPN,NLD,2103146
2025-07,All clients,Product E,JPN,NLD,2544375
2025-08,All clients,Product E,JPN,NLD,3314313
2025-09,All clients,Product E,JPN,NLD,3915614
2025-10,All clients,Product E,JPN,NLD,4216587
2025-11,All clients,Product E,JPN,NLD,3750384
2025-12,All clients,Product E,JPN,NLD,4006209
2026-01,All clients,Product E,JPN,NLD,4340624
2026-02,All clients,Product E,JPN,NLD,4295570
2026-03,All clients,Product E,JPN,NLD,2331654
2026-04,All clients,Product E,JPN,NLD,2682860
2026-05,All clients,Product E,JPN,NLD,2969129
2026-06,All clients,Product E,JPN,NLD,2372121
2024-01,All clients,Product E,JPN,SWE,2019346
2024-02,All clients,Product E,JPN,SWE,2954766
2024-03,All clients,Product E,JPN,SWE,1636340
2024-04,All clients,Product E,JPN,SWE,2085195
2024-05,All clients,Product E,JPN,SWE,1989092
2024-06,All clients,Product E,JPN,SWE,1614986
2024-07,All clients,Product E,JPN,SWE,1536681
2024-08,All clients,Product E,JPN,SWE,2278794
2024-09,All clients,Product E,JPN,SWE,2401117
2024-10,All clients,Product E,JPN,SWE,2351610
2024-11,All clients,Product E,JPN,SWE,2099275
2024-12,All clients,Product E,JPN,SWE,3079900
2025-01,All clients,Product E,JPN,SWE,2743952
2025-02,All clients,Product E,JPN,SWE,2769722
2025-03,All clients,Product E,JPN,SWE,2086354
2025-04,All clients,Product E,JPN,SWE,2241136
2025-05,All clients,Product E,JPN,SWE,2086714
2025-06,All clients,Product E,JPN,SWE,1836400
2025-07,All clients,Product E,JPN,SWE,2121734
2025-08,All clients,Product E,JPN,SWE,2137889
2025-09,All clients,Product E,JPN,SWE,2929854
2025-10,All clients,Product E,JPN,SWE,2518695
2025-11,All clients,Product E,JPN,SWE,2242683
2025-12,All clients,Product E,JPN,SWE,2520427
2026-01,All clients,Product E,JPN,SWE,2340542
2026-02,All clients,Product E,JPN,SWE,2089549
2026-03,All clients,Product E,JPN,SWE,1989849
2026-04,All clients,Product E,JPN,SWE,2089737
2026-05,All clients,Product E,JPN,SWE,1590900
2026-06,All clients,Product E,JPN,SWE,2093708
2024-01,All clients,Product E,KOR,LUX,2549981
2024-02,All clients,Product E,KOR,LUX,3064967
2024-03,All clients,Product E,KOR,LUX,2722902
2024-04,All clients,Product E,KOR,LUX,2600811
2024-05,All clients,Product E,KOR,LUX,2004126
2024-06,All clients,Product E,KOR,LUX,1950886
2024-07,All clients,Product E,KOR,LUX,1552655
2024-08,All clients,Product E,KOR,LUX,1267904
2024-09,All clients,Product E,KOR,LUX,1217259
2024-10,All clients,Product E,KOR,LUX,1571481
2024-11,All clients,Product E,KOR,LUX,1895686
2024-12,All clients,Product E,KOR,LUX,2128235
2025-01,All clients,Product E,KOR,LUX,2791599
2025-02,All clients,Product E,KOR,LUX,2670229
2025-03,All clients,Product E,KOR,LUX,2901667
2025-04,All clients,Product E,KOR,LUX,2108556
2025-05,All clients,Product E,KOR,LUX,2166078
2025-06,All clients,Product E,KOR,LUX,1625825
2025-07,All clients,Product E,KOR,LUX,1297533
2025-08,All clients,Product E,KOR,LUX,1159734
2025-09,All clients,Product E,KOR,LUX,1423081
2025-10,All clients,Product E,KOR,LUX,1580100
2025-11,All clients,Product E,KOR,LUX,1715137
2025-12,All clients,Product E,KOR,LUX,2027429
2026-01,All clients,Product E,KOR,LUX,2383334
2026-02,All clients,Product E,KOR,LUX,2403923
2026-03,All clients,Product E,KOR,LUX,2253675
2026-04,All clients,Product E,KOR,LUX,2174995
2026-05,All clients,Product E,KOR,LUX,2224214
2026-06,All clients,Product E,KOR,LUX,1547967
2024-01,All clients,Product E,NLD,THA,2411182
2024-02,All clients,Product E,NLD,THA,2238374
2024-03,All clients,Product E,NLD,THA,2803226
2024-04,All clients,Product E,NLD,THA,2178611
2024-05,All clients,Product E,NLD,THA,2205175
2024-06,All clients,Product E,NLD,THA,1998619
2024-07,All clients,Product E,NLD,THA,1566796
2024-08,All clients,Product E,NLD,THA,1802849
2024-09,All clients,Product E,NLD,THA,1937580
2024-10,All clients,Product E,NLD,THA,1799595
2024-11,All clients,Product E,NLD,THA,1870249
2024-12,All clients,Product E,NLD,THA,2097035
2025-01,All clients,Product E,NLD,THA,2176604
2025-02,All clients,Product E,NLD,THA,2705021
2025-03,All clients,Product E,NLD,THA,2283227
2025-04,All clients,Product E,NLD,THA,2228893
2025-05,All clients,Product E,NLD,THA,1718784
2025-06,All clients,Product E,NLD,THA,1853976
2025-07,All clients,Product E,NLD,THA,1662528
2025-08,All clients,Product E,NLD,THA,1638651
2025-09,All clients,Product E,NLD,THA,1503470
2025-10,All clients,Product E,NLD,THA,1649716
2025-11,All clients,Product E,NLD,THA,2088436
2025-12,All clients,Product E,NLD,THA,1820668
2026-01,All clients,Product E,NLD,THA,1928937
2026-02,All clients,Product E,NLD,THA,2172923
2026-03,All clients,Product E,NLD,THA,2028428
2026-04,All clients,Product E,NLD,THA,1986899
2026-05,All clients,Product E,NLD,THA,1667110
2026-06,All clients,Product E,NLD,THA,1521534
2024-01,All clients,Product E,USA,BRA,5260390
2024-02,All clients,Product E,USA,BRA,4134516
2024-03,All clients,Product E,USA,BRA,4685884
2024-04,All clients,Product E,USA,BRA,3555736
2024-05,All clients,Product E,USA,BRA,2867483
2024-06,All clients,Product E,USA,BRA,2444050
2024-07,All clients,Product E,USA,BRA,3228037
2024-08,All clients,Product E,USA,BRA,2384862
2024-09,All clients,Product E,USA,BRA,4088914
2024-10,All clients,Product E,USA,BRA,3756781
2024-11,All clients,Product E,USA,BRA,3697720
2024-12,All clients,Product E,USA,BRA,4372623
2025-01,All clients,Product E,USA,BRA,4867580
2025-02,All clients,Product E,USA,BRA,4648279
2025-03,All clients,Product E,USA,BRA,3199662
2025-04,All clients,Product E,USA,BRA,2818060
2025-05,All clients,Product E,USA,BRA,2913735
2025-06,All clients,Product E,USA,BRA,3145534
2025-07,All clients,Product E,USA,BRA,3227318
2025-08,All clients,Product E,USA,BRA,3032960
2025-09,All clients,Product E,USA,BRA,3019850
2025-10,All clients,Product E,USA,BRA,3060785
2025-11,All clients,Product E,USA,BRA,3117661
2025-12,All clients,Product E,USA,BRA,3519680
2026-01,All clients,Product E,USA,BRA,3557858
2026-02,All clients,Product E,USA,BRA,4638770
2026-03,All clients,Product E,USA,BRA,3542766
2026-04,All clients,Product E,USA,BRA,3028015
2026-05,All clients,Product E,USA,BRA,3389146
2026-06,All clients,Product E,USA,BRA,3232460
2024-01,All clients,Product E,USA,FIN,1877921
2024-02,All clients,Product E,USA,FIN,2155773
2024-03,All clients,Product E,USA,FIN,2137678
2024-04,All clients,Product E,USA,FIN,2174832
2024-05,All clients,Product E,USA,FIN,2042384
2024-06,All clients,Product E,USA,FIN,1865307
2024-07,All clients,Product E,USA,FIN,1809499
2024-08,All clients,Product E,USA,FIN,1818123
2024-09,All clients,Product E,USA,FIN,1856711
2024-10,All clients,Product E,USA,FIN,1605483
2024-11,All clients,Product E,USA,FIN,1710300
2024-12,All clients,Product E,USA,FIN,1609311
2025-01,All clients,Product E,USA,FIN,1842014
2025-02,All clients,Product E,USA,FIN,1908678
2025-03,All clients,Product E,USA,FIN,1931652
2025-04,All clients,Product E,USA,FIN,2387105
2025-05,All clients,Product E,USA,FIN,1986812
2025-06,All clients,Product E,USA,FIN,2266882
2025-07,All clients,Product E,USA,FIN,1827190
2025-08,All clients,Product E,USA,FIN,1821923
2025-09,All clients,Product E,USA,FIN,1737767
2025-10,All clients,Product E,USA,FIN,1743938
2025-11,All clients,Product E,USA,FIN,1453566
2025-12,All clients,Product E,USA,FIN,1626683
2026-01,All clients,Product E,USA,FIN,1669977
2026-02,All clients,Product E,USA,FIN,1720163
2026-03,All clients,Product E,USA,FIN,1957367
2026-04,All clients,Product E,USA,FIN,1941161
2026-05,All clients,Product E,USA,FIN,2357173
2026-06,All clients,Product E,USA,FIN,1871435
2024-01,All clients,Product E,ZAF,MLT,1010165
2024-02,All clients,Product E,ZAF,MLT,930825
2024-03,All clients,Product E,ZAF,MLT,1253771
2024-04,All clients,Product E,ZAF,MLT,1120015
2024-05,All clients,Product E,ZAF,MLT,1169867
2024-06,All clients,Product E,ZAF,MLT,1328701
2024-07,All clients,Product E,ZAF,MLT,1077314
2024-08,All clients,Product E,ZAF,MLT,992860
2024-09,All clients,Product E,ZAF,MLT,1017035
2024-10,All clients,Product E,ZAF,MLT,901765
2024-11,All clients,Product E,ZAF,MLT,790040
2024-12,All clients,Product E,ZAF,MLT,897256
2025-01,All clients,Product E,ZAF,MLT,886897
2025-02,All clients,Product E,ZAF,MLT,1026942
2025-03,All clients,Product E,ZAF,MLT,1146483
2025-04,All clients,Product E,ZAF,MLT,1219187
2025-05,All clients,Product E,ZAF,MLT,1310760
2025-06,All clients,Product E,ZAF,MLT,1116468
2025-07,All clients,Product E,ZAF,MLT,1176096
2025-08,All clients,Product E,ZAF,MLT,980922
2025-09,All clients,Product E,ZAF,MLT,920078
2025-10,All clients,Product E,ZAF,MLT,738090
2025-11,All clients,Product E,ZAF,MLT,752969
2025-12,All clients,Product E,ZAF,MLT,733404
2026-01,All clients,Product E,ZAF,MLT,957081
2026-02,All clients,Product E,ZAF,MLT,927606
2026-03,All clients,Product E,ZAF,MLT,1074419
2026-04,All clients,Product E,ZAF,MLT,1197522
2026-05,All clients,Product E,ZAF,MLT,1078183
2026-06,All clients,Product E,ZAF,MLT,1263463
